[     331ms] [LOG] Live reload enabled. @ http://localhost:5500/:266
[     656ms] [ERROR] Failed to load resource: the server responded with a status of 404 (Not Found) @ http://localhost:5500/favicon.ico:0
[    5467ms] [ERROR] Failed to load resource: the server responded with a status of 404 () @ https://pokeapi.co/api/v2/pokemon-species/10009/:0
[    5495ms] [ERROR] Failed to load resource: the server responded with a status of 404 () @ https://pokeapi.co/api/v2/pokemon-species/10010/:0
[    5952ms] [ERROR] Failed to load resource: the server responded with a status of 404 () @ https://pokeapi.co/api/v2/pokemon-species/10015/:0
[    6693ms] [ERROR] Failed to load resource: the server responded with a status of 404 () @ https://pokeapi.co/api/v2/pokemon-species/10003/:0
[    6732ms] [ERROR] Failed to load resource: the server responded with a status of 404 () @ https://pokeapi.co/api/v2/pokemon-species/10004/:0
[    6758ms] [ERROR] Failed to load resource: the server responded with a status of 404 () @ https://pokeapi.co/api/v2/pokemon-species/10007/:0
[    6764ms] [ERROR] Failed to load resource: the server responded with a status of 404 () @ https://pokeapi.co/api/v2/pokemon-species/10001/:0
[    6818ms] [ERROR] Failed to load resource: the server responded with a status of 404 () @ https://pokeapi.co/api/v2/pokemon-species/10013/:0
[    6828ms] [ERROR] Failed to load resource: the server responded with a status of 404 () @ https://pokeapi.co/api/v2/pokemon-species/10006/:0
[    6855ms] [ERROR] Failed to load resource: the server responded with a status of 404 () @ https://pokeapi.co/api/v2/pokemon-species/10012/:0
[    6884ms] [ERROR] Failed to load resource: the server responded with a status of 404 () @ https://pokeapi.co/api/v2/pokemon-species/10011/:0
[    6884ms] [ERROR] Failed to load resource: the server responded with a status of 404 () @ https://pokeapi.co/api/v2/pokemon-species/10002/:0
[    6889ms] [ERROR] Failed to load resource: the server responded with a status of 404 () @ https://pokeapi.co/api/v2/pokemon-species/10008/:0
[    6948ms] [ERROR] Failed to load resource: the server responded with a status of 404 () @ https://pokeapi.co/api/v2/pokemon-species/10014/:0
[    7231ms] [ERROR] Failed to load resource: the server responded with a status of 404 () @ https://pokeapi.co/api/v2/pokemon-species/10005/:0
[    7375ms] [ERROR] Failed to load resource: the server responded with a status of 404 () @ https://pokeapi.co/api/v2/pokemon-species/10032/:0
[    7790ms] [ERROR] Failed to load resource: the server responded with a status of 404 () @ https://pokeapi.co/api/v2/pokemon-species/10021/:0
[    8682ms] [ERROR] Failed to load resource: the server responded with a status of 404 () @ https://pokeapi.co/api/v2/pokemon-species/10035/:0
[    8703ms] [ERROR] Failed to load resource: the server responded with a status of 404 () @ https://pokeapi.co/api/v2/pokemon-species/10024/:0
[    8704ms] [ERROR] Failed to load resource: the server responded with a status of 404 () @ https://pokeapi.co/api/v2/pokemon-species/10020/:0
[    8741ms] [ERROR] Failed to load resource: the server responded with a status of 404 () @ https://pokeapi.co/api/v2/pokemon-species/10018/:0
[    8741ms] [ERROR] Failed to load resource: the server responded with a status of 404 () @ https://pokeapi.co/api/v2/pokemon-species/10034/:0
[    8809ms] [ERROR] Failed to load resource: the server responded with a status of 404 () @ https://pokeapi.co/api/v2/pokemon-species/10033/:0
[    8809ms] [ERROR] Failed to load resource: the server responded with a status of 404 () @ https://pokeapi.co/api/v2/pokemon-species/10025/:0
[    8811ms] [ERROR] Failed to load resource: the server responded with a status of 404 () @ https://pokeapi.co/api/v2/pokemon-species/10028/:0
[    8919ms] [ERROR] Failed to load resource: the server responded with a status of 404 () @ https://pokeapi.co/api/v2/pokemon-species/10017/:0
[    8922ms] [ERROR] Failed to load resource: the server responded with a status of 404 () @ https://pokeapi.co/api/v2/pokemon-species/10019/:0
[    8943ms] [ERROR] Failed to load resource: the server responded with a status of 404 () @ https://pokeapi.co/api/v2/pokemon-species/10026/:0
[    8949ms] [ERROR] Failed to load resource: the server responded with a status of 404 () @ https://pokeapi.co/api/v2/pokemon-species/10027/:0
[    8972ms] [ERROR] Failed to load resource: the server responded with a status of 404 () @ https://pokeapi.co/api/v2/pokemon-species/10030/:0
[    9005ms] [ERROR] Failed to load resource: the server responded with a status of 404 () @ https://pokeapi.co/api/v2/pokemon-species/10023/:0
[    9078ms] [ERROR] Failed to load resource: the server responded with a status of 404 () @ https://pokeapi.co/api/v2/pokemon-species/10022/:0
[    9083ms] [ERROR] Failed to load resource: the server responded with a status of 404 () @ https://pokeapi.co/api/v2/pokemon-species/10031/:0
[    9136ms] [ERROR] Failed to load resource: the server responded with a status of 404 () @ https://pokeapi.co/api/v2/pokemon-species/10016/:0
[   28455ms] [ERROR] Failed to load resource: the server responded with a status of 404 () @ https://pokeapi.co/api/v2/pokemon-species/10029/:0
[   28572ms] [ERROR] Failed to load resource: the server responded with a status of 404 () @ https://pokeapi.co/api/v2/pokemon-species/10036/:0
[   29154ms] [ERROR] Failed to load resource: the server responded with a status of 404 () @ https://pokeapi.co/api/v2/pokemon-species/10050/:0
[   29885ms] [ERROR] Failed to load resource: the server responded with a status of 404 () @ https://pokeapi.co/api/v2/pokemon-species/10054/:0
[   29909ms] [ERROR] Failed to load resource: the server responded with a status of 404 () @ https://pokeapi.co/api/v2/pokemon-species/10051/:0
[   29933ms] [ERROR] Failed to load resource: the server responded with a status of 404 () @ https://pokeapi.co/api/v2/pokemon-species/10040/:0
[   29940ms] [ERROR] Failed to load resource: the server responded with a status of 404 () @ https://pokeapi.co/api/v2/pokemon-species/10043/:0
[   29989ms] [ERROR] Failed to load resource: the server responded with a status of 404 () @ https://pokeapi.co/api/v2/pokemon-species/10044/:0
[   29998ms] [ERROR] Failed to load resource: the server responded with a status of 404 () @ https://pokeapi.co/api/v2/pokemon-species/10045/:0
[   30002ms] [ERROR] Failed to load resource: the server responded with a status of 404 () @ https://pokeapi.co/api/v2/pokemon-species/10041/:0
[   30082ms] [ERROR] Failed to load resource: the server responded with a status of 404 () @ https://pokeapi.co/api/v2/pokemon-species/10053/:0
[   30082ms] [ERROR] Failed to load resource: the server responded with a status of 404 () @ https://pokeapi.co/api/v2/pokemon-species/10038/:0
[   30119ms] [ERROR] Failed to load resource: the server responded with a status of 404 () @ https://pokeapi.co/api/v2/pokemon-species/10039/:0
[   30173ms] [ERROR] Failed to load resource: the server responded with a status of 404 () @ https://pokeapi.co/api/v2/pokemon-species/10048/:0
[   30242ms] [ERROR] Failed to load resource: the server responded with a status of 404 () @ https://pokeapi.co/api/v2/pokemon-species/10055/:0
[   31127ms] [ERROR] Failed to load resource: the server responded with a status of 404 () @ https://pokeapi.co/api/v2/pokemon-species/10052/:0
[   31323ms] [ERROR] Failed to load resource: the server responded with a status of 404 () @ https://pokeapi.co/api/v2/pokemon-species/10047/:0
[   31514ms] [ERROR] Failed to load resource: the server responded with a status of 404 () @ https://pokeapi.co/api/v2/pokemon-species/10049/:0
[   31574ms] [ERROR] Failed to load resource: the server responded with a status of 404 () @ https://pokeapi.co/api/v2/pokemon-species/10046/:0
[   31882ms] [ERROR] Failed to load resource: the server responded with a status of 404 () @ https://pokeapi.co/api/v2/pokemon-species/10042/:0
[   32038ms] [ERROR] Failed to load resource: the server responded with a status of 404 () @ https://pokeapi.co/api/v2/pokemon-species/10037/:0
[   32218ms] [ERROR] Failed to load resource: the server responded with a status of 404 () @ https://pokeapi.co/api/v2/pokemon-species/10063/:0
[   32218ms] [ERROR] Failed to load resource: the server responded with a status of 404 () @ https://pokeapi.co/api/v2/pokemon-species/10070/:0
[   32248ms] [ERROR] Failed to load resource: the server responded with a status of 404 () @ https://pokeapi.co/api/v2/pokemon-species/10066/:0
[   32254ms] [ERROR] Failed to load resource: the server responded with a status of 404 () @ https://pokeapi.co/api/v2/pokemon-species/10072/:0
[   32277ms] [ERROR] Failed to load resource: the server responded with a status of 404 () @ https://pokeapi.co/api/v2/pokemon-species/10071/:0
[   32424ms] [ERROR] Failed to load resource: the server responded with a status of 404 () @ https://pokeapi.co/api/v2/pokemon-species/10068/:0
[   32425ms] [ERROR] Failed to load resource: the server responded with a status of 404 () @ https://pokeapi.co/api/v2/pokemon-species/10075/:0
[   33442ms] [ERROR] Failed to load resource: the server responded with a status of 404 () @ https://pokeapi.co/api/v2/pokemon-species/10073/:0
[   33472ms] [ERROR] Failed to load resource: the server responded with a status of 404 () @ https://pokeapi.co/api/v2/pokemon-species/10056/:0
[   33479ms] [ERROR] Failed to load resource: the server responded with a status of 404 () @ https://pokeapi.co/api/v2/pokemon-species/10065/:0
[   33489ms] [ERROR] Failed to load resource: the server responded with a status of 404 () @ https://pokeapi.co/api/v2/pokemon-species/10064/:0
[   33507ms] [ERROR] Failed to load resource: the server responded with a status of 404 () @ https://pokeapi.co/api/v2/pokemon-species/10058/:0
[   33519ms] [ERROR] Failed to load resource: the server responded with a status of 404 () @ https://pokeapi.co/api/v2/pokemon-species/10060/:0
[   33542ms] [ERROR] Failed to load resource: the server responded with a status of 404 () @ https://pokeapi.co/api/v2/pokemon-species/10067/:0
[   33572ms] [ERROR] Failed to load resource: the server responded with a status of 404 () @ https://pokeapi.co/api/v2/pokemon-species/10069/:0
[   33597ms] [ERROR] Failed to load resource: the server responded with a status of 404 () @ https://pokeapi.co/api/v2/pokemon-species/10061/:0
[   33598ms] [ERROR] Failed to load resource: the server responded with a status of 404 () @ https://pokeapi.co/api/v2/pokemon-species/10059/:0
[   33616ms] [ERROR] Failed to load resource: the server responded with a status of 404 () @ https://pokeapi.co/api/v2/pokemon-species/10057/:0
[   33655ms] [ERROR] Failed to load resource: the server responded with a status of 404 () @ https://pokeapi.co/api/v2/pokemon-species/10074/:0
[   33807ms] [ERROR] Failed to load resource: the server responded with a status of 404 () @ https://pokeapi.co/api/v2/pokemon-species/10062/:0
[   33924ms] [ERROR] Failed to load resource: the server responded with a status of 404 () @ https://pokeapi.co/api/v2/pokemon-species/10088/:0
[   33943ms] [ERROR] Failed to load resource: the server responded with a status of 404 () @ https://pokeapi.co/api/v2/pokemon-species/10078/:0
[   33958ms] [ERROR] Failed to load resource: the server responded with a status of 404 () @ https://pokeapi.co/api/v2/pokemon-species/10089/:0
[   33961ms] [ERROR] Failed to load resource: the server responded with a status of 404 () @ https://pokeapi.co/api/v2/pokemon-species/10083/:0
[   33977ms] [ERROR] Failed to load resource: the server responded with a status of 404 () @ https://pokeapi.co/api/v2/pokemon-species/10079/:0
[   34001ms] [ERROR] Failed to load resource: the server responded with a status of 404 () @ https://pokeapi.co/api/v2/pokemon-species/10084/:0
[   35252ms] [ERROR] Failed to load resource: the server responded with a status of 404 () @ https://pokeapi.co/api/v2/pokemon-species/10085/:0
[   35253ms] [ERROR] Failed to load resource: the server responded with a status of 404 () @ https://pokeapi.co/api/v2/pokemon-species/10077/:0
[   35308ms] [ERROR] Failed to load resource: the server responded with a status of 404 () @ https://pokeapi.co/api/v2/pokemon-species/10090/:0
[   35314ms] [ERROR] Failed to load resource: the server responded with a status of 404 () @ https://pokeapi.co/api/v2/pokemon-species/10086/:0
[   35334ms] [ERROR] Failed to load resource: the server responded with a status of 404 () @ https://pokeapi.co/api/v2/pokemon-species/10094/:0
[   35337ms] [ERROR] Failed to load resource: the server responded with a status of 404 () @ https://pokeapi.co/api/v2/pokemon-species/10092/:0
[   35339ms] [ERROR] Failed to load resource: the server responded with a status of 404 () @ https://pokeapi.co/api/v2/pokemon-species/10093/:0
[   35412ms] [ERROR] Failed to load resource: the server responded with a status of 404 () @ https://pokeapi.co/api/v2/pokemon-species/10076/:0
[   35443ms] [ERROR] Failed to load resource: the server responded with a status of 404 () @ https://pokeapi.co/api/v2/pokemon-species/10081/:0
[   35459ms] [ERROR] Failed to load resource: the server responded with a status of 404 () @ https://pokeapi.co/api/v2/pokemon-species/10091/:0
[   35481ms] [ERROR] Failed to load resource: the server responded with a status of 404 () @ https://pokeapi.co/api/v2/pokemon-species/10095/:0
[   35485ms] [ERROR] Failed to load resource: the server responded with a status of 404 () @ https://pokeapi.co/api/v2/pokemon-species/10087/:0
[   35606ms] [ERROR] Failed to load resource: the server responded with a status of 404 () @ https://pokeapi.co/api/v2/pokemon-species/10080/:0
[   36348ms] [ERROR] Failed to load resource: the server responded with a status of 404 () @ https://pokeapi.co/api/v2/pokemon-species/10082/:0
[   36547ms] [ERROR] Failed to load resource: the server responded with a status of 404 () @ https://pokeapi.co/api/v2/pokemon-species/10100/:0
[   36557ms] [ERROR] Failed to load resource: the server responded with a status of 404 () @ https://pokeapi.co/api/v2/pokemon-species/10113/:0
[   36775ms] [ERROR] Failed to load resource: the server responded with a status of 404 () @ https://pokeapi.co/api/v2/pokemon-species/10111/:0
[   36795ms] [ERROR] Failed to load resource: the server responded with a status of 404 () @ https://pokeapi.co/api/v2/pokemon-species/10110/:0
[   37757ms] [ERROR] Failed to load resource: the server responded with a status of 404 () @ https://pokeapi.co/api/v2/pokemon-species/10102/:0
[   37820ms] [ERROR] Failed to load resource: the server responded with a status of 404 () @ https://pokeapi.co/api/v2/pokemon-species/10101/:0
[   37844ms] [ERROR] Failed to load resource: the server responded with a status of 404 () @ https://pokeapi.co/api/v2/pokemon-species/10098/:0
[   37851ms] [ERROR] Failed to load resource: the server responded with a status of 404 () @ https://pokeapi.co/api/v2/pokemon-species/10114/:0
[   37863ms] [ERROR] Failed to load resource: the server responded with a status of 404 () @ https://pokeapi.co/api/v2/pokemon-species/10112/:0
[   37887ms] [ERROR] Failed to load resource: the server responded with a status of 404 () @ https://pokeapi.co/api/v2/pokemon-species/10099/:0
[   37890ms] [ERROR] Failed to load resource: the server responded with a status of 404 () @ https://pokeapi.co/api/v2/pokemon-species/10108/:0
[   37897ms] [ERROR] Failed to load resource: the server responded with a status of 404 () @ https://pokeapi.co/api/v2/pokemon-species/10104/:0
[   37897ms] [ERROR] Failed to load resource: the server responded with a status of 404 () @ https://pokeapi.co/api/v2/pokemon-species/10097/:0
[   37959ms] [ERROR] Failed to load resource: the server responded with a status of 404 () @ https://pokeapi.co/api/v2/pokemon-species/10106/:0
[   37960ms] [ERROR] Failed to load resource: the server responded with a status of 404 () @ https://pokeapi.co/api/v2/pokemon-species/10096/:0
[   37972ms] [ERROR] Failed to load resource: the server responded with a status of 404 () @ https://pokeapi.co/api/v2/pokemon-species/10107/:0
[   38102ms] [ERROR] Failed to load resource: the server responded with a status of 404 () @ https://pokeapi.co/api/v2/pokemon-species/10115/:0
[   38634ms] [ERROR] Failed to load resource: the server responded with a status of 404 () @ https://pokeapi.co/api/v2/pokemon-species/10103/:0
[   38744ms] [ERROR] Failed to load resource: the server responded with a status of 404 () @ https://pokeapi.co/api/v2/pokemon-species/10109/:0
[   38875ms] [ERROR] Failed to load resource: the server responded with a status of 404 () @ https://pokeapi.co/api/v2/pokemon-species/10105/:0
[   39099ms] [ERROR] Failed to load resource: the server responded with a status of 404 () @ https://pokeapi.co/api/v2/pokemon-species/10118/:0
[   39100ms] [ERROR] Failed to load resource: the server responded with a status of 404 () @ https://pokeapi.co/api/v2/pokemon-species/10122/:0
[   39100ms] [ERROR] Failed to load resource: the server responded with a status of 404 () @ https://pokeapi.co/api/v2/pokemon-species/10131/:0
[   39100ms] [ERROR] Failed to load resource: the server responded with a status of 404 () @ https://pokeapi.co/api/v2/pokemon-species/10120/:0
[   39112ms] [ERROR] Failed to load resource: the server responded with a status of 404 () @ https://pokeapi.co/api/v2/pokemon-species/10117/:0
[   39113ms] [ERROR] Failed to load resource: the server responded with a status of 404 () @ https://pokeapi.co/api/v2/pokemon-species/10121/:0
[   39201ms] [ERROR] Failed to load resource: the server responded with a status of 404 () @ https://pokeapi.co/api/v2/pokemon-species/10130/:0
[   40304ms] [ERROR] Failed to load resource: the server responded with a status of 404 () @ https://pokeapi.co/api/v2/pokemon-species/10124/:0
[   40342ms] [ERROR] Failed to load resource: the server responded with a status of 404 () @ https://pokeapi.co/api/v2/pokemon-species/10127/:0
[   40360ms] [ERROR] Failed to load resource: the server responded with a status of 404 () @ https://pokeapi.co/api/v2/pokemon-species/10134/:0
[   40399ms] [ERROR] Failed to load resource: the server responded with a status of 404 () @ https://pokeapi.co/api/v2/pokemon-species/10126/:0
[   40400ms] [ERROR] Failed to load resource: the server responded with a status of 404 () @ https://pokeapi.co/api/v2/pokemon-species/10132/:0
[   40478ms] [ERROR] Failed to load resource: the server responded with a status of 404 () @ https://pokeapi.co/api/v2/pokemon-species/10123/:0
[   40478ms] [ERROR] Failed to load resource: the server responded with a status of 404 () @ https://pokeapi.co/api/v2/pokemon-species/10135/:0
[   40508ms] [ERROR] Failed to load resource: the server responded with a status of 404 () @ https://pokeapi.co/api/v2/pokemon-species/10133/:0
[   40508ms] [ERROR] Failed to load resource: the server responded with a status of 404 () @ https://pokeapi.co/api/v2/pokemon-species/10116/:0
[   40589ms] [ERROR] Failed to load resource: the server responded with a status of 404 () @ https://pokeapi.co/api/v2/pokemon-species/10125/:0
[   40614ms] [ERROR] Failed to load resource: the server responded with a status of 404 () @ https://pokeapi.co/api/v2/pokemon-species/10128/:0
[   40695ms] [ERROR] Failed to load resource: the server responded with a status of 404 () @ https://pokeapi.co/api/v2/pokemon-species/10129/:0
[   40719ms] [ERROR] Failed to load resource: the server responded with a status of 404 () @ https://pokeapi.co/api/v2/pokemon-species/10119/:0
[   40897ms] [ERROR] Failed to load resource: the server responded with a status of 404 () @ https://pokeapi.co/api/v2/pokemon-species/10137/:0
[   40906ms] [ERROR] Failed to load resource: the server responded with a status of 404 () @ https://pokeapi.co/api/v2/pokemon-species/10140/:0
[   41218ms] [ERROR] Failed to load resource: the server responded with a status of 404 () @ https://pokeapi.co/api/v2/pokemon-species/10154/:0
[   41297ms] [ERROR] Failed to load resource: the server responded with a status of 404 () @ https://pokeapi.co/api/v2/pokemon-species/10142/:0
[   42146ms] [ERROR] Failed to load resource: the server responded with a status of 404 () @ https://pokeapi.co/api/v2/pokemon-species/10146/:0
[   42166ms] [ERROR] Failed to load resource: the server responded with a status of 404 () @ https://pokeapi.co/api/v2/pokemon-species/10153/:0
[   42177ms] [ERROR] Failed to load resource: the server responded with a status of 404 () @ https://pokeapi.co/api/v2/pokemon-species/10150/:0
[   42205ms] [ERROR] Failed to load resource: the server responded with a status of 404 () @ https://pokeapi.co/api/v2/pokemon-species/10155/:0
[   42218ms] [ERROR] Failed to load resource: the server responded with a status of 404 () @ https://pokeapi.co/api/v2/pokemon-species/10136/:0
[   42223ms] [ERROR] Failed to load resource: the server responded with a status of 404 () @ https://pokeapi.co/api/v2/pokemon-species/10144/:0
[   42240ms] [ERROR] Failed to load resource: the server responded with a status of 404 () @ https://pokeapi.co/api/v2/pokemon-species/10149/:0
[   42277ms] [ERROR] Failed to load resource: the server responded with a status of 404 () @ https://pokeapi.co/api/v2/pokemon-species/10151/:0
[   42283ms] [ERROR] Failed to load resource: the server responded with a status of 404 () @ https://pokeapi.co/api/v2/pokemon-species/10139/:0
[   42326ms] [ERROR] Failed to load resource: the server responded with a status of 404 () @ https://pokeapi.co/api/v2/pokemon-species/10141/:0
[   42453ms] [ERROR] Failed to load resource: the server responded with a status of 404 () @ https://pokeapi.co/api/v2/pokemon-species/10138/:0
[   42513ms] [ERROR] Failed to load resource: the server responded with a status of 404 () @ https://pokeapi.co/api/v2/pokemon-species/10147/:0
[   42592ms] [ERROR] Failed to load resource: the server responded with a status of 404 () @ https://pokeapi.co/api/v2/pokemon-species/10145/:0
[   42611ms] [ERROR] Failed to load resource: the server responded with a status of 404 () @ https://pokeapi.co/api/v2/pokemon-species/10148/:0
[   42631ms] [ERROR] Failed to load resource: the server responded with a status of 404 () @ https://pokeapi.co/api/v2/pokemon-species/10143/:0
[   43245ms] [ERROR] Failed to load resource: the server responded with a status of 404 () @ https://pokeapi.co/api/v2/pokemon-species/10152/:0
[   43403ms] [ERROR] Failed to load resource: the server responded with a status of 404 () @ https://pokeapi.co/api/v2/pokemon-species/10160/:0
[   43463ms] [ERROR] Failed to load resource: the server responded with a status of 404 () @ https://pokeapi.co/api/v2/pokemon-species/10173/:0
[   43580ms] [ERROR] Failed to load resource: the server responded with a status of 404 () @ https://pokeapi.co/api/v2/pokemon-species/10165/:0
[   43687ms] [ERROR] Failed to load resource: the server responded with a status of 404 () @ https://pokeapi.co/api/v2/pokemon-species/10156/:0
[   44622ms] [ERROR] Failed to load resource: the server responded with a status of 404 () @ https://pokeapi.co/api/v2/pokemon-species/10172/:0
[   44663ms] [ERROR] Failed to load resource: the server responded with a status of 404 () @ https://pokeapi.co/api/v2/pokemon-species/10159/:0
[   44706ms] [ERROR] Failed to load resource: the server responded with a status of 404 () @ https://pokeapi.co/api/v2/pokemon-species/10175/:0
[   44718ms] [ERROR] Failed to load resource: the server responded with a status of 404 () @ https://pokeapi.co/api/v2/pokemon-species/10164/:0
[   44748ms] [ERROR] Failed to load resource: the server responded with a status of 404 () @ https://pokeapi.co/api/v2/pokemon-species/10169/:0
[   44766ms] [ERROR] Failed to load resource: the server responded with a status of 404 () @ https://pokeapi.co/api/v2/pokemon-species/10170/:0
[   44785ms] [ERROR] Failed to load resource: the server responded with a status of 404 () @ https://pokeapi.co/api/v2/pokemon-species/10168/:0
[   44805ms] [ERROR] Failed to load resource: the server responded with a status of 404 () @ https://pokeapi.co/api/v2/pokemon-species/10158/:0
[   44815ms] [ERROR] Failed to load resource: the server responded with a status of 404 () @ https://pokeapi.co/api/v2/pokemon-species/10166/:0
[   44833ms] [ERROR] Failed to load resource: the server responded with a status of 404 () @ https://pokeapi.co/api/v2/pokemon-species/10163/:0
[   44841ms] [ERROR] Failed to load resource: the server responded with a status of 404 () @ https://pokeapi.co/api/v2/pokemon-species/10174/:0
[   44847ms] [ERROR] Failed to load resource: the server responded with a status of 404 () @ https://pokeapi.co/api/v2/pokemon-species/10161/:0
[   44863ms] [ERROR] Failed to load resource: the server responded with a status of 404 () @ https://pokeapi.co/api/v2/pokemon-species/10171/:0
[   44930ms] [ERROR] Failed to load resource: the server responded with a status of 404 () @ https://pokeapi.co/api/v2/pokemon-species/10167/:0
[   45009ms] [ERROR] Failed to load resource: the server responded with a status of 404 () @ https://pokeapi.co/api/v2/pokemon-species/10162/:0
[   45735ms] [ERROR] Failed to load resource: the server responded with a status of 404 () @ https://pokeapi.co/api/v2/pokemon-species/10157/:0
[   45894ms] [ERROR] Failed to load resource: the server responded with a status of 404 () @ https://pokeapi.co/api/v2/pokemon-species/10192/:0
[   45899ms] [ERROR] Failed to load resource: the server responded with a status of 404 () @ https://pokeapi.co/api/v2/pokemon-species/10182/:0
[   45905ms] [ERROR] Failed to load resource: the server responded with a status of 404 () @ https://pokeapi.co/api/v2/pokemon-species/10193/:0
[   46077ms] [ERROR] Failed to load resource: the server responded with a status of 404 () @ https://pokeapi.co/api/v2/pokemon-species/10176/:0
[   47165ms] [ERROR] Failed to load resource: the server responded with a status of 404 () @ https://pokeapi.co/api/v2/pokemon-species/10195/:0
[   47227ms] [ERROR] Failed to load resource: the server responded with a status of 404 () @ https://pokeapi.co/api/v2/pokemon-species/10184/:0
[   47244ms] [ERROR] Failed to load resource: the server responded with a status of 404 () @ https://pokeapi.co/api/v2/pokemon-species/10187/:0
[   47251ms] [ERROR] Failed to load resource: the server responded with a status of 404 () @ https://pokeapi.co/api/v2/pokemon-species/10186/:0
[   47309ms] [ERROR] Failed to load resource: the server responded with a status of 404 () @ https://pokeapi.co/api/v2/pokemon-species/10177/:0
[   47310ms] [ERROR] Failed to load resource: the server responded with a status of 404 () @ https://pokeapi.co/api/v2/pokemon-species/10188/:0
[   47326ms] [ERROR] Failed to load resource: the server responded with a status of 404 () @ https://pokeapi.co/api/v2/pokemon-species/10178/:0
[   47381ms] [ERROR] Failed to load resource: the server responded with a status of 404 () @ https://pokeapi.co/api/v2/pokemon-species/10191/:0
[   47394ms] [ERROR] Failed to load resource: the server responded with a status of 404 () @ https://pokeapi.co/api/v2/pokemon-species/10179/:0
[   47459ms] [ERROR] Failed to load resource: the server responded with a status of 404 () @ https://pokeapi.co/api/v2/pokemon-species/10181/:0
[   47482ms] [ERROR] Failed to load resource: the server responded with a status of 404 () @ https://pokeapi.co/api/v2/pokemon-species/10183/:0
[   47482ms] [ERROR] Failed to load resource: the server responded with a status of 404 () @ https://pokeapi.co/api/v2/pokemon-species/10180/:0
[   47491ms] [ERROR] Failed to load resource: the server responded with a status of 404 () @ https://pokeapi.co/api/v2/pokemon-species/10185/:0
[   47544ms] [ERROR] Failed to load resource: the server responded with a status of 404 () @ https://pokeapi.co/api/v2/pokemon-species/10194/:0
[   47680ms] [ERROR] Failed to load resource: the server responded with a status of 404 () @ https://pokeapi.co/api/v2/pokemon-species/10190/:0
[   47828ms] [ERROR] Failed to load resource: the server responded with a status of 404 () @ https://pokeapi.co/api/v2/pokemon-species/10189/:0
[   47950ms] [ERROR] Failed to load resource: the server responded with a status of 404 () @ https://pokeapi.co/api/v2/pokemon-species/10197/:0
[   47964ms] [ERROR] Failed to load resource: the server responded with a status of 404 () @ https://pokeapi.co/api/v2/pokemon-species/10200/:0
[   47973ms] [ERROR] Failed to load resource: the server responded with a status of 404 () @ https://pokeapi.co/api/v2/pokemon-species/10205/:0
[   47988ms] [ERROR] Failed to load resource: the server responded with a status of 404 () @ https://pokeapi.co/api/v2/pokemon-species/10213/:0
[   47990ms] [ERROR] Failed to load resource: the server responded with a status of 404 () @ https://pokeapi.co/api/v2/pokemon-species/10214/:0
[   48018ms] [ERROR] Failed to load resource: the server responded with a status of 404 () @ https://pokeapi.co/api/v2/pokemon-species/10208/:0
[   49259ms] [ERROR] Failed to load resource: the server responded with a status of 404 () @ https://pokeapi.co/api/v2/pokemon-species/10196/:0
[   49299ms] [ERROR] Failed to load resource: the server responded with a status of 404 () @ https://pokeapi.co/api/v2/pokemon-species/10201/:0
[   49316ms] [ERROR] Failed to load resource: the server responded with a status of 404 () @ https://pokeapi.co/api/v2/pokemon-species/10210/:0
[   49330ms] [ERROR] Failed to load resource: the server responded with a status of 404 () @ https://pokeapi.co/api/v2/pokemon-species/10207/:0
[   49330ms] [ERROR] Failed to load resource: the server responded with a status of 404 () @ https://pokeapi.co/api/v2/pokemon-species/10206/:0
[   49353ms] [ERROR] Failed to load resource: the server responded with a status of 404 () @ https://pokeapi.co/api/v2/pokemon-species/10209/:0
[   49384ms] [ERROR] Failed to load resource: the server responded with a status of 404 () @ https://pokeapi.co/api/v2/pokemon-species/10212/:0
[   49385ms] [ERROR] Failed to load resource: the server responded with a status of 404 () @ https://pokeapi.co/api/v2/pokemon-species/10199/:0
[   49400ms] [ERROR] Failed to load resource: the server responded with a status of 404 () @ https://pokeapi.co/api/v2/pokemon-species/10198/:0
[   49403ms] [ERROR] Failed to load resource: the server responded with a status of 404 () @ https://pokeapi.co/api/v2/pokemon-species/10202/:0
[   49526ms] [ERROR] Failed to load resource: the server responded with a status of 404 () @ https://pokeapi.co/api/v2/pokemon-species/10215/:0
[   49593ms] [ERROR] Failed to load resource: the server responded with a status of 404 () @ https://pokeapi.co/api/v2/pokemon-species/10211/:0
[   49630ms] [ERROR] Failed to load resource: the server responded with a status of 404 () @ https://pokeapi.co/api/v2/pokemon-species/10203/:0
[   49674ms] [ERROR] Failed to load resource: the server responded with a status of 404 () @ https://pokeapi.co/api/v2/pokemon-species/10204/:0
[   49793ms] [ERROR] Failed to load resource: the server responded with a status of 404 () @ https://pokeapi.co/api/v2/pokemon-species/10223/:0
[   49809ms] [ERROR] Failed to load resource: the server responded with a status of 404 () @ https://pokeapi.co/api/v2/pokemon-species/10218/:0
[   49835ms] [ERROR] Failed to load resource: the server responded with a status of 404 () @ https://pokeapi.co/api/v2/pokemon-species/10221/:0
[   49842ms] [ERROR] Failed to load resource: the server responded with a status of 404 () @ https://pokeapi.co/api/v2/pokemon-species/10217/:0
[   49842ms] [ERROR] Failed to load resource: the server responded with a status of 404 () @ https://pokeapi.co/api/v2/pokemon-species/10216/:0
[   49853ms] [ERROR] Failed to load resource: the server responded with a status of 404 () @ https://pokeapi.co/api/v2/pokemon-species/10225/:0
[   51065ms] [ERROR] Failed to load resource: the server responded with a status of 404 () @ https://pokeapi.co/api/v2/pokemon-species/10233/:0
[   51065ms] [ERROR] Failed to load resource: the server responded with a status of 404 () @ https://pokeapi.co/api/v2/pokemon-species/10227/:0
[   51066ms] [ERROR] Failed to load resource: the server responded with a status of 404 () @ https://pokeapi.co/api/v2/pokemon-species/10234/:0
[   51131ms] [ERROR] Failed to load resource: the server responded with a status of 404 () @ https://pokeapi.co/api/v2/pokemon-species/10219/:0
[   51166ms] [ERROR] Failed to load resource: the server responded with a status of 404 () @ https://pokeapi.co/api/v2/pokemon-species/10231/:0
[   51177ms] [ERROR] Failed to load resource: the server responded with a status of 404 () @ https://pokeapi.co/api/v2/pokemon-species/10226/:0
[   51180ms] [ERROR] Failed to load resource: the server responded with a status of 404 () @ https://pokeapi.co/api/v2/pokemon-species/10235/:0
[   51204ms] [ERROR] Failed to load resource: the server responded with a status of 404 () @ https://pokeapi.co/api/v2/pokemon-species/10220/:0
[   51267ms] [ERROR] Failed to load resource: the server responded with a status of 404 () @ https://pokeapi.co/api/v2/pokemon-species/10232/:0
[   51295ms] [ERROR] Failed to load resource: the server responded with a status of 404 () @ https://pokeapi.co/api/v2/pokemon-species/10229/:0
[   51307ms] [ERROR] Failed to load resource: the server responded with a status of 404 () @ https://pokeapi.co/api/v2/pokemon-species/10228/:0
[   51347ms] [ERROR] Failed to load resource: the server responded with a status of 404 () @ https://pokeapi.co/api/v2/pokemon-species/10230/:0
[   51362ms] [ERROR] Failed to load resource: the server responded with a status of 404 () @ https://pokeapi.co/api/v2/pokemon-species/10222/:0
[   51598ms] [ERROR] Failed to load resource: the server responded with a status of 404 () @ https://pokeapi.co/api/v2/pokemon-species/10224/:0
[   51763ms] [ERROR] Failed to load resource: the server responded with a status of 404 () @ https://pokeapi.co/api/v2/pokemon-species/10248/:0
[   52070ms] [ERROR] Failed to load resource: the server responded with a status of 404 () @ https://pokeapi.co/api/v2/pokemon-species/10253/:0
[   52962ms] [ERROR] Failed to load resource: the server responded with a status of 404 () @ https://pokeapi.co/api/v2/pokemon-species/10239/:0
[   53036ms] [ERROR] Failed to load resource: the server responded with a status of 404 () @ https://pokeapi.co/api/v2/pokemon-species/10244/:0
[   53062ms] [ERROR] Failed to load resource: the server responded with a status of 404 () @ https://pokeapi.co/api/v2/pokemon-species/10250/:0
[   53072ms] [ERROR] Failed to load resource: the server responded with a status of 404 () @ https://pokeapi.co/api/v2/pokemon-species/10236/:0
[   53076ms] [ERROR] Failed to load resource: the server responded with a status of 404 () @ https://pokeapi.co/api/v2/pokemon-species/10252/:0
[   53094ms] [ERROR] Failed to load resource: the server responded with a status of 404 () @ https://pokeapi.co/api/v2/pokemon-species/10251/:0
[   53096ms] [ERROR] Failed to load resource: the server responded with a status of 404 () @ https://pokeapi.co/api/v2/pokemon-species/10238/:0
[   53097ms] [ERROR] Failed to load resource: the server responded with a status of 404 () @ https://pokeapi.co/api/v2/pokemon-species/10247/:0
[   53105ms] [ERROR] Failed to load resource: the server responded with a status of 404 () @ https://pokeapi.co/api/v2/pokemon-species/10245/:0
[   53111ms] [ERROR] Failed to load resource: the server responded with a status of 404 () @ https://pokeapi.co/api/v2/pokemon-species/10255/:0
[   53115ms] [ERROR] Failed to load resource: the server responded with a status of 404 () @ https://pokeapi.co/api/v2/pokemon-species/10241/:0
[   53127ms] [ERROR] Failed to load resource: the server responded with a status of 404 () @ https://pokeapi.co/api/v2/pokemon-species/10243/:0
[   53320ms] [ERROR] Failed to load resource: the server responded with a status of 404 () @ https://pokeapi.co/api/v2/pokemon-species/10246/:0
[   53320ms] [ERROR] Failed to load resource: the server responded with a status of 404 () @ https://pokeapi.co/api/v2/pokemon-species/10249/:0
[   53321ms] [ERROR] Failed to load resource: the server responded with a status of 404 () @ https://pokeapi.co/api/v2/pokemon-species/10240/:0
[   53364ms] [ERROR] Failed to load resource: the server responded with a status of 404 () @ https://pokeapi.co/api/v2/pokemon-species/10254/:0
[   53450ms] [ERROR] Failed to load resource: the server responded with a status of 404 () @ https://pokeapi.co/api/v2/pokemon-species/10242/:0
[   53638ms] [ERROR] Failed to load resource: the server responded with a status of 404 () @ https://pokeapi.co/api/v2/pokemon-species/10237/:0
[   53758ms] [ERROR] Failed to load resource: the server responded with a status of 404 () @ https://pokeapi.co/api/v2/pokemon-species/10272/:0
[   53760ms] [ERROR] Failed to load resource: the server responded with a status of 404 () @ https://pokeapi.co/api/v2/pokemon-species/10256/:0
[   53783ms] [ERROR] Failed to load resource: the server responded with a status of 404 () @ https://pokeapi.co/api/v2/pokemon-species/10268/:0
[   53796ms] [ERROR] Failed to load resource: the server responded with a status of 404 () @ https://pokeapi.co/api/v2/pokemon-species/10266/:0
[   53843ms] [ERROR] Failed to load resource: the server responded with a status of 404 () @ https://pokeapi.co/api/v2/pokemon-species/10271/:0
[   53849ms] [ERROR] Failed to load resource: the server responded with a status of 404 () @ https://pokeapi.co/api/v2/pokemon-species/10259/:0
[   53856ms] [ERROR] Failed to load resource: the server responded with a status of 404 () @ https://pokeapi.co/api/v2/pokemon-species/10262/:0
[   54997ms] [ERROR] Failed to load resource: the server responded with a status of 404 () @ https://pokeapi.co/api/v2/pokemon-species/10258/:0
[   55075ms] [ERROR] Failed to load resource: the server responded with a status of 404 () @ https://pokeapi.co/api/v2/pokemon-species/10275/:0
[   55080ms] [ERROR] Failed to load resource: the server responded with a status of 404 () @ https://pokeapi.co/api/v2/pokemon-species/10270/:0
[   55082ms] [ERROR] Failed to load resource: the server responded with a status of 404 () @ https://pokeapi.co/api/v2/pokemon-species/10274/:0
[   55083ms] [ERROR] Failed to load resource: the server responded with a status of 404 () @ https://pokeapi.co/api/v2/pokemon-species/10257/:0
[   55141ms] [ERROR] Failed to load resource: the server responded with a status of 404 () @ https://pokeapi.co/api/v2/pokemon-species/10273/:0
[   55148ms] [ERROR] Failed to load resource: the server responded with a status of 404 () @ https://pokeapi.co/api/v2/pokemon-species/10267/:0
[   55198ms] [ERROR] Failed to load resource: the server responded with a status of 404 () @ https://pokeapi.co/api/v2/pokemon-species/10265/:0
[   55212ms] [ERROR] Failed to load resource: the server responded with a status of 404 () @ https://pokeapi.co/api/v2/pokemon-species/10264/:0
[   55212ms] [ERROR] Failed to load resource: the server responded with a status of 404 () @ https://pokeapi.co/api/v2/pokemon-species/10260/:0
[   55309ms] [ERROR] Failed to load resource: the server responded with a status of 404 () @ https://pokeapi.co/api/v2/pokemon-species/10269/:0
[   55536ms] [ERROR] Failed to load resource: the server responded with a status of 404 () @ https://pokeapi.co/api/v2/pokemon-species/10263/:0
[   55822ms] [ERROR] Failed to load resource: the server responded with a status of 404 () @ https://pokeapi.co/api/v2/pokemon-species/10261/:0
[   56003ms] [ERROR] Failed to load resource: the server responded with a status of 404 () @ https://pokeapi.co/api/v2/pokemon-species/10283/:0
[   56184ms] [ERROR] Failed to load resource: the server responded with a status of 404 () @ https://pokeapi.co/api/v2/pokemon-species/10287/:0
[   57236ms] [ERROR] Failed to load resource: the server responded with a status of 404 () @ https://pokeapi.co/api/v2/pokemon-species/10292/:0
[   57288ms] [ERROR] Failed to load resource: the server responded with a status of 404 () @ https://pokeapi.co/api/v2/pokemon-species/10280/:0
[   57340ms] [ERROR] Failed to load resource: the server responded with a status of 404 () @ https://pokeapi.co/api/v2/pokemon-species/10285/:0
[   57351ms] [ERROR] Failed to load resource: the server responded with a status of 404 () @ https://pokeapi.co/api/v2/pokemon-species/10279/:0
[   57361ms] [ERROR] Failed to load resource: the server responded with a status of 404 () @ https://pokeapi.co/api/v2/pokemon-species/10284/:0
[   57379ms] [ERROR] Failed to load resource: the server responded with a status of 404 () @ https://pokeapi.co/api/v2/pokemon-species/10294/:0
[   57386ms] [ERROR] Failed to load resource: the server responded with a status of 404 () @ https://pokeapi.co/api/v2/pokemon-species/10290/:0
[   57400ms] [ERROR] Failed to load resource: the server responded with a status of 404 () @ https://pokeapi.co/api/v2/pokemon-species/10281/:0
[   57407ms] [ERROR] Failed to load resource: the server responded with a status of 404 () @ https://pokeapi.co/api/v2/pokemon-species/10286/:0
[   57415ms] [ERROR] Failed to load resource: the server responded with a status of 404 () @ https://pokeapi.co/api/v2/pokemon-species/10291/:0
[   57438ms] [ERROR] Failed to load resource: the server responded with a status of 404 () @ https://pokeapi.co/api/v2/pokemon-species/10278/:0
[   57541ms] [ERROR] Failed to load resource: the server responded with a status of 404 () @ https://pokeapi.co/api/v2/pokemon-species/10282/:0
[   57548ms] [ERROR] Failed to load resource: the server responded with a status of 404 () @ https://pokeapi.co/api/v2/pokemon-species/10293/:0
[   57573ms] [ERROR] Failed to load resource: the server responded with a status of 404 () @ https://pokeapi.co/api/v2/pokemon-species/10277/:0
[   57596ms] [ERROR] Failed to load resource: the server responded with a status of 404 () @ https://pokeapi.co/api/v2/pokemon-species/10276/:0
[   57661ms] [ERROR] Failed to load resource: the server responded with a status of 404 () @ https://pokeapi.co/api/v2/pokemon-species/10295/:0
[   57758ms] [ERROR] Failed to load resource: the server responded with a status of 404 () @ https://pokeapi.co/api/v2/pokemon-species/10288/:0
[   57935ms] [ERROR] Failed to load resource: the server responded with a status of 404 () @ https://pokeapi.co/api/v2/pokemon-species/10289/:0
[   58116ms] [ERROR] Failed to load resource: the server responded with a status of 404 () @ https://pokeapi.co/api/v2/pokemon-species/10308/:0
[   58117ms] [ERROR] Failed to load resource: the server responded with a status of 404 () @ https://pokeapi.co/api/v2/pokemon-species/10303/:0
[   58240ms] [ERROR] Failed to load resource: the server responded with a status of 404 () @ https://pokeapi.co/api/v2/pokemon-species/10302/:0
[   59341ms] [ERROR] Failed to load resource: the server responded with a status of 404 () @ https://pokeapi.co/api/v2/pokemon-species/10297/:0
[   59372ms] [ERROR] Failed to load resource: the server responded with a status of 404 () @ https://pokeapi.co/api/v2/pokemon-species/10306/:0
[   59380ms] [ERROR] Failed to load resource: the server responded with a status of 404 () @ https://pokeapi.co/api/v2/pokemon-species/10300/:0
[   59407ms] [ERROR] Failed to load resource: the server responded with a status of 404 () @ https://pokeapi.co/api/v2/pokemon-species/10307/:0
[   59423ms] [ERROR] Failed to load resource: the server responded with a status of 404 () @ https://pokeapi.co/api/v2/pokemon-species/10310/:0
[   59427ms] [ERROR] Failed to load resource: the server responded with a status of 404 () @ https://pokeapi.co/api/v2/pokemon-species/10311/:0
[   59445ms] [ERROR] Failed to load resource: the server responded with a status of 404 () @ https://pokeapi.co/api/v2/pokemon-species/10315/:0
[   59478ms] [ERROR] Failed to load resource: the server responded with a status of 404 () @ https://pokeapi.co/api/v2/pokemon-species/10298/:0
[   59485ms] [ERROR] Failed to load resource: the server responded with a status of 404 () @ https://pokeapi.co/api/v2/pokemon-species/10304/:0
[   59500ms] [ERROR] Failed to load resource: the server responded with a status of 404 () @ https://pokeapi.co/api/v2/pokemon-species/10296/:0
[   59530ms] [ERROR] Failed to load resource: the server responded with a status of 404 () @ https://pokeapi.co/api/v2/pokemon-species/10301/:0
[   59558ms] [ERROR] Failed to load resource: the server responded with a status of 404 () @ https://pokeapi.co/api/v2/pokemon-species/10309/:0
[   59558ms] [ERROR] Failed to load resource: the server responded with a status of 404 () @ https://pokeapi.co/api/v2/pokemon-species/10313/:0
[   59664ms] [ERROR] Failed to load resource: the server responded with a status of 404 () @ https://pokeapi.co/api/v2/pokemon-species/10299/:0
[   59761ms] [ERROR] Failed to load resource: the server responded with a status of 404 () @ https://pokeapi.co/api/v2/pokemon-species/10314/:0
[   59924ms] [ERROR] Failed to load resource: the server responded with a status of 404 () @ https://pokeapi.co/api/v2/pokemon-species/10305/:0
[   60387ms] [ERROR] Failed to load resource: the server responded with a status of 404 () @ https://pokeapi.co/api/v2/pokemon-species/10312/:0
[   60537ms] [ERROR] Failed to load resource: the server responded with a status of 404 () @ https://pokeapi.co/api/v2/pokemon-species/10325/:0
[   60575ms] [ERROR] Failed to load resource: the server responded with a status of 404 () @ https://pokeapi.co/api/v2/pokemon-species/10320/:0
[   60775ms] [ERROR] Failed to load resource: the server responded with a status of 404 () @ https://pokeapi.co/api/v2/pokemon-species/10319/:0
[   61833ms] [ERROR] Failed to load resource: the server responded with a status of 404 () @ https://pokeapi.co/api/v2/pokemon-species/10316/:0
[   61854ms] [ERROR] Failed to load resource: the server responded with a status of 404 () @ https://pokeapi.co/api/v2/pokemon-species/10321/:0
[   61934ms] [ERROR] Failed to load resource: the server responded with a status of 404 () @ https://pokeapi.co/api/v2/pokemon-species/10318/:0
[   61995ms] [ERROR] Failed to load resource: the server responded with a status of 404 () @ https://pokeapi.co/api/v2/pokemon-species/10317/:0
[   62009ms] [ERROR] Failed to load resource: the server responded with a status of 404 () @ https://pokeapi.co/api/v2/pokemon-species/10322/:0
[   62030ms] [ERROR] Failed to load resource: the server responded with a status of 404 () @ https://pokeapi.co/api/v2/pokemon-species/10323/:0
[   62369ms] [ERROR] Failed to load resource: the server responded with a status of 404 () @ https://pokeapi.co/api/v2/pokemon-species/10324/:0
[  233913ms] [ERROR] Failed to load resource: the server responded with a status of 404 () @ https://pokeapi.co/api/v2/pokemon-species/10001/:0
[  233913ms] [ERROR] Failed to load resource: the server responded with a status of 404 () @ https://pokeapi.co/api/v2/pokemon-species/10002/:0
[  233914ms] [ERROR] Failed to load resource: the server responded with a status of 404 () @ https://pokeapi.co/api/v2/pokemon-species/10003/:0
[  233914ms] [ERROR] Failed to load resource: the server responded with a status of 404 () @ https://pokeapi.co/api/v2/pokemon-species/10004/:0
[  233915ms] [ERROR] Failed to load resource: the server responded with a status of 404 () @ https://pokeapi.co/api/v2/pokemon-species/10005/:0
[  233917ms] [ERROR] Failed to load resource: the server responded with a status of 404 () @ https://pokeapi.co/api/v2/pokemon-species/10006/:0
[  233917ms] [ERROR] Failed to load resource: the server responded with a status of 404 () @ https://pokeapi.co/api/v2/pokemon-species/10007/:0
[  233918ms] [ERROR] Failed to load resource: the server responded with a status of 404 () @ https://pokeapi.co/api/v2/pokemon-species/10008/:0
[  233918ms] [ERROR] Failed to load resource: the server responded with a status of 404 () @ https://pokeapi.co/api/v2/pokemon-species/10009/:0
[  233918ms] [ERROR] Failed to load resource: the server responded with a status of 404 () @ https://pokeapi.co/api/v2/pokemon-species/10010/:0
[  233918ms] [ERROR] Failed to load resource: the server responded with a status of 404 () @ https://pokeapi.co/api/v2/pokemon-species/10011/:0
[  233919ms] [ERROR] Failed to load resource: the server responded with a status of 404 () @ https://pokeapi.co/api/v2/pokemon-species/10012/:0
[  233919ms] [ERROR] Failed to load resource: the server responded with a status of 404 () @ https://pokeapi.co/api/v2/pokemon-species/10013/:0
[  233919ms] [ERROR] Failed to load resource: the server responded with a status of 404 () @ https://pokeapi.co/api/v2/pokemon-species/10014/:0
[  233919ms] [ERROR] Failed to load resource: the server responded with a status of 404 () @ https://pokeapi.co/api/v2/pokemon-species/10015/:0
[  233973ms] [ERROR] Failed to load resource: the server responded with a status of 404 () @ https://pokeapi.co/api/v2/pokemon-species/10016/:0
[  233989ms] [ERROR] Failed to load resource: the server responded with a status of 404 () @ https://pokeapi.co/api/v2/pokemon-species/10017/:0
[  233992ms] [ERROR] Failed to load resource: the server responded with a status of 404 () @ https://pokeapi.co/api/v2/pokemon-species/10018/:0
[  233992ms] [ERROR] Failed to load resource: the server responded with a status of 404 () @ https://pokeapi.co/api/v2/pokemon-species/10019/:0
[  233998ms] [ERROR] Failed to load resource: the server responded with a status of 404 () @ https://pokeapi.co/api/v2/pokemon-species/10020/:0
[  233998ms] [ERROR] Failed to load resource: the server responded with a status of 404 () @ https://pokeapi.co/api/v2/pokemon-species/10021/:0
[  233999ms] [ERROR] Failed to load resource: the server responded with a status of 404 () @ https://pokeapi.co/api/v2/pokemon-species/10022/:0
[  233999ms] [ERROR] Failed to load resource: the server responded with a status of 404 () @ https://pokeapi.co/api/v2/pokemon-species/10023/:0
[  233999ms] [ERROR] Failed to load resource: the server responded with a status of 404 () @ https://pokeapi.co/api/v2/pokemon-species/10024/:0
[  234000ms] [ERROR] Failed to load resource: the server responded with a status of 404 () @ https://pokeapi.co/api/v2/pokemon-species/10025/:0
[  234000ms] [ERROR] Failed to load resource: the server responded with a status of 404 () @ https://pokeapi.co/api/v2/pokemon-species/10026/:0
[  234000ms] [ERROR] Failed to load resource: the server responded with a status of 404 () @ https://pokeapi.co/api/v2/pokemon-species/10027/:0
[  234000ms] [ERROR] Failed to load resource: the server responded with a status of 404 () @ https://pokeapi.co/api/v2/pokemon-species/10028/:0
[  234001ms] [ERROR] Failed to load resource: the server responded with a status of 404 () @ https://pokeapi.co/api/v2/pokemon-species/10029/:0
[  234001ms] [ERROR] Failed to load resource: the server responded with a status of 404 () @ https://pokeapi.co/api/v2/pokemon-species/10030/:0
[  234001ms] [ERROR] Failed to load resource: the server responded with a status of 404 () @ https://pokeapi.co/api/v2/pokemon-species/10031/:0
[  234001ms] [ERROR] Failed to load resource: the server responded with a status of 404 () @ https://pokeapi.co/api/v2/pokemon-species/10032/:0
[  234001ms] [ERROR] Failed to load resource: the server responded with a status of 404 () @ https://pokeapi.co/api/v2/pokemon-species/10033/:0
[  234002ms] [ERROR] Failed to load resource: the server responded with a status of 404 () @ https://pokeapi.co/api/v2/pokemon-species/10034/:0
[  234002ms] [ERROR] Failed to load resource: the server responded with a status of 404 () @ https://pokeapi.co/api/v2/pokemon-species/10035/:0
[  234066ms] [ERROR] Failed to load resource: the server responded with a status of 404 () @ https://pokeapi.co/api/v2/pokemon-species/10036/:0
[  234067ms] [ERROR] Failed to load resource: the server responded with a status of 404 () @ https://pokeapi.co/api/v2/pokemon-species/10037/:0
[  234068ms] [ERROR] Failed to load resource: the server responded with a status of 404 () @ https://pokeapi.co/api/v2/pokemon-species/10038/:0
[  234071ms] [ERROR] Failed to load resource: the server responded with a status of 404 () @ https://pokeapi.co/api/v2/pokemon-species/10039/:0
[  234074ms] [ERROR] Failed to load resource: the server responded with a status of 404 () @ https://pokeapi.co/api/v2/pokemon-species/10040/:0
[  234075ms] [ERROR] Failed to load resource: the server responded with a status of 404 () @ https://pokeapi.co/api/v2/pokemon-species/10041/:0
[  234077ms] [ERROR] Failed to load resource: the server responded with a status of 404 () @ https://pokeapi.co/api/v2/pokemon-species/10042/:0
[  234077ms] [ERROR] Failed to load resource: the server responded with a status of 404 () @ https://pokeapi.co/api/v2/pokemon-species/10043/:0
[  234077ms] [ERROR] Failed to load resource: the server responded with a status of 404 () @ https://pokeapi.co/api/v2/pokemon-species/10044/:0
[  234078ms] [ERROR] Failed to load resource: the server responded with a status of 404 () @ https://pokeapi.co/api/v2/pokemon-species/10045/:0
[  234078ms] [ERROR] Failed to load resource: the server responded with a status of 404 () @ https://pokeapi.co/api/v2/pokemon-species/10046/:0
[  234078ms] [ERROR] Failed to load resource: the server responded with a status of 404 () @ https://pokeapi.co/api/v2/pokemon-species/10047/:0
[  234078ms] [ERROR] Failed to load resource: the server responded with a status of 404 () @ https://pokeapi.co/api/v2/pokemon-species/10048/:0
[  234079ms] [ERROR] Failed to load resource: the server responded with a status of 404 () @ https://pokeapi.co/api/v2/pokemon-species/10049/:0
[  234079ms] [ERROR] Failed to load resource: the server responded with a status of 404 () @ https://pokeapi.co/api/v2/pokemon-species/10050/:0
[  234079ms] [ERROR] Failed to load resource: the server responded with a status of 404 () @ https://pokeapi.co/api/v2/pokemon-species/10051/:0
[  234080ms] [ERROR] Failed to load resource: the server responded with a status of 404 () @ https://pokeapi.co/api/v2/pokemon-species/10052/:0
[  234080ms] [ERROR] Failed to load resource: the server responded with a status of 404 () @ https://pokeapi.co/api/v2/pokemon-species/10053/:0
[  234080ms] [ERROR] Failed to load resource: the server responded with a status of 404 () @ https://pokeapi.co/api/v2/pokemon-species/10054/:0
[  234080ms] [ERROR] Failed to load resource: the server responded with a status of 404 () @ https://pokeapi.co/api/v2/pokemon-species/10055/:0
[  234139ms] [ERROR] Failed to load resource: the server responded with a status of 404 () @ https://pokeapi.co/api/v2/pokemon-species/10056/:0
[  234142ms] [ERROR] Failed to load resource: the server responded with a status of 404 () @ https://pokeapi.co/api/v2/pokemon-species/10057/:0
[  234142ms] [ERROR] Failed to load resource: the server responded with a status of 404 () @ https://pokeapi.co/api/v2/pokemon-species/10058/:0
[  234142ms] [ERROR] Failed to load resource: the server responded with a status of 404 () @ https://pokeapi.co/api/v2/pokemon-species/10059/:0
[  234143ms] [ERROR] Failed to load resource: the server responded with a status of 404 () @ https://pokeapi.co/api/v2/pokemon-species/10060/:0
[  234143ms] [ERROR] Failed to load resource: the server responded with a status of 404 () @ https://pokeapi.co/api/v2/pokemon-species/10061/:0
[  234143ms] [ERROR] Failed to load resource: the server responded with a status of 404 () @ https://pokeapi.co/api/v2/pokemon-species/10062/:0
[  234143ms] [ERROR] Failed to load resource: the server responded with a status of 404 () @ https://pokeapi.co/api/v2/pokemon-species/10063/:0
[  234144ms] [ERROR] Failed to load resource: the server responded with a status of 404 () @ https://pokeapi.co/api/v2/pokemon-species/10064/:0
[  234144ms] [ERROR] Failed to load resource: the server responded with a status of 404 () @ https://pokeapi.co/api/v2/pokemon-species/10065/:0
[  234147ms] [ERROR] Failed to load resource: the server responded with a status of 404 () @ https://pokeapi.co/api/v2/pokemon-species/10066/:0
[  234150ms] [ERROR] Failed to load resource: the server responded with a status of 404 () @ https://pokeapi.co/api/v2/pokemon-species/10067/:0
[  234151ms] [ERROR] Failed to load resource: the server responded with a status of 404 () @ https://pokeapi.co/api/v2/pokemon-species/10068/:0
[  234152ms] [ERROR] Failed to load resource: the server responded with a status of 404 () @ https://pokeapi.co/api/v2/pokemon-species/10069/:0
[  234153ms] [ERROR] Failed to load resource: the server responded with a status of 404 () @ https://pokeapi.co/api/v2/pokemon-species/10070/:0
[  234153ms] [ERROR] Failed to load resource: the server responded with a status of 404 () @ https://pokeapi.co/api/v2/pokemon-species/10071/:0
[  234153ms] [ERROR] Failed to load resource: the server responded with a status of 404 () @ https://pokeapi.co/api/v2/pokemon-species/10072/:0
[  234153ms] [ERROR] Failed to load resource: the server responded with a status of 404 () @ https://pokeapi.co/api/v2/pokemon-species/10073/:0
[  234153ms] [ERROR] Failed to load resource: the server responded with a status of 404 () @ https://pokeapi.co/api/v2/pokemon-species/10074/:0
[  234154ms] [ERROR] Failed to load resource: the server responded with a status of 404 () @ https://pokeapi.co/api/v2/pokemon-species/10075/:0
[  234206ms] [ERROR] Failed to load resource: the server responded with a status of 404 () @ https://pokeapi.co/api/v2/pokemon-species/10076/:0
[  234217ms] [ERROR] Failed to load resource: the server responded with a status of 404 () @ https://pokeapi.co/api/v2/pokemon-species/10077/:0
[  234218ms] [ERROR] Failed to load resource: the server responded with a status of 404 () @ https://pokeapi.co/api/v2/pokemon-species/10078/:0
[  234219ms] [ERROR] Failed to load resource: the server responded with a status of 404 () @ https://pokeapi.co/api/v2/pokemon-species/10080/:0
[  234221ms] [ERROR] Failed to load resource: the server responded with a status of 404 () @ https://pokeapi.co/api/v2/pokemon-species/10081/:0
[  234221ms] [ERROR] Failed to load resource: the server responded with a status of 404 () @ https://pokeapi.co/api/v2/pokemon-species/10082/:0
[  234221ms] [ERROR] Failed to load resource: the server responded with a status of 404 () @ https://pokeapi.co/api/v2/pokemon-species/10083/:0
[  234221ms] [ERROR] Failed to load resource: the server responded with a status of 404 () @ https://pokeapi.co/api/v2/pokemon-species/10079/:0
[  234225ms] [ERROR] Failed to load resource: the server responded with a status of 404 () @ https://pokeapi.co/api/v2/pokemon-species/10084/:0
[  234225ms] [ERROR] Failed to load resource: the server responded with a status of 404 () @ https://pokeapi.co/api/v2/pokemon-species/10085/:0
[  234229ms] [ERROR] Failed to load resource: the server responded with a status of 404 () @ https://pokeapi.co/api/v2/pokemon-species/10086/:0
[  234230ms] [ERROR] Failed to load resource: the server responded with a status of 404 () @ https://pokeapi.co/api/v2/pokemon-species/10087/:0
[  234230ms] [ERROR] Failed to load resource: the server responded with a status of 404 () @ https://pokeapi.co/api/v2/pokemon-species/10088/:0
[  234231ms] [ERROR] Failed to load resource: the server responded with a status of 404 () @ https://pokeapi.co/api/v2/pokemon-species/10089/:0
[  234231ms] [ERROR] Failed to load resource: the server responded with a status of 404 () @ https://pokeapi.co/api/v2/pokemon-species/10090/:0
[  234232ms] [ERROR] Failed to load resource: the server responded with a status of 404 () @ https://pokeapi.co/api/v2/pokemon-species/10091/:0
[  234233ms] [ERROR] Failed to load resource: the server responded with a status of 404 () @ https://pokeapi.co/api/v2/pokemon-species/10092/:0
[  234233ms] [ERROR] Failed to load resource: the server responded with a status of 404 () @ https://pokeapi.co/api/v2/pokemon-species/10093/:0
[  234233ms] [ERROR] Failed to load resource: the server responded with a status of 404 () @ https://pokeapi.co/api/v2/pokemon-species/10094/:0
[  234233ms] [ERROR] Failed to load resource: the server responded with a status of 404 () @ https://pokeapi.co/api/v2/pokemon-species/10095/:0
[  234313ms] [ERROR] Failed to load resource: the server responded with a status of 404 () @ https://pokeapi.co/api/v2/pokemon-species/10097/:0
[  234319ms] [ERROR] Failed to load resource: the server responded with a status of 404 () @ https://pokeapi.co/api/v2/pokemon-species/10098/:0
[  234329ms] [ERROR] Failed to load resource: the server responded with a status of 404 () @ https://pokeapi.co/api/v2/pokemon-species/10096/:0
[  234332ms] [ERROR] Failed to load resource: the server responded with a status of 404 () @ https://pokeapi.co/api/v2/pokemon-species/10099/:0
[  234332ms] [ERROR] Failed to load resource: the server responded with a status of 404 () @ https://pokeapi.co/api/v2/pokemon-species/10100/:0
[  234333ms] [ERROR] Failed to load resource: the server responded with a status of 404 () @ https://pokeapi.co/api/v2/pokemon-species/10101/:0
[  234335ms] [ERROR] Failed to load resource: the server responded with a status of 404 () @ https://pokeapi.co/api/v2/pokemon-species/10102/:0
[  234336ms] [ERROR] Failed to load resource: the server responded with a status of 404 () @ https://pokeapi.co/api/v2/pokemon-species/10103/:0
[  234336ms] [ERROR] Failed to load resource: the server responded with a status of 404 () @ https://pokeapi.co/api/v2/pokemon-species/10104/:0
[  234337ms] [ERROR] Failed to load resource: the server responded with a status of 404 () @ https://pokeapi.co/api/v2/pokemon-species/10105/:0
[  234337ms] [ERROR] Failed to load resource: the server responded with a status of 404 () @ https://pokeapi.co/api/v2/pokemon-species/10106/:0
[  234337ms] [ERROR] Failed to load resource: the server responded with a status of 404 () @ https://pokeapi.co/api/v2/pokemon-species/10107/:0
[  234340ms] [ERROR] Failed to load resource: the server responded with a status of 404 () @ https://pokeapi.co/api/v2/pokemon-species/10108/:0
[  234340ms] [ERROR] Failed to load resource: the server responded with a status of 404 () @ https://pokeapi.co/api/v2/pokemon-species/10109/:0
[  234340ms] [ERROR] Failed to load resource: the server responded with a status of 404 () @ https://pokeapi.co/api/v2/pokemon-species/10110/:0
[  234341ms] [ERROR] Failed to load resource: the server responded with a status of 404 () @ https://pokeapi.co/api/v2/pokemon-species/10111/:0
[  234341ms] [ERROR] Failed to load resource: the server responded with a status of 404 () @ https://pokeapi.co/api/v2/pokemon-species/10112/:0
[  234341ms] [ERROR] Failed to load resource: the server responded with a status of 404 () @ https://pokeapi.co/api/v2/pokemon-species/10113/:0
[  234341ms] [ERROR] Failed to load resource: the server responded with a status of 404 () @ https://pokeapi.co/api/v2/pokemon-species/10114/:0
[  234342ms] [ERROR] Failed to load resource: the server responded with a status of 404 () @ https://pokeapi.co/api/v2/pokemon-species/10115/:0
[  234399ms] [ERROR] Failed to load resource: the server responded with a status of 404 () @ https://pokeapi.co/api/v2/pokemon-species/10116/:0
[  234402ms] [ERROR] Failed to load resource: the server responded with a status of 404 () @ https://pokeapi.co/api/v2/pokemon-species/10117/:0
[  234420ms] [ERROR] Failed to load resource: the server responded with a status of 404 () @ https://pokeapi.co/api/v2/pokemon-species/10118/:0
[  234438ms] [ERROR] Failed to load resource: the server responded with a status of 404 () @ https://pokeapi.co/api/v2/pokemon-species/10119/:0
[  234444ms] [ERROR] Failed to load resource: the server responded with a status of 404 () @ https://pokeapi.co/api/v2/pokemon-species/10120/:0
[  234450ms] [ERROR] Failed to load resource: the server responded with a status of 404 () @ https://pokeapi.co/api/v2/pokemon-species/10121/:0
[  234461ms] [ERROR] Failed to load resource: the server responded with a status of 404 () @ https://pokeapi.co/api/v2/pokemon-species/10122/:0
[  234462ms] [ERROR] Failed to load resource: the server responded with a status of 404 () @ https://pokeapi.co/api/v2/pokemon-species/10123/:0
[  234462ms] [ERROR] Failed to load resource: the server responded with a status of 404 () @ https://pokeapi.co/api/v2/pokemon-species/10124/:0
[  234463ms] [ERROR] Failed to load resource: the server responded with a status of 404 () @ https://pokeapi.co/api/v2/pokemon-species/10125/:0
[  234463ms] [ERROR] Failed to load resource: the server responded with a status of 404 () @ https://pokeapi.co/api/v2/pokemon-species/10126/:0
[  234465ms] [ERROR] Failed to load resource: the server responded with a status of 404 () @ https://pokeapi.co/api/v2/pokemon-species/10127/:0
[  234470ms] [ERROR] Failed to load resource: the server responded with a status of 404 () @ https://pokeapi.co/api/v2/pokemon-species/10128/:0
[  234471ms] [ERROR] Failed to load resource: the server responded with a status of 404 () @ https://pokeapi.co/api/v2/pokemon-species/10129/:0
[  234473ms] [ERROR] Failed to load resource: the server responded with a status of 404 () @ https://pokeapi.co/api/v2/pokemon-species/10130/:0
[  234474ms] [ERROR] Failed to load resource: the server responded with a status of 404 () @ https://pokeapi.co/api/v2/pokemon-species/10131/:0
[  234476ms] [ERROR] Failed to load resource: the server responded with a status of 404 () @ https://pokeapi.co/api/v2/pokemon-species/10132/:0
[  234477ms] [ERROR] Failed to load resource: the server responded with a status of 404 () @ https://pokeapi.co/api/v2/pokemon-species/10133/:0
[  234477ms] [ERROR] Failed to load resource: the server responded with a status of 404 () @ https://pokeapi.co/api/v2/pokemon-species/10134/:0
[  234480ms] [ERROR] Failed to load resource: the server responded with a status of 404 () @ https://pokeapi.co/api/v2/pokemon-species/10135/:0
[  234566ms] [ERROR] Failed to load resource: the server responded with a status of 404 () @ https://pokeapi.co/api/v2/pokemon-species/10136/:0
[  234569ms] [ERROR] Failed to load resource: the server responded with a status of 404 () @ https://pokeapi.co/api/v2/pokemon-species/10137/:0
[  234576ms] [ERROR] Failed to load resource: the server responded with a status of 404 () @ https://pokeapi.co/api/v2/pokemon-species/10138/:0
[  234583ms] [ERROR] Failed to load resource: the server responded with a status of 404 () @ https://pokeapi.co/api/v2/pokemon-species/10139/:0
[  234589ms] [ERROR] Failed to load resource: the server responded with a status of 404 () @ https://pokeapi.co/api/v2/pokemon-species/10140/:0
[  234589ms] [ERROR] Failed to load resource: the server responded with a status of 404 () @ https://pokeapi.co/api/v2/pokemon-species/10141/:0
[  234590ms] [ERROR] Failed to load resource: the server responded with a status of 404 () @ https://pokeapi.co/api/v2/pokemon-species/10142/:0
[  234590ms] [ERROR] Failed to load resource: the server responded with a status of 404 () @ https://pokeapi.co/api/v2/pokemon-species/10143/:0
[  234608ms] [ERROR] Failed to load resource: the server responded with a status of 404 () @ https://pokeapi.co/api/v2/pokemon-species/10144/:0
[  234609ms] [ERROR] Failed to load resource: the server responded with a status of 404 () @ https://pokeapi.co/api/v2/pokemon-species/10145/:0
[  234610ms] [ERROR] Failed to load resource: the server responded with a status of 404 () @ https://pokeapi.co/api/v2/pokemon-species/10146/:0
[  234689ms] [ERROR] Failed to load resource: the server responded with a status of 404 () @ https://pokeapi.co/api/v2/pokemon-species/10147/:0
[  234691ms] [ERROR] Failed to load resource: the server responded with a status of 404 () @ https://pokeapi.co/api/v2/pokemon-species/10148/:0
[  234691ms] [ERROR] Failed to load resource: the server responded with a status of 404 () @ https://pokeapi.co/api/v2/pokemon-species/10149/:0
[  234691ms] [ERROR] Failed to load resource: the server responded with a status of 404 () @ https://pokeapi.co/api/v2/pokemon-species/10150/:0
[  234691ms] [ERROR] Failed to load resource: the server responded with a status of 404 () @ https://pokeapi.co/api/v2/pokemon-species/10151/:0
[  234694ms] [ERROR] Failed to load resource: the server responded with a status of 404 () @ https://pokeapi.co/api/v2/pokemon-species/10152/:0
[  234694ms] [ERROR] Failed to load resource: the server responded with a status of 404 () @ https://pokeapi.co/api/v2/pokemon-species/10153/:0
[  234695ms] [ERROR] Failed to load resource: the server responded with a status of 404 () @ https://pokeapi.co/api/v2/pokemon-species/10154/:0
[  234695ms] [ERROR] Failed to load resource: the server responded with a status of 404 () @ https://pokeapi.co/api/v2/pokemon-species/10155/:0
[  234772ms] [ERROR] Failed to load resource: the server responded with a status of 404 () @ https://pokeapi.co/api/v2/pokemon-species/10156/:0
[  234773ms] [ERROR] Failed to load resource: the server responded with a status of 404 () @ https://pokeapi.co/api/v2/pokemon-species/10157/:0
[  234773ms] [ERROR] Failed to load resource: the server responded with a status of 404 () @ https://pokeapi.co/api/v2/pokemon-species/10158/:0
[  234776ms] [ERROR] Failed to load resource: the server responded with a status of 404 () @ https://pokeapi.co/api/v2/pokemon-species/10159/:0
[  234777ms] [ERROR] Failed to load resource: the server responded with a status of 404 () @ https://pokeapi.co/api/v2/pokemon-species/10160/:0
[  234782ms] [ERROR] Failed to load resource: the server responded with a status of 404 () @ https://pokeapi.co/api/v2/pokemon-species/10161/:0
[  234782ms] [ERROR] Failed to load resource: the server responded with a status of 404 () @ https://pokeapi.co/api/v2/pokemon-species/10162/:0
[  234783ms] [ERROR] Failed to load resource: the server responded with a status of 404 () @ https://pokeapi.co/api/v2/pokemon-species/10163/:0
[  234804ms] [ERROR] Failed to load resource: the server responded with a status of 404 () @ https://pokeapi.co/api/v2/pokemon-species/10164/:0
[  234805ms] [ERROR] Failed to load resource: the server responded with a status of 404 () @ https://pokeapi.co/api/v2/pokemon-species/10165/:0
[  234805ms] [ERROR] Failed to load resource: the server responded with a status of 404 () @ https://pokeapi.co/api/v2/pokemon-species/10166/:0
[  234806ms] [ERROR] Failed to load resource: the server responded with a status of 404 () @ https://pokeapi.co/api/v2/pokemon-species/10167/:0
[  234809ms] [ERROR] Failed to load resource: the server responded with a status of 404 () @ https://pokeapi.co/api/v2/pokemon-species/10168/:0
[  234845ms] [ERROR] Failed to load resource: the server responded with a status of 404 () @ https://pokeapi.co/api/v2/pokemon-species/10169/:0
[  234846ms] [ERROR] Failed to load resource: the server responded with a status of 404 () @ https://pokeapi.co/api/v2/pokemon-species/10170/:0
[  234846ms] [ERROR] Failed to load resource: the server responded with a status of 404 () @ https://pokeapi.co/api/v2/pokemon-species/10171/:0
[  234846ms] [ERROR] Failed to load resource: the server responded with a status of 404 () @ https://pokeapi.co/api/v2/pokemon-species/10172/:0
[  234847ms] [ERROR] Failed to load resource: the server responded with a status of 404 () @ https://pokeapi.co/api/v2/pokemon-species/10173/:0
[  234847ms] [ERROR] Failed to load resource: the server responded with a status of 404 () @ https://pokeapi.co/api/v2/pokemon-species/10174/:0
[  234847ms] [ERROR] Failed to load resource: the server responded with a status of 404 () @ https://pokeapi.co/api/v2/pokemon-species/10175/:0
[  234929ms] [ERROR] Failed to load resource: the server responded with a status of 404 () @ https://pokeapi.co/api/v2/pokemon-species/10176/:0
[  234929ms] [ERROR] Failed to load resource: the server responded with a status of 404 () @ https://pokeapi.co/api/v2/pokemon-species/10177/:0
[  234936ms] [ERROR] Failed to load resource: the server responded with a status of 404 () @ https://pokeapi.co/api/v2/pokemon-species/10178/:0
[  234938ms] [ERROR] Failed to load resource: the server responded with a status of 404 () @ https://pokeapi.co/api/v2/pokemon-species/10179/:0
[  234939ms] [ERROR] Failed to load resource: the server responded with a status of 404 () @ https://pokeapi.co/api/v2/pokemon-species/10180/:0
[  234939ms] [ERROR] Failed to load resource: the server responded with a status of 404 () @ https://pokeapi.co/api/v2/pokemon-species/10181/:0
[  234940ms] [ERROR] Failed to load resource: the server responded with a status of 404 () @ https://pokeapi.co/api/v2/pokemon-species/10182/:0
[  234940ms] [ERROR] Failed to load resource: the server responded with a status of 404 () @ https://pokeapi.co/api/v2/pokemon-species/10183/:0
[  234941ms] [ERROR] Failed to load resource: the server responded with a status of 404 () @ https://pokeapi.co/api/v2/pokemon-species/10184/:0
[  234941ms] [ERROR] Failed to load resource: the server responded with a status of 404 () @ https://pokeapi.co/api/v2/pokemon-species/10185/:0
[  234941ms] [ERROR] Failed to load resource: the server responded with a status of 404 () @ https://pokeapi.co/api/v2/pokemon-species/10186/:0
[  234942ms] [ERROR] Failed to load resource: the server responded with a status of 404 () @ https://pokeapi.co/api/v2/pokemon-species/10187/:0
[  234942ms] [ERROR] Failed to load resource: the server responded with a status of 404 () @ https://pokeapi.co/api/v2/pokemon-species/10188/:0
[  234942ms] [ERROR] Failed to load resource: the server responded with a status of 404 () @ https://pokeapi.co/api/v2/pokemon-species/10189/:0
[  234942ms] [ERROR] Failed to load resource: the server responded with a status of 404 () @ https://pokeapi.co/api/v2/pokemon-species/10190/:0
[  234943ms] [ERROR] Failed to load resource: the server responded with a status of 404 () @ https://pokeapi.co/api/v2/pokemon-species/10191/:0
[  234943ms] [ERROR] Failed to load resource: the server responded with a status of 404 () @ https://pokeapi.co/api/v2/pokemon-species/10192/:0
[  234943ms] [ERROR] Failed to load resource: the server responded with a status of 404 () @ https://pokeapi.co/api/v2/pokemon-species/10193/:0
[  234943ms] [ERROR] Failed to load resource: the server responded with a status of 404 () @ https://pokeapi.co/api/v2/pokemon-species/10194/:0
[  234944ms] [ERROR] Failed to load resource: the server responded with a status of 404 () @ https://pokeapi.co/api/v2/pokemon-species/10195/:0
[  235008ms] [ERROR] Failed to load resource: the server responded with a status of 404 () @ https://pokeapi.co/api/v2/pokemon-species/10196/:0
[  235008ms] [ERROR] Failed to load resource: the server responded with a status of 404 () @ https://pokeapi.co/api/v2/pokemon-species/10197/:0
[  235009ms] [ERROR] Failed to load resource: the server responded with a status of 404 () @ https://pokeapi.co/api/v2/pokemon-species/10198/:0
[  235009ms] [ERROR] Failed to load resource: the server responded with a status of 404 () @ https://pokeapi.co/api/v2/pokemon-species/10199/:0
[  235009ms] [ERROR] Failed to load resource: the server responded with a status of 404 () @ https://pokeapi.co/api/v2/pokemon-species/10200/:0
[  235011ms] [ERROR] Failed to load resource: the server responded with a status of 404 () @ https://pokeapi.co/api/v2/pokemon-species/10201/:0
[  235022ms] [ERROR] Failed to load resource: the server responded with a status of 404 () @ https://pokeapi.co/api/v2/pokemon-species/10202/:0
[  235023ms] [ERROR] Failed to load resource: the server responded with a status of 404 () @ https://pokeapi.co/api/v2/pokemon-species/10203/:0
[  235024ms] [ERROR] Failed to load resource: the server responded with a status of 404 () @ https://pokeapi.co/api/v2/pokemon-species/10204/:0
[  235026ms] [ERROR] Failed to load resource: the server responded with a status of 404 () @ https://pokeapi.co/api/v2/pokemon-species/10205/:0
[  235029ms] [ERROR] Failed to load resource: the server responded with a status of 404 () @ https://pokeapi.co/api/v2/pokemon-species/10206/:0
[  235029ms] [ERROR] Failed to load resource: the server responded with a status of 404 () @ https://pokeapi.co/api/v2/pokemon-species/10207/:0
[  235029ms] [ERROR] Failed to load resource: the server responded with a status of 404 () @ https://pokeapi.co/api/v2/pokemon-species/10208/:0
[  235031ms] [ERROR] Failed to load resource: the server responded with a status of 404 () @ https://pokeapi.co/api/v2/pokemon-species/10209/:0
[  235036ms] [ERROR] Failed to load resource: the server responded with a status of 404 () @ https://pokeapi.co/api/v2/pokemon-species/10210/:0
[  235038ms] [ERROR] Failed to load resource: the server responded with a status of 404 () @ https://pokeapi.co/api/v2/pokemon-species/10211/:0
[  235039ms] [ERROR] Failed to load resource: the server responded with a status of 404 () @ https://pokeapi.co/api/v2/pokemon-species/10212/:0
[  235044ms] [ERROR] Failed to load resource: the server responded with a status of 404 () @ https://pokeapi.co/api/v2/pokemon-species/10213/:0
[  235054ms] [ERROR] Failed to load resource: the server responded with a status of 404 () @ https://pokeapi.co/api/v2/pokemon-species/10214/:0
[  235055ms] [ERROR] Failed to load resource: the server responded with a status of 404 () @ https://pokeapi.co/api/v2/pokemon-species/10215/:0
[  235106ms] [ERROR] Failed to load resource: the server responded with a status of 404 () @ https://pokeapi.co/api/v2/pokemon-species/10216/:0
[  235107ms] [ERROR] Failed to load resource: the server responded with a status of 404 () @ https://pokeapi.co/api/v2/pokemon-species/10217/:0
[  235110ms] [ERROR] Failed to load resource: the server responded with a status of 404 () @ https://pokeapi.co/api/v2/pokemon-species/10218/:0
[  235112ms] [ERROR] Failed to load resource: the server responded with a status of 404 () @ https://pokeapi.co/api/v2/pokemon-species/10219/:0
[  235114ms] [ERROR] Failed to load resource: the server responded with a status of 404 () @ https://pokeapi.co/api/v2/pokemon-species/10220/:0
[  235114ms] [ERROR] Failed to load resource: the server responded with a status of 404 () @ https://pokeapi.co/api/v2/pokemon-species/10221/:0
[  235115ms] [ERROR] Failed to load resource: the server responded with a status of 404 () @ https://pokeapi.co/api/v2/pokemon-species/10222/:0
[  235115ms] [ERROR] Failed to load resource: the server responded with a status of 404 () @ https://pokeapi.co/api/v2/pokemon-species/10223/:0
[  235116ms] [ERROR] Failed to load resource: the server responded with a status of 404 () @ https://pokeapi.co/api/v2/pokemon-species/10224/:0
[  235116ms] [ERROR] Failed to load resource: the server responded with a status of 404 () @ https://pokeapi.co/api/v2/pokemon-species/10225/:0
[  235117ms] [ERROR] Failed to load resource: the server responded with a status of 404 () @ https://pokeapi.co/api/v2/pokemon-species/10226/:0
[  235117ms] [ERROR] Failed to load resource: the server responded with a status of 404 () @ https://pokeapi.co/api/v2/pokemon-species/10227/:0
[  235117ms] [ERROR] Failed to load resource: the server responded with a status of 404 () @ https://pokeapi.co/api/v2/pokemon-species/10228/:0
[  235118ms] [ERROR] Failed to load resource: the server responded with a status of 404 () @ https://pokeapi.co/api/v2/pokemon-species/10229/:0
[  235118ms] [ERROR] Failed to load resource: the server responded with a status of 404 () @ https://pokeapi.co/api/v2/pokemon-species/10230/:0
[  235118ms] [ERROR] Failed to load resource: the server responded with a status of 404 () @ https://pokeapi.co/api/v2/pokemon-species/10231/:0
[  235118ms] [ERROR] Failed to load resource: the server responded with a status of 404 () @ https://pokeapi.co/api/v2/pokemon-species/10232/:0
[  235119ms] [ERROR] Failed to load resource: the server responded with a status of 404 () @ https://pokeapi.co/api/v2/pokemon-species/10233/:0
[  235119ms] [ERROR] Failed to load resource: the server responded with a status of 404 () @ https://pokeapi.co/api/v2/pokemon-species/10234/:0
[  235119ms] [ERROR] Failed to load resource: the server responded with a status of 404 () @ https://pokeapi.co/api/v2/pokemon-species/10235/:0
[  235192ms] [ERROR] Failed to load resource: the server responded with a status of 404 () @ https://pokeapi.co/api/v2/pokemon-species/10236/:0
[  235211ms] [ERROR] Failed to load resource: the server responded with a status of 404 () @ https://pokeapi.co/api/v2/pokemon-species/10237/:0
[  235212ms] [ERROR] Failed to load resource: the server responded with a status of 404 () @ https://pokeapi.co/api/v2/pokemon-species/10238/:0
[  235215ms] [ERROR] Failed to load resource: the server responded with a status of 404 () @ https://pokeapi.co/api/v2/pokemon-species/10239/:0
[  235216ms] [ERROR] Failed to load resource: the server responded with a status of 404 () @ https://pokeapi.co/api/v2/pokemon-species/10240/:0
[  235216ms] [ERROR] Failed to load resource: the server responded with a status of 404 () @ https://pokeapi.co/api/v2/pokemon-species/10241/:0
[  235217ms] [ERROR] Failed to load resource: the server responded with a status of 404 () @ https://pokeapi.co/api/v2/pokemon-species/10242/:0
[  235218ms] [ERROR] Failed to load resource: the server responded with a status of 404 () @ https://pokeapi.co/api/v2/pokemon-species/10243/:0
[  235219ms] [ERROR] Failed to load resource: the server responded with a status of 404 () @ https://pokeapi.co/api/v2/pokemon-species/10244/:0
[  235219ms] [ERROR] Failed to load resource: the server responded with a status of 404 () @ https://pokeapi.co/api/v2/pokemon-species/10245/:0
[  235220ms] [ERROR] Failed to load resource: the server responded with a status of 404 () @ https://pokeapi.co/api/v2/pokemon-species/10246/:0
[  235221ms] [ERROR] Failed to load resource: the server responded with a status of 404 () @ https://pokeapi.co/api/v2/pokemon-species/10247/:0
[  235227ms] [ERROR] Failed to load resource: the server responded with a status of 404 () @ https://pokeapi.co/api/v2/pokemon-species/10248/:0
[  235228ms] [ERROR] Failed to load resource: the server responded with a status of 404 () @ https://pokeapi.co/api/v2/pokemon-species/10249/:0
[  235229ms] [ERROR] Failed to load resource: the server responded with a status of 404 () @ https://pokeapi.co/api/v2/pokemon-species/10250/:0
[  235231ms] [ERROR] Failed to load resource: the server responded with a status of 404 () @ https://pokeapi.co/api/v2/pokemon-species/10251/:0
[  235231ms] [ERROR] Failed to load resource: the server responded with a status of 404 () @ https://pokeapi.co/api/v2/pokemon-species/10252/:0
[  235231ms] [ERROR] Failed to load resource: the server responded with a status of 404 () @ https://pokeapi.co/api/v2/pokemon-species/10253/:0
[  235232ms] [ERROR] Failed to load resource: the server responded with a status of 404 () @ https://pokeapi.co/api/v2/pokemon-species/10254/:0
[  235237ms] [ERROR] Failed to load resource: the server responded with a status of 404 () @ https://pokeapi.co/api/v2/pokemon-species/10255/:0
[  235312ms] [ERROR] Failed to load resource: the server responded with a status of 404 () @ https://pokeapi.co/api/v2/pokemon-species/10256/:0
[  235312ms] [ERROR] Failed to load resource: the server responded with a status of 404 () @ https://pokeapi.co/api/v2/pokemon-species/10257/:0
[  235313ms] [ERROR] Failed to load resource: the server responded with a status of 404 () @ https://pokeapi.co/api/v2/pokemon-species/10258/:0
[  235314ms] [ERROR] Failed to load resource: the server responded with a status of 404 () @ https://pokeapi.co/api/v2/pokemon-species/10259/:0
[  235314ms] [ERROR] Failed to load resource: the server responded with a status of 404 () @ https://pokeapi.co/api/v2/pokemon-species/10260/:0
[  235316ms] [ERROR] Failed to load resource: the server responded with a status of 404 () @ https://pokeapi.co/api/v2/pokemon-species/10261/:0
[  235317ms] [ERROR] Failed to load resource: the server responded with a status of 404 () @ https://pokeapi.co/api/v2/pokemon-species/10262/:0
[  235317ms] [ERROR] Failed to load resource: the server responded with a status of 404 () @ https://pokeapi.co/api/v2/pokemon-species/10263/:0
[  235317ms] [ERROR] Failed to load resource: the server responded with a status of 404 () @ https://pokeapi.co/api/v2/pokemon-species/10264/:0
[  235318ms] [ERROR] Failed to load resource: the server responded with a status of 404 () @ https://pokeapi.co/api/v2/pokemon-species/10265/:0
[  235318ms] [ERROR] Failed to load resource: the server responded with a status of 404 () @ https://pokeapi.co/api/v2/pokemon-species/10266/:0
[  235318ms] [ERROR] Failed to load resource: the server responded with a status of 404 () @ https://pokeapi.co/api/v2/pokemon-species/10267/:0
[  235319ms] [ERROR] Failed to load resource: the server responded with a status of 404 () @ https://pokeapi.co/api/v2/pokemon-species/10268/:0
[  235319ms] [ERROR] Failed to load resource: the server responded with a status of 404 () @ https://pokeapi.co/api/v2/pokemon-species/10269/:0
[  235319ms] [ERROR] Failed to load resource: the server responded with a status of 404 () @ https://pokeapi.co/api/v2/pokemon-species/10270/:0
[  235320ms] [ERROR] Failed to load resource: the server responded with a status of 404 () @ https://pokeapi.co/api/v2/pokemon-species/10271/:0
[  235323ms] [ERROR] Failed to load resource: the server responded with a status of 404 () @ https://pokeapi.co/api/v2/pokemon-species/10272/:0
[  235324ms] [ERROR] Failed to load resource: the server responded with a status of 404 () @ https://pokeapi.co/api/v2/pokemon-species/10273/:0
[  235325ms] [ERROR] Failed to load resource: the server responded with a status of 404 () @ https://pokeapi.co/api/v2/pokemon-species/10274/:0
[  235326ms] [ERROR] Failed to load resource: the server responded with a status of 404 () @ https://pokeapi.co/api/v2/pokemon-species/10275/:0
[  235379ms] [ERROR] Failed to load resource: the server responded with a status of 404 () @ https://pokeapi.co/api/v2/pokemon-species/10276/:0
[  235395ms] [ERROR] Failed to load resource: the server responded with a status of 404 () @ https://pokeapi.co/api/v2/pokemon-species/10277/:0
[  235398ms] [ERROR] Failed to load resource: the server responded with a status of 404 () @ https://pokeapi.co/api/v2/pokemon-species/10278/:0
[  235400ms] [ERROR] Failed to load resource: the server responded with a status of 404 () @ https://pokeapi.co/api/v2/pokemon-species/10279/:0
[  235401ms] [ERROR] Failed to load resource: the server responded with a status of 404 () @ https://pokeapi.co/api/v2/pokemon-species/10280/:0
[  235403ms] [ERROR] Failed to load resource: the server responded with a status of 404 () @ https://pokeapi.co/api/v2/pokemon-species/10281/:0
[  235403ms] [ERROR] Failed to load resource: the server responded with a status of 404 () @ https://pokeapi.co/api/v2/pokemon-species/10282/:0
[  235403ms] [ERROR] Failed to load resource: the server responded with a status of 404 () @ https://pokeapi.co/api/v2/pokemon-species/10283/:0
[  235404ms] [ERROR] Failed to load resource: the server responded with a status of 404 () @ https://pokeapi.co/api/v2/pokemon-species/10284/:0
[  235404ms] [ERROR] Failed to load resource: the server responded with a status of 404 () @ https://pokeapi.co/api/v2/pokemon-species/10285/:0
[  235405ms] [ERROR] Failed to load resource: the server responded with a status of 404 () @ https://pokeapi.co/api/v2/pokemon-species/10286/:0
[  235406ms] [ERROR] Failed to load resource: the server responded with a status of 404 () @ https://pokeapi.co/api/v2/pokemon-species/10287/:0
[  235408ms] [ERROR] Failed to load resource: the server responded with a status of 404 () @ https://pokeapi.co/api/v2/pokemon-species/10288/:0
[  235408ms] [ERROR] Failed to load resource: the server responded with a status of 404 () @ https://pokeapi.co/api/v2/pokemon-species/10289/:0
[  235409ms] [ERROR] Failed to load resource: the server responded with a status of 404 () @ https://pokeapi.co/api/v2/pokemon-species/10290/:0
[  235409ms] [ERROR] Failed to load resource: the server responded with a status of 404 () @ https://pokeapi.co/api/v2/pokemon-species/10291/:0
[  235409ms] [ERROR] Failed to load resource: the server responded with a status of 404 () @ https://pokeapi.co/api/v2/pokemon-species/10292/:0
[  235409ms] [ERROR] Failed to load resource: the server responded with a status of 404 () @ https://pokeapi.co/api/v2/pokemon-species/10293/:0
[  235409ms] [ERROR] Failed to load resource: the server responded with a status of 404 () @ https://pokeapi.co/api/v2/pokemon-species/10294/:0
[  235410ms] [ERROR] Failed to load resource: the server responded with a status of 404 () @ https://pokeapi.co/api/v2/pokemon-species/10295/:0
[  235489ms] [ERROR] Failed to load resource: the server responded with a status of 404 () @ https://pokeapi.co/api/v2/pokemon-species/10296/:0
[  235489ms] [ERROR] Failed to load resource: the server responded with a status of 404 () @ https://pokeapi.co/api/v2/pokemon-species/10297/:0
[  235490ms] [ERROR] Failed to load resource: the server responded with a status of 404 () @ https://pokeapi.co/api/v2/pokemon-species/10298/:0
[  235490ms] [ERROR] Failed to load resource: the server responded with a status of 404 () @ https://pokeapi.co/api/v2/pokemon-species/10299/:0
[  235491ms] [ERROR] Failed to load resource: the server responded with a status of 404 () @ https://pokeapi.co/api/v2/pokemon-species/10300/:0
[  235492ms] [ERROR] Failed to load resource: the server responded with a status of 404 () @ https://pokeapi.co/api/v2/pokemon-species/10301/:0
[  235493ms] [ERROR] Failed to load resource: the server responded with a status of 404 () @ https://pokeapi.co/api/v2/pokemon-species/10302/:0
[  235493ms] [ERROR] Failed to load resource: the server responded with a status of 404 () @ https://pokeapi.co/api/v2/pokemon-species/10303/:0
[  235493ms] [ERROR] Failed to load resource: the server responded with a status of 404 () @ https://pokeapi.co/api/v2/pokemon-species/10304/:0
[  235494ms] [ERROR] Failed to load resource: the server responded with a status of 404 () @ https://pokeapi.co/api/v2/pokemon-species/10305/:0
[  235494ms] [ERROR] Failed to load resource: the server responded with a status of 404 () @ https://pokeapi.co/api/v2/pokemon-species/10306/:0
[  235504ms] [ERROR] Failed to load resource: the server responded with a status of 404 () @ https://pokeapi.co/api/v2/pokemon-species/10307/:0
[  235519ms] [ERROR] Failed to load resource: the server responded with a status of 404 () @ https://pokeapi.co/api/v2/pokemon-species/10308/:0
[  235520ms] [ERROR] Failed to load resource: the server responded with a status of 404 () @ https://pokeapi.co/api/v2/pokemon-species/10309/:0
[  235520ms] [ERROR] Failed to load resource: the server responded with a status of 404 () @ https://pokeapi.co/api/v2/pokemon-species/10310/:0
[  235521ms] [ERROR] Failed to load resource: the server responded with a status of 404 () @ https://pokeapi.co/api/v2/pokemon-species/10311/:0
[  235521ms] [ERROR] Failed to load resource: the server responded with a status of 404 () @ https://pokeapi.co/api/v2/pokemon-species/10312/:0
[  235521ms] [ERROR] Failed to load resource: the server responded with a status of 404 () @ https://pokeapi.co/api/v2/pokemon-species/10313/:0
[  235522ms] [ERROR] Failed to load resource: the server responded with a status of 404 () @ https://pokeapi.co/api/v2/pokemon-species/10314/:0
[  235534ms] [ERROR] Failed to load resource: the server responded with a status of 404 () @ https://pokeapi.co/api/v2/pokemon-species/10315/:0
[  235602ms] [ERROR] Failed to load resource: the server responded with a status of 404 () @ https://pokeapi.co/api/v2/pokemon-species/10316/:0
[  235603ms] [ERROR] Failed to load resource: the server responded with a status of 404 () @ https://pokeapi.co/api/v2/pokemon-species/10317/:0
[  235606ms] [ERROR] Failed to load resource: the server responded with a status of 404 () @ https://pokeapi.co/api/v2/pokemon-species/10318/:0
[  235620ms] [ERROR] Failed to load resource: the server responded with a status of 404 () @ https://pokeapi.co/api/v2/pokemon-species/10319/:0
[  235620ms] [ERROR] Failed to load resource: the server responded with a status of 404 () @ https://pokeapi.co/api/v2/pokemon-species/10320/:0
[  235620ms] [ERROR] Failed to load resource: the server responded with a status of 404 () @ https://pokeapi.co/api/v2/pokemon-species/10321/:0
[  235680ms] [ERROR] Failed to load resource: the server responded with a status of 404 () @ https://pokeapi.co/api/v2/pokemon-species/10322/:0
[  235682ms] [ERROR] Failed to load resource: the server responded with a status of 404 () @ https://pokeapi.co/api/v2/pokemon-species/10323/:0
[  235683ms] [ERROR] Failed to load resource: the server responded with a status of 404 () @ https://pokeapi.co/api/v2/pokemon-species/10324/:0
[  235736ms] [ERROR] Failed to load resource: the server responded with a status of 404 () @ https://pokeapi.co/api/v2/pokemon-species/10325/:0
[  251267ms] [ERROR] Failed to load resource: the server responded with a status of 404 () @ https://pokeapi.co/api/v2/pokemon-species/10002/:0
[  251267ms] [ERROR] Failed to load resource: the server responded with a status of 404 () @ https://pokeapi.co/api/v2/pokemon-species/10003/:0
[  251270ms] [ERROR] Failed to load resource: the server responded with a status of 404 () @ https://pokeapi.co/api/v2/pokemon-species/10004/:0
[  251270ms] [ERROR] Failed to load resource: the server responded with a status of 404 () @ https://pokeapi.co/api/v2/pokemon-species/10001/:0
[  251271ms] [ERROR] Failed to load resource: the server responded with a status of 404 () @ https://pokeapi.co/api/v2/pokemon-species/10005/:0
[  251271ms] [ERROR] Failed to load resource: the server responded with a status of 404 () @ https://pokeapi.co/api/v2/pokemon-species/10006/:0
[  251272ms] [ERROR] Failed to load resource: the server responded with a status of 404 () @ https://pokeapi.co/api/v2/pokemon-species/10007/:0
[  251272ms] [ERROR] Failed to load resource: the server responded with a status of 404 () @ https://pokeapi.co/api/v2/pokemon-species/10008/:0
[  251272ms] [ERROR] Failed to load resource: the server responded with a status of 404 () @ https://pokeapi.co/api/v2/pokemon-species/10009/:0
[  251272ms] [ERROR] Failed to load resource: the server responded with a status of 404 () @ https://pokeapi.co/api/v2/pokemon-species/10010/:0
[  251273ms] [ERROR] Failed to load resource: the server responded with a status of 404 () @ https://pokeapi.co/api/v2/pokemon-species/10011/:0
[  251273ms] [ERROR] Failed to load resource: the server responded with a status of 404 () @ https://pokeapi.co/api/v2/pokemon-species/10012/:0
[  251273ms] [ERROR] Failed to load resource: the server responded with a status of 404 () @ https://pokeapi.co/api/v2/pokemon-species/10013/:0
[  251273ms] [ERROR] Failed to load resource: the server responded with a status of 404 () @ https://pokeapi.co/api/v2/pokemon-species/10014/:0
[  251274ms] [ERROR] Failed to load resource: the server responded with a status of 404 () @ https://pokeapi.co/api/v2/pokemon-species/10015/:0
[  251301ms] [ERROR] Failed to load resource: the server responded with a status of 404 () @ https://pokeapi.co/api/v2/pokemon-species/10016/:0
[  251311ms] [ERROR] Failed to load resource: the server responded with a status of 404 () @ https://pokeapi.co/api/v2/pokemon-species/10017/:0
[  251312ms] [ERROR] Failed to load resource: the server responded with a status of 404 () @ https://pokeapi.co/api/v2/pokemon-species/10018/:0
[  251313ms] [ERROR] Failed to load resource: the server responded with a status of 404 () @ https://pokeapi.co/api/v2/pokemon-species/10019/:0
[  251314ms] [ERROR] Failed to load resource: the server responded with a status of 404 () @ https://pokeapi.co/api/v2/pokemon-species/10020/:0
[  251315ms] [ERROR] Failed to load resource: the server responded with a status of 404 () @ https://pokeapi.co/api/v2/pokemon-species/10021/:0
[  251316ms] [ERROR] Failed to load resource: the server responded with a status of 404 () @ https://pokeapi.co/api/v2/pokemon-species/10022/:0
[  251316ms] [ERROR] Failed to load resource: the server responded with a status of 404 () @ https://pokeapi.co/api/v2/pokemon-species/10023/:0
[  251317ms] [ERROR] Failed to load resource: the server responded with a status of 404 () @ https://pokeapi.co/api/v2/pokemon-species/10024/:0
[  251317ms] [ERROR] Failed to load resource: the server responded with a status of 404 () @ https://pokeapi.co/api/v2/pokemon-species/10025/:0
[  251317ms] [ERROR] Failed to load resource: the server responded with a status of 404 () @ https://pokeapi.co/api/v2/pokemon-species/10026/:0
[  251317ms] [ERROR] Failed to load resource: the server responded with a status of 404 () @ https://pokeapi.co/api/v2/pokemon-species/10027/:0
[  251317ms] [ERROR] Failed to load resource: the server responded with a status of 404 () @ https://pokeapi.co/api/v2/pokemon-species/10028/:0
[  251318ms] [ERROR] Failed to load resource: the server responded with a status of 404 () @ https://pokeapi.co/api/v2/pokemon-species/10029/:0
[  251318ms] [ERROR] Failed to load resource: the server responded with a status of 404 () @ https://pokeapi.co/api/v2/pokemon-species/10030/:0
[  251318ms] [ERROR] Failed to load resource: the server responded with a status of 404 () @ https://pokeapi.co/api/v2/pokemon-species/10031/:0
[  251318ms] [ERROR] Failed to load resource: the server responded with a status of 404 () @ https://pokeapi.co/api/v2/pokemon-species/10032/:0
[  251318ms] [ERROR] Failed to load resource: the server responded with a status of 404 () @ https://pokeapi.co/api/v2/pokemon-species/10033/:0
[  251319ms] [ERROR] Failed to load resource: the server responded with a status of 404 () @ https://pokeapi.co/api/v2/pokemon-species/10034/:0
[  251319ms] [ERROR] Failed to load resource: the server responded with a status of 404 () @ https://pokeapi.co/api/v2/pokemon-species/10035/:0
[  251342ms] [ERROR] Failed to load resource: the server responded with a status of 404 () @ https://pokeapi.co/api/v2/pokemon-species/10036/:0
[  251352ms] [ERROR] Failed to load resource: the server responded with a status of 404 () @ https://pokeapi.co/api/v2/pokemon-species/10037/:0
[  251354ms] [ERROR] Failed to load resource: the server responded with a status of 404 () @ https://pokeapi.co/api/v2/pokemon-species/10038/:0
[  251355ms] [ERROR] Failed to load resource: the server responded with a status of 404 () @ https://pokeapi.co/api/v2/pokemon-species/10039/:0
[  251356ms] [ERROR] Failed to load resource: the server responded with a status of 404 () @ https://pokeapi.co/api/v2/pokemon-species/10040/:0
[  251356ms] [ERROR] Failed to load resource: the server responded with a status of 404 () @ https://pokeapi.co/api/v2/pokemon-species/10041/:0
[  251358ms] [ERROR] Failed to load resource: the server responded with a status of 404 () @ https://pokeapi.co/api/v2/pokemon-species/10042/:0
[  251358ms] [ERROR] Failed to load resource: the server responded with a status of 404 () @ https://pokeapi.co/api/v2/pokemon-species/10043/:0
[  251358ms] [ERROR] Failed to load resource: the server responded with a status of 404 () @ https://pokeapi.co/api/v2/pokemon-species/10044/:0
[  251358ms] [ERROR] Failed to load resource: the server responded with a status of 404 () @ https://pokeapi.co/api/v2/pokemon-species/10045/:0
[  251358ms] [ERROR] Failed to load resource: the server responded with a status of 404 () @ https://pokeapi.co/api/v2/pokemon-species/10046/:0
[  251359ms] [ERROR] Failed to load resource: the server responded with a status of 404 () @ https://pokeapi.co/api/v2/pokemon-species/10047/:0
[  251359ms] [ERROR] Failed to load resource: the server responded with a status of 404 () @ https://pokeapi.co/api/v2/pokemon-species/10048/:0
[  251359ms] [ERROR] Failed to load resource: the server responded with a status of 404 () @ https://pokeapi.co/api/v2/pokemon-species/10049/:0
[  251359ms] [ERROR] Failed to load resource: the server responded with a status of 404 () @ https://pokeapi.co/api/v2/pokemon-species/10050/:0
[  251359ms] [ERROR] Failed to load resource: the server responded with a status of 404 () @ https://pokeapi.co/api/v2/pokemon-species/10051/:0
[  251359ms] [ERROR] Failed to load resource: the server responded with a status of 404 () @ https://pokeapi.co/api/v2/pokemon-species/10052/:0
[  251360ms] [ERROR] Failed to load resource: the server responded with a status of 404 () @ https://pokeapi.co/api/v2/pokemon-species/10053/:0
[  251360ms] [ERROR] Failed to load resource: the server responded with a status of 404 () @ https://pokeapi.co/api/v2/pokemon-species/10054/:0
[  251360ms] [ERROR] Failed to load resource: the server responded with a status of 404 () @ https://pokeapi.co/api/v2/pokemon-species/10055/:0
[  251384ms] [ERROR] Failed to load resource: the server responded with a status of 404 () @ https://pokeapi.co/api/v2/pokemon-species/10056/:0
[  251395ms] [ERROR] Failed to load resource: the server responded with a status of 404 () @ https://pokeapi.co/api/v2/pokemon-species/10057/:0
[  251397ms] [ERROR] Failed to load resource: the server responded with a status of 404 () @ https://pokeapi.co/api/v2/pokemon-species/10058/:0
[  251398ms] [ERROR] Failed to load resource: the server responded with a status of 404 () @ https://pokeapi.co/api/v2/pokemon-species/10059/:0
[  251399ms] [ERROR] Failed to load resource: the server responded with a status of 404 () @ https://pokeapi.co/api/v2/pokemon-species/10060/:0
[  251400ms] [ERROR] Failed to load resource: the server responded with a status of 404 () @ https://pokeapi.co/api/v2/pokemon-species/10061/:0
[  251400ms] [ERROR] Failed to load resource: the server responded with a status of 404 () @ https://pokeapi.co/api/v2/pokemon-species/10062/:0
[  251400ms] [ERROR] Failed to load resource: the server responded with a status of 404 () @ https://pokeapi.co/api/v2/pokemon-species/10063/:0
[  251401ms] [ERROR] Failed to load resource: the server responded with a status of 404 () @ https://pokeapi.co/api/v2/pokemon-species/10064/:0
[  251401ms] [ERROR] Failed to load resource: the server responded with a status of 404 () @ https://pokeapi.co/api/v2/pokemon-species/10065/:0
[  251401ms] [ERROR] Failed to load resource: the server responded with a status of 404 () @ https://pokeapi.co/api/v2/pokemon-species/10066/:0
[  251401ms] [ERROR] Failed to load resource: the server responded with a status of 404 () @ https://pokeapi.co/api/v2/pokemon-species/10067/:0
[  251401ms] [ERROR] Failed to load resource: the server responded with a status of 404 () @ https://pokeapi.co/api/v2/pokemon-species/10068/:0
[  251402ms] [ERROR] Failed to load resource: the server responded with a status of 404 () @ https://pokeapi.co/api/v2/pokemon-species/10069/:0
[  251402ms] [ERROR] Failed to load resource: the server responded with a status of 404 () @ https://pokeapi.co/api/v2/pokemon-species/10070/:0
[  251402ms] [ERROR] Failed to load resource: the server responded with a status of 404 () @ https://pokeapi.co/api/v2/pokemon-species/10071/:0
[  251402ms] [ERROR] Failed to load resource: the server responded with a status of 404 () @ https://pokeapi.co/api/v2/pokemon-species/10072/:0
[  251402ms] [ERROR] Failed to load resource: the server responded with a status of 404 () @ https://pokeapi.co/api/v2/pokemon-species/10073/:0
[  251402ms] [ERROR] Failed to load resource: the server responded with a status of 404 () @ https://pokeapi.co/api/v2/pokemon-species/10074/:0
[  251402ms] [ERROR] Failed to load resource: the server responded with a status of 404 () @ https://pokeapi.co/api/v2/pokemon-species/10075/:0
[  251426ms] [ERROR] Failed to load resource: the server responded with a status of 404 () @ https://pokeapi.co/api/v2/pokemon-species/10076/:0
[  251431ms] [ERROR] Failed to load resource: the server responded with a status of 404 () @ https://pokeapi.co/api/v2/pokemon-species/10077/:0
[  251433ms] [ERROR] Failed to load resource: the server responded with a status of 404 () @ https://pokeapi.co/api/v2/pokemon-species/10080/:0
[  251435ms] [ERROR] Failed to load resource: the server responded with a status of 404 () @ https://pokeapi.co/api/v2/pokemon-species/10081/:0
[  251436ms] [ERROR] Failed to load resource: the server responded with a status of 404 () @ https://pokeapi.co/api/v2/pokemon-species/10078/:0
[  251436ms] [ERROR] Failed to load resource: the server responded with a status of 404 () @ https://pokeapi.co/api/v2/pokemon-species/10079/:0
[  251439ms] [ERROR] Failed to load resource: the server responded with a status of 404 () @ https://pokeapi.co/api/v2/pokemon-species/10082/:0
[  251439ms] [ERROR] Failed to load resource: the server responded with a status of 404 () @ https://pokeapi.co/api/v2/pokemon-species/10083/:0
[  251439ms] [ERROR] Failed to load resource: the server responded with a status of 404 () @ https://pokeapi.co/api/v2/pokemon-species/10084/:0
[  251440ms] [ERROR] Failed to load resource: the server responded with a status of 404 () @ https://pokeapi.co/api/v2/pokemon-species/10085/:0
[  251440ms] [ERROR] Failed to load resource: the server responded with a status of 404 () @ https://pokeapi.co/api/v2/pokemon-species/10086/:0
[  251440ms] [ERROR] Failed to load resource: the server responded with a status of 404 () @ https://pokeapi.co/api/v2/pokemon-species/10087/:0
[  251440ms] [ERROR] Failed to load resource: the server responded with a status of 404 () @ https://pokeapi.co/api/v2/pokemon-species/10088/:0
[  251440ms] [ERROR] Failed to load resource: the server responded with a status of 404 () @ https://pokeapi.co/api/v2/pokemon-species/10089/:0
[  251441ms] [ERROR] Failed to load resource: the server responded with a status of 404 () @ https://pokeapi.co/api/v2/pokemon-species/10090/:0
[  251441ms] [ERROR] Failed to load resource: the server responded with a status of 404 () @ https://pokeapi.co/api/v2/pokemon-species/10091/:0
[  251441ms] [ERROR] Failed to load resource: the server responded with a status of 404 () @ https://pokeapi.co/api/v2/pokemon-species/10092/:0
[  251441ms] [ERROR] Failed to load resource: the server responded with a status of 404 () @ https://pokeapi.co/api/v2/pokemon-species/10093/:0
[  251442ms] [ERROR] Failed to load resource: the server responded with a status of 404 () @ https://pokeapi.co/api/v2/pokemon-species/10094/:0
[  251442ms] [ERROR] Failed to load resource: the server responded with a status of 404 () @ https://pokeapi.co/api/v2/pokemon-species/10095/:0
[  251466ms] [ERROR] Failed to load resource: the server responded with a status of 404 () @ https://pokeapi.co/api/v2/pokemon-species/10096/:0
[  251475ms] [ERROR] Failed to load resource: the server responded with a status of 404 () @ https://pokeapi.co/api/v2/pokemon-species/10098/:0
[  251477ms] [ERROR] Failed to load resource: the server responded with a status of 404 () @ https://pokeapi.co/api/v2/pokemon-species/10097/:0
[  251479ms] [ERROR] Failed to load resource: the server responded with a status of 404 () @ https://pokeapi.co/api/v2/pokemon-species/10099/:0
[  251480ms] [ERROR] Failed to load resource: the server responded with a status of 404 () @ https://pokeapi.co/api/v2/pokemon-species/10100/:0
[  251481ms] [ERROR] Failed to load resource: the server responded with a status of 404 () @ https://pokeapi.co/api/v2/pokemon-species/10101/:0
[  251481ms] [ERROR] Failed to load resource: the server responded with a status of 404 () @ https://pokeapi.co/api/v2/pokemon-species/10102/:0
[  251481ms] [ERROR] Failed to load resource: the server responded with a status of 404 () @ https://pokeapi.co/api/v2/pokemon-species/10103/:0
[  251482ms] [ERROR] Failed to load resource: the server responded with a status of 404 () @ https://pokeapi.co/api/v2/pokemon-species/10104/:0
[  251482ms] [ERROR] Failed to load resource: the server responded with a status of 404 () @ https://pokeapi.co/api/v2/pokemon-species/10105/:0
[  251483ms] [ERROR] Failed to load resource: the server responded with a status of 404 () @ https://pokeapi.co/api/v2/pokemon-species/10106/:0
[  251483ms] [ERROR] Failed to load resource: the server responded with a status of 404 () @ https://pokeapi.co/api/v2/pokemon-species/10107/:0
[  251483ms] [ERROR] Failed to load resource: the server responded with a status of 404 () @ https://pokeapi.co/api/v2/pokemon-species/10108/:0
[  251483ms] [ERROR] Failed to load resource: the server responded with a status of 404 () @ https://pokeapi.co/api/v2/pokemon-species/10109/:0
[  251484ms] [ERROR] Failed to load resource: the server responded with a status of 404 () @ https://pokeapi.co/api/v2/pokemon-species/10110/:0
[  251484ms] [ERROR] Failed to load resource: the server responded with a status of 404 () @ https://pokeapi.co/api/v2/pokemon-species/10111/:0
[  251484ms] [ERROR] Failed to load resource: the server responded with a status of 404 () @ https://pokeapi.co/api/v2/pokemon-species/10112/:0
[  251484ms] [ERROR] Failed to load resource: the server responded with a status of 404 () @ https://pokeapi.co/api/v2/pokemon-species/10113/:0
[  251484ms] [ERROR] Failed to load resource: the server responded with a status of 404 () @ https://pokeapi.co/api/v2/pokemon-species/10114/:0
[  251485ms] [ERROR] Failed to load resource: the server responded with a status of 404 () @ https://pokeapi.co/api/v2/pokemon-species/10115/:0
[  251510ms] [ERROR] Failed to load resource: the server responded with a status of 404 () @ https://pokeapi.co/api/v2/pokemon-species/10116/:0
[  251511ms] [ERROR] Failed to load resource: the server responded with a status of 404 () @ https://pokeapi.co/api/v2/pokemon-species/10117/:0
[  251520ms] [ERROR] Failed to load resource: the server responded with a status of 404 () @ https://pokeapi.co/api/v2/pokemon-species/10118/:0
[  251521ms] [ERROR] Failed to load resource: the server responded with a status of 404 () @ https://pokeapi.co/api/v2/pokemon-species/10119/:0
[  251523ms] [ERROR] Failed to load resource: the server responded with a status of 404 () @ https://pokeapi.co/api/v2/pokemon-species/10120/:0
[  251523ms] [ERROR] Failed to load resource: the server responded with a status of 404 () @ https://pokeapi.co/api/v2/pokemon-species/10121/:0
[  251524ms] [ERROR] Failed to load resource: the server responded with a status of 404 () @ https://pokeapi.co/api/v2/pokemon-species/10122/:0
[  251526ms] [ERROR] Failed to load resource: the server responded with a status of 404 () @ https://pokeapi.co/api/v2/pokemon-species/10123/:0
[  251526ms] [ERROR] Failed to load resource: the server responded with a status of 404 () @ https://pokeapi.co/api/v2/pokemon-species/10124/:0
[  251527ms] [ERROR] Failed to load resource: the server responded with a status of 404 () @ https://pokeapi.co/api/v2/pokemon-species/10125/:0
[  251527ms] [ERROR] Failed to load resource: the server responded with a status of 404 () @ https://pokeapi.co/api/v2/pokemon-species/10126/:0
[  251527ms] [ERROR] Failed to load resource: the server responded with a status of 404 () @ https://pokeapi.co/api/v2/pokemon-species/10127/:0
[  251527ms] [ERROR] Failed to load resource: the server responded with a status of 404 () @ https://pokeapi.co/api/v2/pokemon-species/10128/:0
[  251527ms] [ERROR] Failed to load resource: the server responded with a status of 404 () @ https://pokeapi.co/api/v2/pokemon-species/10129/:0
[  251528ms] [ERROR] Failed to load resource: the server responded with a status of 404 () @ https://pokeapi.co/api/v2/pokemon-species/10130/:0
[  251528ms] [ERROR] Failed to load resource: the server responded with a status of 404 () @ https://pokeapi.co/api/v2/pokemon-species/10131/:0
[  251528ms] [ERROR] Failed to load resource: the server responded with a status of 404 () @ https://pokeapi.co/api/v2/pokemon-species/10132/:0
[  251528ms] [ERROR] Failed to load resource: the server responded with a status of 404 () @ https://pokeapi.co/api/v2/pokemon-species/10133/:0
[  251528ms] [ERROR] Failed to load resource: the server responded with a status of 404 () @ https://pokeapi.co/api/v2/pokemon-species/10134/:0
[  251529ms] [ERROR] Failed to load resource: the server responded with a status of 404 () @ https://pokeapi.co/api/v2/pokemon-species/10135/:0
[  251558ms] [ERROR] Failed to load resource: the server responded with a status of 404 () @ https://pokeapi.co/api/v2/pokemon-species/10136/:0
[  251558ms] [ERROR] Failed to load resource: the server responded with a status of 404 () @ https://pokeapi.co/api/v2/pokemon-species/10137/:0
[  251570ms] [ERROR] Failed to load resource: the server responded with a status of 404 () @ https://pokeapi.co/api/v2/pokemon-species/10138/:0
[  251572ms] [ERROR] Failed to load resource: the server responded with a status of 404 () @ https://pokeapi.co/api/v2/pokemon-species/10139/:0
[  251573ms] [ERROR] Failed to load resource: the server responded with a status of 404 () @ https://pokeapi.co/api/v2/pokemon-species/10140/:0
[  251573ms] [ERROR] Failed to load resource: the server responded with a status of 404 () @ https://pokeapi.co/api/v2/pokemon-species/10141/:0
[  251574ms] [ERROR] Failed to load resource: the server responded with a status of 404 () @ https://pokeapi.co/api/v2/pokemon-species/10142/:0
[  251574ms] [ERROR] Failed to load resource: the server responded with a status of 404 () @ https://pokeapi.co/api/v2/pokemon-species/10143/:0
[  251574ms] [ERROR] Failed to load resource: the server responded with a status of 404 () @ https://pokeapi.co/api/v2/pokemon-species/10144/:0
[  251575ms] [ERROR] Failed to load resource: the server responded with a status of 404 () @ https://pokeapi.co/api/v2/pokemon-species/10145/:0
[  251575ms] [ERROR] Failed to load resource: the server responded with a status of 404 () @ https://pokeapi.co/api/v2/pokemon-species/10146/:0
[  251576ms] [ERROR] Failed to load resource: the server responded with a status of 404 () @ https://pokeapi.co/api/v2/pokemon-species/10147/:0
[  251576ms] [ERROR] Failed to load resource: the server responded with a status of 404 () @ https://pokeapi.co/api/v2/pokemon-species/10148/:0
[  251576ms] [ERROR] Failed to load resource: the server responded with a status of 404 () @ https://pokeapi.co/api/v2/pokemon-species/10149/:0
[  251576ms] [ERROR] Failed to load resource: the server responded with a status of 404 () @ https://pokeapi.co/api/v2/pokemon-species/10150/:0
[  251576ms] [ERROR] Failed to load resource: the server responded with a status of 404 () @ https://pokeapi.co/api/v2/pokemon-species/10151/:0
[  251577ms] [ERROR] Failed to load resource: the server responded with a status of 404 () @ https://pokeapi.co/api/v2/pokemon-species/10152/:0
[  251577ms] [ERROR] Failed to load resource: the server responded with a status of 404 () @ https://pokeapi.co/api/v2/pokemon-species/10153/:0
[  251577ms] [ERROR] Failed to load resource: the server responded with a status of 404 () @ https://pokeapi.co/api/v2/pokemon-species/10154/:0
[  251577ms] [ERROR] Failed to load resource: the server responded with a status of 404 () @ https://pokeapi.co/api/v2/pokemon-species/10155/:0
[  251601ms] [ERROR] Failed to load resource: the server responded with a status of 404 () @ https://pokeapi.co/api/v2/pokemon-species/10156/:0
[  251607ms] [ERROR] Failed to load resource: the server responded with a status of 404 () @ https://pokeapi.co/api/v2/pokemon-species/10157/:0
[  251608ms] [ERROR] Failed to load resource: the server responded with a status of 404 () @ https://pokeapi.co/api/v2/pokemon-species/10158/:0
[  251609ms] [ERROR] Failed to load resource: the server responded with a status of 404 () @ https://pokeapi.co/api/v2/pokemon-species/10159/:0
[  251611ms] [ERROR] Failed to load resource: the server responded with a status of 404 () @ https://pokeapi.co/api/v2/pokemon-species/10160/:0
[  251612ms] [ERROR] Failed to load resource: the server responded with a status of 404 () @ https://pokeapi.co/api/v2/pokemon-species/10161/:0
[  251612ms] [ERROR] Failed to load resource: the server responded with a status of 404 () @ https://pokeapi.co/api/v2/pokemon-species/10162/:0
[  251612ms] [ERROR] Failed to load resource: the server responded with a status of 404 () @ https://pokeapi.co/api/v2/pokemon-species/10163/:0
[  251612ms] [ERROR] Failed to load resource: the server responded with a status of 404 () @ https://pokeapi.co/api/v2/pokemon-species/10164/:0
[  251613ms] [ERROR] Failed to load resource: the server responded with a status of 404 () @ https://pokeapi.co/api/v2/pokemon-species/10165/:0
[  251613ms] [ERROR] Failed to load resource: the server responded with a status of 404 () @ https://pokeapi.co/api/v2/pokemon-species/10166/:0
[  251613ms] [ERROR] Failed to load resource: the server responded with a status of 404 () @ https://pokeapi.co/api/v2/pokemon-species/10167/:0
[  251613ms] [ERROR] Failed to load resource: the server responded with a status of 404 () @ https://pokeapi.co/api/v2/pokemon-species/10168/:0
[  251613ms] [ERROR] Failed to load resource: the server responded with a status of 404 () @ https://pokeapi.co/api/v2/pokemon-species/10169/:0
[  251614ms] [ERROR] Failed to load resource: the server responded with a status of 404 () @ https://pokeapi.co/api/v2/pokemon-species/10170/:0
[  251614ms] [ERROR] Failed to load resource: the server responded with a status of 404 () @ https://pokeapi.co/api/v2/pokemon-species/10171/:0
[  251614ms] [ERROR] Failed to load resource: the server responded with a status of 404 () @ https://pokeapi.co/api/v2/pokemon-species/10172/:0
[  251614ms] [ERROR] Failed to load resource: the server responded with a status of 404 () @ https://pokeapi.co/api/v2/pokemon-species/10173/:0
[  251614ms] [ERROR] Failed to load resource: the server responded with a status of 404 () @ https://pokeapi.co/api/v2/pokemon-species/10174/:0
[  251614ms] [ERROR] Failed to load resource: the server responded with a status of 404 () @ https://pokeapi.co/api/v2/pokemon-species/10175/:0
[  251638ms] [ERROR] Failed to load resource: the server responded with a status of 404 () @ https://pokeapi.co/api/v2/pokemon-species/10176/:0
[  251638ms] [ERROR] Failed to load resource: the server responded with a status of 404 () @ https://pokeapi.co/api/v2/pokemon-species/10177/:0
[  251646ms] [ERROR] Failed to load resource: the server responded with a status of 404 () @ https://pokeapi.co/api/v2/pokemon-species/10178/:0
[  251647ms] [ERROR] Failed to load resource: the server responded with a status of 404 () @ https://pokeapi.co/api/v2/pokemon-species/10179/:0
[  251648ms] [ERROR] Failed to load resource: the server responded with a status of 404 () @ https://pokeapi.co/api/v2/pokemon-species/10180/:0
[  251650ms] [ERROR] Failed to load resource: the server responded with a status of 404 () @ https://pokeapi.co/api/v2/pokemon-species/10181/:0
[  251650ms] [ERROR] Failed to load resource: the server responded with a status of 404 () @ https://pokeapi.co/api/v2/pokemon-species/10182/:0
[  251650ms] [ERROR] Failed to load resource: the server responded with a status of 404 () @ https://pokeapi.co/api/v2/pokemon-species/10183/:0
[  251651ms] [ERROR] Failed to load resource: the server responded with a status of 404 () @ https://pokeapi.co/api/v2/pokemon-species/10184/:0
[  251651ms] [ERROR] Failed to load resource: the server responded with a status of 404 () @ https://pokeapi.co/api/v2/pokemon-species/10185/:0
[  251651ms] [ERROR] Failed to load resource: the server responded with a status of 404 () @ https://pokeapi.co/api/v2/pokemon-species/10186/:0
[  251651ms] [ERROR] Failed to load resource: the server responded with a status of 404 () @ https://pokeapi.co/api/v2/pokemon-species/10187/:0
[  251651ms] [ERROR] Failed to load resource: the server responded with a status of 404 () @ https://pokeapi.co/api/v2/pokemon-species/10188/:0
[  251652ms] [ERROR] Failed to load resource: the server responded with a status of 404 () @ https://pokeapi.co/api/v2/pokemon-species/10189/:0
[  251652ms] [ERROR] Failed to load resource: the server responded with a status of 404 () @ https://pokeapi.co/api/v2/pokemon-species/10190/:0
[  251652ms] [ERROR] Failed to load resource: the server responded with a status of 404 () @ https://pokeapi.co/api/v2/pokemon-species/10191/:0
[  251652ms] [ERROR] Failed to load resource: the server responded with a status of 404 () @ https://pokeapi.co/api/v2/pokemon-species/10192/:0
[  251652ms] [ERROR] Failed to load resource: the server responded with a status of 404 () @ https://pokeapi.co/api/v2/pokemon-species/10193/:0
[  251652ms] [ERROR] Failed to load resource: the server responded with a status of 404 () @ https://pokeapi.co/api/v2/pokemon-species/10194/:0
[  251652ms] [ERROR] Failed to load resource: the server responded with a status of 404 () @ https://pokeapi.co/api/v2/pokemon-species/10195/:0
[  251676ms] [ERROR] Failed to load resource: the server responded with a status of 404 () @ https://pokeapi.co/api/v2/pokemon-species/10196/:0
[  251678ms] [ERROR] Failed to load resource: the server responded with a status of 404 () @ https://pokeapi.co/api/v2/pokemon-species/10197/:0
[  251680ms] [ERROR] Failed to load resource: the server responded with a status of 404 () @ https://pokeapi.co/api/v2/pokemon-species/10199/:0
[  251681ms] [ERROR] Failed to load resource: the server responded with a status of 404 () @ https://pokeapi.co/api/v2/pokemon-species/10200/:0
[  251683ms] [ERROR] Failed to load resource: the server responded with a status of 404 () @ https://pokeapi.co/api/v2/pokemon-species/10198/:0
[  251684ms] [ERROR] Failed to load resource: the server responded with a status of 404 () @ https://pokeapi.co/api/v2/pokemon-species/10201/:0
[  251684ms] [ERROR] Failed to load resource: the server responded with a status of 404 () @ https://pokeapi.co/api/v2/pokemon-species/10202/:0
[  251685ms] [ERROR] Failed to load resource: the server responded with a status of 404 () @ https://pokeapi.co/api/v2/pokemon-species/10203/:0
[  251685ms] [ERROR] Failed to load resource: the server responded with a status of 404 () @ https://pokeapi.co/api/v2/pokemon-species/10204/:0
[  251685ms] [ERROR] Failed to load resource: the server responded with a status of 404 () @ https://pokeapi.co/api/v2/pokemon-species/10205/:0
[  251685ms] [ERROR] Failed to load resource: the server responded with a status of 404 () @ https://pokeapi.co/api/v2/pokemon-species/10206/:0
[  251685ms] [ERROR] Failed to load resource: the server responded with a status of 404 () @ https://pokeapi.co/api/v2/pokemon-species/10207/:0
[  251685ms] [ERROR] Failed to load resource: the server responded with a status of 404 () @ https://pokeapi.co/api/v2/pokemon-species/10208/:0
[  251686ms] [ERROR] Failed to load resource: the server responded with a status of 404 () @ https://pokeapi.co/api/v2/pokemon-species/10209/:0
[  251686ms] [ERROR] Failed to load resource: the server responded with a status of 404 () @ https://pokeapi.co/api/v2/pokemon-species/10210/:0
[  251686ms] [ERROR] Failed to load resource: the server responded with a status of 404 () @ https://pokeapi.co/api/v2/pokemon-species/10211/:0
[  251686ms] [ERROR] Failed to load resource: the server responded with a status of 404 () @ https://pokeapi.co/api/v2/pokemon-species/10212/:0
[  251687ms] [ERROR] Failed to load resource: the server responded with a status of 404 () @ https://pokeapi.co/api/v2/pokemon-species/10213/:0
[  251687ms] [ERROR] Failed to load resource: the server responded with a status of 404 () @ https://pokeapi.co/api/v2/pokemon-species/10214/:0
[  251687ms] [ERROR] Failed to load resource: the server responded with a status of 404 () @ https://pokeapi.co/api/v2/pokemon-species/10215/:0
[  251709ms] [ERROR] Failed to load resource: the server responded with a status of 404 () @ https://pokeapi.co/api/v2/pokemon-species/10216/:0
[  251716ms] [ERROR] Failed to load resource: the server responded with a status of 404 () @ https://pokeapi.co/api/v2/pokemon-species/10222/:0
[  251717ms] [ERROR] Failed to load resource: the server responded with a status of 404 () @ https://pokeapi.co/api/v2/pokemon-species/10217/:0
[  251717ms] [ERROR] Failed to load resource: the server responded with a status of 404 () @ https://pokeapi.co/api/v2/pokemon-species/10223/:0
[  251718ms] [ERROR] Failed to load resource: the server responded with a status of 404 () @ https://pokeapi.co/api/v2/pokemon-species/10218/:0
[  251718ms] [ERROR] Failed to load resource: the server responded with a status of 404 () @ https://pokeapi.co/api/v2/pokemon-species/10219/:0
[  251718ms] [ERROR] Failed to load resource: the server responded with a status of 404 () @ https://pokeapi.co/api/v2/pokemon-species/10220/:0
[  251719ms] [ERROR] Failed to load resource: the server responded with a status of 404 () @ https://pokeapi.co/api/v2/pokemon-species/10221/:0
[  251719ms] [ERROR] Failed to load resource: the server responded with a status of 404 () @ https://pokeapi.co/api/v2/pokemon-species/10224/:0
[  251721ms] [ERROR] Failed to load resource: the server responded with a status of 404 () @ https://pokeapi.co/api/v2/pokemon-species/10225/:0
[  251721ms] [ERROR] Failed to load resource: the server responded with a status of 404 () @ https://pokeapi.co/api/v2/pokemon-species/10226/:0
[  251721ms] [ERROR] Failed to load resource: the server responded with a status of 404 () @ https://pokeapi.co/api/v2/pokemon-species/10227/:0
[  251722ms] [ERROR] Failed to load resource: the server responded with a status of 404 () @ https://pokeapi.co/api/v2/pokemon-species/10228/:0
[  251722ms] [ERROR] Failed to load resource: the server responded with a status of 404 () @ https://pokeapi.co/api/v2/pokemon-species/10229/:0
[  251722ms] [ERROR] Failed to load resource: the server responded with a status of 404 () @ https://pokeapi.co/api/v2/pokemon-species/10230/:0
[  251722ms] [ERROR] Failed to load resource: the server responded with a status of 404 () @ https://pokeapi.co/api/v2/pokemon-species/10231/:0
[  251722ms] [ERROR] Failed to load resource: the server responded with a status of 404 () @ https://pokeapi.co/api/v2/pokemon-species/10232/:0
[  251723ms] [ERROR] Failed to load resource: the server responded with a status of 404 () @ https://pokeapi.co/api/v2/pokemon-species/10233/:0
[  251723ms] [ERROR] Failed to load resource: the server responded with a status of 404 () @ https://pokeapi.co/api/v2/pokemon-species/10234/:0
[  251723ms] [ERROR] Failed to load resource: the server responded with a status of 404 () @ https://pokeapi.co/api/v2/pokemon-species/10235/:0
[  251747ms] [ERROR] Failed to load resource: the server responded with a status of 404 () @ https://pokeapi.co/api/v2/pokemon-species/10236/:0
[  251753ms] [ERROR] Failed to load resource: the server responded with a status of 404 () @ https://pokeapi.co/api/v2/pokemon-species/10240/:0
[  251754ms] [ERROR] Failed to load resource: the server responded with a status of 404 () @ https://pokeapi.co/api/v2/pokemon-species/10241/:0
[  251754ms] [ERROR] Failed to load resource: the server responded with a status of 404 () @ https://pokeapi.co/api/v2/pokemon-species/10237/:0
[  251754ms] [ERROR] Failed to load resource: the server responded with a status of 404 () @ https://pokeapi.co/api/v2/pokemon-species/10238/:0
[  251755ms] [ERROR] Failed to load resource: the server responded with a status of 404 () @ https://pokeapi.co/api/v2/pokemon-species/10239/:0
[  251756ms] [ERROR] Failed to load resource: the server responded with a status of 404 () @ https://pokeapi.co/api/v2/pokemon-species/10242/:0
[  251759ms] [ERROR] Failed to load resource: the server responded with a status of 404 () @ https://pokeapi.co/api/v2/pokemon-species/10243/:0
[  251759ms] [ERROR] Failed to load resource: the server responded with a status of 404 () @ https://pokeapi.co/api/v2/pokemon-species/10244/:0
[  251759ms] [ERROR] Failed to load resource: the server responded with a status of 404 () @ https://pokeapi.co/api/v2/pokemon-species/10245/:0
[  251759ms] [ERROR] Failed to load resource: the server responded with a status of 404 () @ https://pokeapi.co/api/v2/pokemon-species/10246/:0
[  251760ms] [ERROR] Failed to load resource: the server responded with a status of 404 () @ https://pokeapi.co/api/v2/pokemon-species/10247/:0
[  251761ms] [ERROR] Failed to load resource: the server responded with a status of 404 () @ https://pokeapi.co/api/v2/pokemon-species/10248/:0
[  251761ms] [ERROR] Failed to load resource: the server responded with a status of 404 () @ https://pokeapi.co/api/v2/pokemon-species/10249/:0
[  251761ms] [ERROR] Failed to load resource: the server responded with a status of 404 () @ https://pokeapi.co/api/v2/pokemon-species/10250/:0
[  251761ms] [ERROR] Failed to load resource: the server responded with a status of 404 () @ https://pokeapi.co/api/v2/pokemon-species/10251/:0
[  251761ms] [ERROR] Failed to load resource: the server responded with a status of 404 () @ https://pokeapi.co/api/v2/pokemon-species/10252/:0
[  251762ms] [ERROR] Failed to load resource: the server responded with a status of 404 () @ https://pokeapi.co/api/v2/pokemon-species/10253/:0
[  251762ms] [ERROR] Failed to load resource: the server responded with a status of 404 () @ https://pokeapi.co/api/v2/pokemon-species/10254/:0
[  251762ms] [ERROR] Failed to load resource: the server responded with a status of 404 () @ https://pokeapi.co/api/v2/pokemon-species/10255/:0
[  251782ms] [ERROR] Failed to load resource: the server responded with a status of 404 () @ https://pokeapi.co/api/v2/pokemon-species/10256/:0
[  251789ms] [ERROR] Failed to load resource: the server responded with a status of 404 () @ https://pokeapi.co/api/v2/pokemon-species/10261/:0
[  251789ms] [ERROR] Failed to load resource: the server responded with a status of 404 () @ https://pokeapi.co/api/v2/pokemon-species/10257/:0
[  251790ms] [ERROR] Failed to load resource: the server responded with a status of 404 () @ https://pokeapi.co/api/v2/pokemon-species/10262/:0
[  251790ms] [ERROR] Failed to load resource: the server responded with a status of 404 () @ https://pokeapi.co/api/v2/pokemon-species/10263/:0
[  251791ms] [ERROR] Failed to load resource: the server responded with a status of 404 () @ https://pokeapi.co/api/v2/pokemon-species/10258/:0
[  251792ms] [ERROR] Failed to load resource: the server responded with a status of 404 () @ https://pokeapi.co/api/v2/pokemon-species/10259/:0
[  251793ms] [ERROR] Failed to load resource: the server responded with a status of 404 () @ https://pokeapi.co/api/v2/pokemon-species/10260/:0
[  251793ms] [ERROR] Failed to load resource: the server responded with a status of 404 () @ https://pokeapi.co/api/v2/pokemon-species/10264/:0
[  251794ms] [ERROR] Failed to load resource: the server responded with a status of 404 () @ https://pokeapi.co/api/v2/pokemon-species/10265/:0
[  251794ms] [ERROR] Failed to load resource: the server responded with a status of 404 () @ https://pokeapi.co/api/v2/pokemon-species/10266/:0
[  251794ms] [ERROR] Failed to load resource: the server responded with a status of 404 () @ https://pokeapi.co/api/v2/pokemon-species/10267/:0
[  251794ms] [ERROR] Failed to load resource: the server responded with a status of 404 () @ https://pokeapi.co/api/v2/pokemon-species/10268/:0
[  251795ms] [ERROR] Failed to load resource: the server responded with a status of 404 () @ https://pokeapi.co/api/v2/pokemon-species/10269/:0
[  251795ms] [ERROR] Failed to load resource: the server responded with a status of 404 () @ https://pokeapi.co/api/v2/pokemon-species/10270/:0
[  251795ms] [ERROR] Failed to load resource: the server responded with a status of 404 () @ https://pokeapi.co/api/v2/pokemon-species/10271/:0
[  251795ms] [ERROR] Failed to load resource: the server responded with a status of 404 () @ https://pokeapi.co/api/v2/pokemon-species/10272/:0
[  251796ms] [ERROR] Failed to load resource: the server responded with a status of 404 () @ https://pokeapi.co/api/v2/pokemon-species/10273/:0
[  251796ms] [ERROR] Failed to load resource: the server responded with a status of 404 () @ https://pokeapi.co/api/v2/pokemon-species/10274/:0
[  251796ms] [ERROR] Failed to load resource: the server responded with a status of 404 () @ https://pokeapi.co/api/v2/pokemon-species/10275/:0
[  251816ms] [ERROR] Failed to load resource: the server responded with a status of 404 () @ https://pokeapi.co/api/v2/pokemon-species/10276/:0
[  251817ms] [ERROR] Failed to load resource: the server responded with a status of 404 () @ https://pokeapi.co/api/v2/pokemon-species/10277/:0
[  251823ms] [ERROR] Failed to load resource: the server responded with a status of 404 () @ https://pokeapi.co/api/v2/pokemon-species/10278/:0
[  251824ms] [ERROR] Failed to load resource: the server responded with a status of 404 () @ https://pokeapi.co/api/v2/pokemon-species/10279/:0
[  251827ms] [ERROR] Failed to load resource: the server responded with a status of 404 () @ https://pokeapi.co/api/v2/pokemon-species/10280/:0
[  251827ms] [ERROR] Failed to load resource: the server responded with a status of 404 () @ https://pokeapi.co/api/v2/pokemon-species/10281/:0
[  251827ms] [ERROR] Failed to load resource: the server responded with a status of 404 () @ https://pokeapi.co/api/v2/pokemon-species/10282/:0
[  251827ms] [ERROR] Failed to load resource: the server responded with a status of 404 () @ https://pokeapi.co/api/v2/pokemon-species/10283/:0
[  251827ms] [ERROR] Failed to load resource: the server responded with a status of 404 () @ https://pokeapi.co/api/v2/pokemon-species/10284/:0
[  251828ms] [ERROR] Failed to load resource: the server responded with a status of 404 () @ https://pokeapi.co/api/v2/pokemon-species/10285/:0
[  251828ms] [ERROR] Failed to load resource: the server responded with a status of 404 () @ https://pokeapi.co/api/v2/pokemon-species/10286/:0
[  251828ms] [ERROR] Failed to load resource: the server responded with a status of 404 () @ https://pokeapi.co/api/v2/pokemon-species/10287/:0
[  251828ms] [ERROR] Failed to load resource: the server responded with a status of 404 () @ https://pokeapi.co/api/v2/pokemon-species/10288/:0
[  251828ms] [ERROR] Failed to load resource: the server responded with a status of 404 () @ https://pokeapi.co/api/v2/pokemon-species/10289/:0
[  251829ms] [ERROR] Failed to load resource: the server responded with a status of 404 () @ https://pokeapi.co/api/v2/pokemon-species/10290/:0
[  251829ms] [ERROR] Failed to load resource: the server responded with a status of 404 () @ https://pokeapi.co/api/v2/pokemon-species/10291/:0
[  251829ms] [ERROR] Failed to load resource: the server responded with a status of 404 () @ https://pokeapi.co/api/v2/pokemon-species/10292/:0
[  251829ms] [ERROR] Failed to load resource: the server responded with a status of 404 () @ https://pokeapi.co/api/v2/pokemon-species/10293/:0
[  251829ms] [ERROR] Failed to load resource: the server responded with a status of 404 () @ https://pokeapi.co/api/v2/pokemon-species/10294/:0
[  251829ms] [ERROR] Failed to load resource: the server responded with a status of 404 () @ https://pokeapi.co/api/v2/pokemon-species/10295/:0
[  251850ms] [ERROR] Failed to load resource: the server responded with a status of 404 () @ https://pokeapi.co/api/v2/pokemon-species/10296/:0
[  251851ms] [ERROR] Failed to load resource: the server responded with a status of 404 () @ https://pokeapi.co/api/v2/pokemon-species/10297/:0
[  251857ms] [ERROR] Failed to load resource: the server responded with a status of 404 () @ https://pokeapi.co/api/v2/pokemon-species/10300/:0
[  251857ms] [ERROR] Failed to load resource: the server responded with a status of 404 () @ https://pokeapi.co/api/v2/pokemon-species/10301/:0
[  251859ms] [ERROR] Failed to load resource: the server responded with a status of 404 () @ https://pokeapi.co/api/v2/pokemon-species/10298/:0
[  251859ms] [ERROR] Failed to load resource: the server responded with a status of 404 () @ https://pokeapi.co/api/v2/pokemon-species/10299/:0
[  251861ms] [ERROR] Failed to load resource: the server responded with a status of 404 () @ https://pokeapi.co/api/v2/pokemon-species/10302/:0
[  251861ms] [ERROR] Failed to load resource: the server responded with a status of 404 () @ https://pokeapi.co/api/v2/pokemon-species/10303/:0
[  251861ms] [ERROR] Failed to load resource: the server responded with a status of 404 () @ https://pokeapi.co/api/v2/pokemon-species/10304/:0
[  251861ms] [ERROR] Failed to load resource: the server responded with a status of 404 () @ https://pokeapi.co/api/v2/pokemon-species/10305/:0
[  251862ms] [ERROR] Failed to load resource: the server responded with a status of 404 () @ https://pokeapi.co/api/v2/pokemon-species/10306/:0
[  251862ms] [ERROR] Failed to load resource: the server responded with a status of 404 () @ https://pokeapi.co/api/v2/pokemon-species/10307/:0
[  251862ms] [ERROR] Failed to load resource: the server responded with a status of 404 () @ https://pokeapi.co/api/v2/pokemon-species/10308/:0
[  251862ms] [ERROR] Failed to load resource: the server responded with a status of 404 () @ https://pokeapi.co/api/v2/pokemon-species/10309/:0
[  251862ms] [ERROR] Failed to load resource: the server responded with a status of 404 () @ https://pokeapi.co/api/v2/pokemon-species/10310/:0
[  251863ms] [ERROR] Failed to load resource: the server responded with a status of 404 () @ https://pokeapi.co/api/v2/pokemon-species/10311/:0
[  251863ms] [ERROR] Failed to load resource: the server responded with a status of 404 () @ https://pokeapi.co/api/v2/pokemon-species/10312/:0
[  251863ms] [ERROR] Failed to load resource: the server responded with a status of 404 () @ https://pokeapi.co/api/v2/pokemon-species/10313/:0
[  251863ms] [ERROR] Failed to load resource: the server responded with a status of 404 () @ https://pokeapi.co/api/v2/pokemon-species/10314/:0
[  251863ms] [ERROR] Failed to load resource: the server responded with a status of 404 () @ https://pokeapi.co/api/v2/pokemon-species/10315/:0
[  251878ms] [ERROR] Failed to load resource: the server responded with a status of 404 () @ https://pokeapi.co/api/v2/pokemon-species/10316/:0
[  251882ms] [ERROR] Failed to load resource: the server responded with a status of 404 () @ https://pokeapi.co/api/v2/pokemon-species/10317/:0
[  251882ms] [ERROR] Failed to load resource: the server responded with a status of 404 () @ https://pokeapi.co/api/v2/pokemon-species/10320/:0
[  251883ms] [ERROR] Failed to load resource: the server responded with a status of 404 () @ https://pokeapi.co/api/v2/pokemon-species/10318/:0
[  251883ms] [ERROR] Failed to load resource: the server responded with a status of 404 () @ https://pokeapi.co/api/v2/pokemon-species/10319/:0
[  251884ms] [ERROR] Failed to load resource: the server responded with a status of 404 () @ https://pokeapi.co/api/v2/pokemon-species/10321/:0
[  251884ms] [ERROR] Failed to load resource: the server responded with a status of 404 () @ https://pokeapi.co/api/v2/pokemon-species/10322/:0
[  251884ms] [ERROR] Failed to load resource: the server responded with a status of 404 () @ https://pokeapi.co/api/v2/pokemon-species/10323/:0
[  251884ms] [ERROR] Failed to load resource: the server responded with a status of 404 () @ https://pokeapi.co/api/v2/pokemon-species/10324/:0
[  251885ms] [ERROR] Failed to load resource: the server responded with a status of 404 () @ https://pokeapi.co/api/v2/pokemon-species/10325/:0
[  336096ms] [ERROR] Failed to load resource: the server responded with a status of 404 () @ https://pokeapi.co/api/v2/pokemon-species/10004/:0
[  336097ms] [ERROR] Failed to load resource: the server responded with a status of 404 () @ https://pokeapi.co/api/v2/pokemon-species/10005/:0
[  336100ms] [ERROR] Failed to load resource: the server responded with a status of 404 () @ https://pokeapi.co/api/v2/pokemon-species/10001/:0
[  336103ms] [ERROR] Failed to load resource: the server responded with a status of 404 () @ https://pokeapi.co/api/v2/pokemon-species/10002/:0
[  336106ms] [ERROR] Failed to load resource: the server responded with a status of 404 () @ https://pokeapi.co/api/v2/pokemon-species/10003/:0
[  336114ms] [ERROR] Failed to load resource: the server responded with a status of 404 () @ https://pokeapi.co/api/v2/pokemon-species/10006/:0
[  336115ms] [ERROR] Failed to load resource: the server responded with a status of 404 () @ https://pokeapi.co/api/v2/pokemon-species/10007/:0
[  336115ms] [ERROR] Failed to load resource: the server responded with a status of 404 () @ https://pokeapi.co/api/v2/pokemon-species/10008/:0
[  336115ms] [ERROR] Failed to load resource: the server responded with a status of 404 () @ https://pokeapi.co/api/v2/pokemon-species/10009/:0
[  336115ms] [ERROR] Failed to load resource: the server responded with a status of 404 () @ https://pokeapi.co/api/v2/pokemon-species/10010/:0
[  336115ms] [ERROR] Failed to load resource: the server responded with a status of 404 () @ https://pokeapi.co/api/v2/pokemon-species/10011/:0
[  336116ms] [ERROR] Failed to load resource: the server responded with a status of 404 () @ https://pokeapi.co/api/v2/pokemon-species/10012/:0
[  336116ms] [ERROR] Failed to load resource: the server responded with a status of 404 () @ https://pokeapi.co/api/v2/pokemon-species/10013/:0
[  336116ms] [ERROR] Failed to load resource: the server responded with a status of 404 () @ https://pokeapi.co/api/v2/pokemon-species/10014/:0
[  336116ms] [ERROR] Failed to load resource: the server responded with a status of 404 () @ https://pokeapi.co/api/v2/pokemon-species/10015/:0
[  336152ms] [ERROR] Failed to load resource: the server responded with a status of 404 () @ https://pokeapi.co/api/v2/pokemon-species/10016/:0
[  336168ms] [ERROR] Failed to load resource: the server responded with a status of 404 () @ https://pokeapi.co/api/v2/pokemon-species/10021/:0
[  336169ms] [ERROR] Failed to load resource: the server responded with a status of 404 () @ https://pokeapi.co/api/v2/pokemon-species/10022/:0
[  336171ms] [ERROR] Failed to load resource: the server responded with a status of 404 () @ https://pokeapi.co/api/v2/pokemon-species/10017/:0
[  336171ms] [ERROR] Failed to load resource: the server responded with a status of 404 () @ https://pokeapi.co/api/v2/pokemon-species/10018/:0
[  336171ms] [ERROR] Failed to load resource: the server responded with a status of 404 () @ https://pokeapi.co/api/v2/pokemon-species/10019/:0
[  336171ms] [ERROR] Failed to load resource: the server responded with a status of 404 () @ https://pokeapi.co/api/v2/pokemon-species/10020/:0
[  336174ms] [ERROR] Failed to load resource: the server responded with a status of 404 () @ https://pokeapi.co/api/v2/pokemon-species/10023/:0
[  336176ms] [ERROR] Failed to load resource: the server responded with a status of 404 () @ https://pokeapi.co/api/v2/pokemon-species/10024/:0
[  336199ms] [ERROR] Failed to load resource: the server responded with a status of 404 () @ https://pokeapi.co/api/v2/pokemon-species/10025/:0
[  336203ms] [ERROR] Failed to load resource: the server responded with a status of 404 () @ https://pokeapi.co/api/v2/pokemon-species/10026/:0
[  336204ms] [ERROR] Failed to load resource: the server responded with a status of 404 () @ https://pokeapi.co/api/v2/pokemon-species/10027/:0
[  336209ms] [ERROR] Failed to load resource: the server responded with a status of 404 () @ https://pokeapi.co/api/v2/pokemon-species/10028/:0
[  336211ms] [ERROR] Failed to load resource: the server responded with a status of 404 () @ https://pokeapi.co/api/v2/pokemon-species/10029/:0
[  336212ms] [ERROR] Failed to load resource: the server responded with a status of 404 () @ https://pokeapi.co/api/v2/pokemon-species/10030/:0
[  336218ms] [ERROR] Failed to load resource: the server responded with a status of 404 () @ https://pokeapi.co/api/v2/pokemon-species/10031/:0
[  336235ms] [ERROR] Failed to load resource: the server responded with a status of 404 () @ https://pokeapi.co/api/v2/pokemon-species/10032/:0
[  336240ms] [ERROR] Failed to load resource: the server responded with a status of 404 () @ https://pokeapi.co/api/v2/pokemon-species/10033/:0
[  336240ms] [ERROR] Failed to load resource: the server responded with a status of 404 () @ https://pokeapi.co/api/v2/pokemon-species/10034/:0
[  336240ms] [ERROR] Failed to load resource: the server responded with a status of 404 () @ https://pokeapi.co/api/v2/pokemon-species/10035/:0
[  336297ms] [ERROR] Failed to load resource: the server responded with a status of 404 () @ https://pokeapi.co/api/v2/pokemon-species/10036/:0
[  336304ms] [ERROR] Failed to load resource: the server responded with a status of 404 () @ https://pokeapi.co/api/v2/pokemon-species/10039/:0
[  336305ms] [ERROR] Failed to load resource: the server responded with a status of 404 () @ https://pokeapi.co/api/v2/pokemon-species/10040/:0
[  336306ms] [ERROR] Failed to load resource: the server responded with a status of 404 () @ https://pokeapi.co/api/v2/pokemon-species/10041/:0
[  336309ms] [ERROR] Failed to load resource: the server responded with a status of 404 () @ https://pokeapi.co/api/v2/pokemon-species/10037/:0
[  336323ms] [ERROR] Failed to load resource: the server responded with a status of 404 () @ https://pokeapi.co/api/v2/pokemon-species/10038/:0
[  336325ms] [ERROR] Failed to load resource: the server responded with a status of 404 () @ https://pokeapi.co/api/v2/pokemon-species/10042/:0
[  336326ms] [ERROR] Failed to load resource: the server responded with a status of 404 () @ https://pokeapi.co/api/v2/pokemon-species/10043/:0
[  336340ms] [ERROR] Failed to load resource: the server responded with a status of 404 () @ https://pokeapi.co/api/v2/pokemon-species/10044/:0
[  336341ms] [ERROR] Failed to load resource: the server responded with a status of 404 () @ https://pokeapi.co/api/v2/pokemon-species/10045/:0
[  336341ms] [ERROR] Failed to load resource: the server responded with a status of 404 () @ https://pokeapi.co/api/v2/pokemon-species/10046/:0
[  336342ms] [ERROR] Failed to load resource: the server responded with a status of 404 () @ https://pokeapi.co/api/v2/pokemon-species/10047/:0
[  336342ms] [ERROR] Failed to load resource: the server responded with a status of 404 () @ https://pokeapi.co/api/v2/pokemon-species/10048/:0
[  336342ms] [ERROR] Failed to load resource: the server responded with a status of 404 () @ https://pokeapi.co/api/v2/pokemon-species/10049/:0
[  336342ms] [ERROR] Failed to load resource: the server responded with a status of 404 () @ https://pokeapi.co/api/v2/pokemon-species/10050/:0
[  336342ms] [ERROR] Failed to load resource: the server responded with a status of 404 () @ https://pokeapi.co/api/v2/pokemon-species/10051/:0
[  336343ms] [ERROR] Failed to load resource: the server responded with a status of 404 () @ https://pokeapi.co/api/v2/pokemon-species/10052/:0
[  336343ms] [ERROR] Failed to load resource: the server responded with a status of 404 () @ https://pokeapi.co/api/v2/pokemon-species/10053/:0
[  336343ms] [ERROR] Failed to load resource: the server responded with a status of 404 () @ https://pokeapi.co/api/v2/pokemon-species/10054/:0
[  336344ms] [ERROR] Failed to load resource: the server responded with a status of 404 () @ https://pokeapi.co/api/v2/pokemon-species/10055/:0
[  336377ms] [ERROR] Failed to load resource: the server responded with a status of 404 () @ https://pokeapi.co/api/v2/pokemon-species/10056/:0
[  336392ms] [ERROR] Failed to load resource: the server responded with a status of 404 () @ https://pokeapi.co/api/v2/pokemon-species/10057/:0
[  336393ms] [ERROR] Failed to load resource: the server responded with a status of 404 () @ https://pokeapi.co/api/v2/pokemon-species/10060/:0
[  336393ms] [ERROR] Failed to load resource: the server responded with a status of 404 () @ https://pokeapi.co/api/v2/pokemon-species/10061/:0
[  336393ms] [ERROR] Failed to load resource: the server responded with a status of 404 () @ https://pokeapi.co/api/v2/pokemon-species/10062/:0
[  336395ms] [ERROR] Failed to load resource: the server responded with a status of 404 () @ https://pokeapi.co/api/v2/pokemon-species/10058/:0
[  336396ms] [ERROR] Failed to load resource: the server responded with a status of 404 () @ https://pokeapi.co/api/v2/pokemon-species/10059/:0
[  336398ms] [ERROR] Failed to load resource: the server responded with a status of 404 () @ https://pokeapi.co/api/v2/pokemon-species/10063/:0
[  336398ms] [ERROR] Failed to load resource: the server responded with a status of 404 () @ https://pokeapi.co/api/v2/pokemon-species/10064/:0
[  336404ms] [ERROR] Failed to load resource: the server responded with a status of 404 () @ https://pokeapi.co/api/v2/pokemon-species/10065/:0
[  336408ms] [ERROR] Failed to load resource: the server responded with a status of 404 () @ https://pokeapi.co/api/v2/pokemon-species/10066/:0
[  336415ms] [ERROR] Failed to load resource: the server responded with a status of 404 () @ https://pokeapi.co/api/v2/pokemon-species/10067/:0
[  336420ms] [ERROR] Failed to load resource: the server responded with a status of 404 () @ https://pokeapi.co/api/v2/pokemon-species/10068/:0
[  336420ms] [ERROR] Failed to load resource: the server responded with a status of 404 () @ https://pokeapi.co/api/v2/pokemon-species/10069/:0
[  336420ms] [ERROR] Failed to load resource: the server responded with a status of 404 () @ https://pokeapi.co/api/v2/pokemon-species/10070/:0
[  336420ms] [ERROR] Failed to load resource: the server responded with a status of 404 () @ https://pokeapi.co/api/v2/pokemon-species/10071/:0
[  336421ms] [ERROR] Failed to load resource: the server responded with a status of 404 () @ https://pokeapi.co/api/v2/pokemon-species/10072/:0
[  336421ms] [ERROR] Failed to load resource: the server responded with a status of 404 () @ https://pokeapi.co/api/v2/pokemon-species/10073/:0
[  336421ms] [ERROR] Failed to load resource: the server responded with a status of 404 () @ https://pokeapi.co/api/v2/pokemon-species/10074/:0
[  336421ms] [ERROR] Failed to load resource: the server responded with a status of 404 () @ https://pokeapi.co/api/v2/pokemon-species/10075/:0
[  336461ms] [ERROR] Failed to load resource: the server responded with a status of 404 () @ https://pokeapi.co/api/v2/pokemon-species/10076/:0
[  336468ms] [ERROR] Failed to load resource: the server responded with a status of 404 () @ https://pokeapi.co/api/v2/pokemon-species/10077/:0
[  336470ms] [ERROR] Failed to load resource: the server responded with a status of 404 () @ https://pokeapi.co/api/v2/pokemon-species/10078/:0
[  336470ms] [ERROR] Failed to load resource: the server responded with a status of 404 () @ https://pokeapi.co/api/v2/pokemon-species/10079/:0
[  336471ms] [ERROR] Failed to load resource: the server responded with a status of 404 () @ https://pokeapi.co/api/v2/pokemon-species/10080/:0
[  336475ms] [ERROR] Failed to load resource: the server responded with a status of 404 () @ https://pokeapi.co/api/v2/pokemon-species/10081/:0
[  336475ms] [ERROR] Failed to load resource: the server responded with a status of 404 () @ https://pokeapi.co/api/v2/pokemon-species/10082/:0
[  336479ms] [ERROR] Failed to load resource: the server responded with a status of 404 () @ https://pokeapi.co/api/v2/pokemon-species/10083/:0
[  336481ms] [ERROR] Failed to load resource: the server responded with a status of 404 () @ https://pokeapi.co/api/v2/pokemon-species/10084/:0
[  336484ms] [ERROR] Failed to load resource: the server responded with a status of 404 () @ https://pokeapi.co/api/v2/pokemon-species/10085/:0
[  336487ms] [ERROR] Failed to load resource: the server responded with a status of 404 () @ https://pokeapi.co/api/v2/pokemon-species/10086/:0
[  336488ms] [ERROR] Failed to load resource: the server responded with a status of 404 () @ https://pokeapi.co/api/v2/pokemon-species/10087/:0
[  336497ms] [ERROR] Failed to load resource: the server responded with a status of 404 () @ https://pokeapi.co/api/v2/pokemon-species/10088/:0
[  336497ms] [ERROR] Failed to load resource: the server responded with a status of 404 () @ https://pokeapi.co/api/v2/pokemon-species/10089/:0
[  336497ms] [ERROR] Failed to load resource: the server responded with a status of 404 () @ https://pokeapi.co/api/v2/pokemon-species/10090/:0
[  336498ms] [ERROR] Failed to load resource: the server responded with a status of 404 () @ https://pokeapi.co/api/v2/pokemon-species/10091/:0
[  336498ms] [ERROR] Failed to load resource: the server responded with a status of 404 () @ https://pokeapi.co/api/v2/pokemon-species/10092/:0
[  336498ms] [ERROR] Failed to load resource: the server responded with a status of 404 () @ https://pokeapi.co/api/v2/pokemon-species/10093/:0
[  336498ms] [ERROR] Failed to load resource: the server responded with a status of 404 () @ https://pokeapi.co/api/v2/pokemon-species/10094/:0
[  336498ms] [ERROR] Failed to load resource: the server responded with a status of 404 () @ https://pokeapi.co/api/v2/pokemon-species/10095/:0
[  336541ms] [ERROR] Failed to load resource: the server responded with a status of 404 () @ https://pokeapi.co/api/v2/pokemon-species/10096/:0
[  336542ms] [ERROR] Failed to load resource: the server responded with a status of 404 () @ https://pokeapi.co/api/v2/pokemon-species/10097/:0
[  336551ms] [ERROR] Failed to load resource: the server responded with a status of 404 () @ https://pokeapi.co/api/v2/pokemon-species/10098/:0
[  336555ms] [ERROR] Failed to load resource: the server responded with a status of 404 () @ https://pokeapi.co/api/v2/pokemon-species/10099/:0
[  336556ms] [ERROR] Failed to load resource: the server responded with a status of 404 () @ https://pokeapi.co/api/v2/pokemon-species/10100/:0
[  336559ms] [ERROR] Failed to load resource: the server responded with a status of 404 () @ https://pokeapi.co/api/v2/pokemon-species/10101/:0
[  336569ms] [ERROR] Failed to load resource: the server responded with a status of 404 () @ https://pokeapi.co/api/v2/pokemon-species/10102/:0
[  336575ms] [ERROR] Failed to load resource: the server responded with a status of 404 () @ https://pokeapi.co/api/v2/pokemon-species/10103/:0
[  336575ms] [ERROR] Failed to load resource: the server responded with a status of 404 () @ https://pokeapi.co/api/v2/pokemon-species/10104/:0
[  336575ms] [ERROR] Failed to load resource: the server responded with a status of 404 () @ https://pokeapi.co/api/v2/pokemon-species/10105/:0
[  336575ms] [ERROR] Failed to load resource: the server responded with a status of 404 () @ https://pokeapi.co/api/v2/pokemon-species/10106/:0
[  336576ms] [ERROR] Failed to load resource: the server responded with a status of 404 () @ https://pokeapi.co/api/v2/pokemon-species/10107/:0
[  336576ms] [ERROR] Failed to load resource: the server responded with a status of 404 () @ https://pokeapi.co/api/v2/pokemon-species/10108/:0
[  336576ms] [ERROR] Failed to load resource: the server responded with a status of 404 () @ https://pokeapi.co/api/v2/pokemon-species/10109/:0
[  336576ms] [ERROR] Failed to load resource: the server responded with a status of 404 () @ https://pokeapi.co/api/v2/pokemon-species/10110/:0
[  336577ms] [ERROR] Failed to load resource: the server responded with a status of 404 () @ https://pokeapi.co/api/v2/pokemon-species/10111/:0
[  336577ms] [ERROR] Failed to load resource: the server responded with a status of 404 () @ https://pokeapi.co/api/v2/pokemon-species/10112/:0
[  336577ms] [ERROR] Failed to load resource: the server responded with a status of 404 () @ https://pokeapi.co/api/v2/pokemon-species/10113/:0
[  336577ms] [ERROR] Failed to load resource: the server responded with a status of 404 () @ https://pokeapi.co/api/v2/pokemon-species/10114/:0
[  336578ms] [ERROR] Failed to load resource: the server responded with a status of 404 () @ https://pokeapi.co/api/v2/pokemon-species/10115/:0
[  336610ms] [ERROR] Failed to load resource: the server responded with a status of 404 () @ https://pokeapi.co/api/v2/pokemon-species/10116/:0
[  336614ms] [ERROR] Failed to load resource: the server responded with a status of 404 () @ https://pokeapi.co/api/v2/pokemon-species/10117/:0
[  336618ms] [ERROR] Failed to load resource: the server responded with a status of 404 () @ https://pokeapi.co/api/v2/pokemon-species/10118/:0
[  336619ms] [ERROR] Failed to load resource: the server responded with a status of 404 () @ https://pokeapi.co/api/v2/pokemon-species/10119/:0
[  336624ms] [ERROR] Failed to load resource: the server responded with a status of 404 () @ https://pokeapi.co/api/v2/pokemon-species/10120/:0
[  336625ms] [ERROR] Failed to load resource: the server responded with a status of 404 () @ https://pokeapi.co/api/v2/pokemon-species/10121/:0
[  336626ms] [ERROR] Failed to load resource: the server responded with a status of 404 () @ https://pokeapi.co/api/v2/pokemon-species/10122/:0
[  336646ms] [ERROR] Failed to load resource: the server responded with a status of 404 () @ https://pokeapi.co/api/v2/pokemon-species/10123/:0
[  336646ms] [ERROR] Failed to load resource: the server responded with a status of 404 () @ https://pokeapi.co/api/v2/pokemon-species/10124/:0
[  336646ms] [ERROR] Failed to load resource: the server responded with a status of 404 () @ https://pokeapi.co/api/v2/pokemon-species/10125/:0
[  336646ms] [ERROR] Failed to load resource: the server responded with a status of 404 () @ https://pokeapi.co/api/v2/pokemon-species/10126/:0
[  336647ms] [ERROR] Failed to load resource: the server responded with a status of 404 () @ https://pokeapi.co/api/v2/pokemon-species/10127/:0
[  336647ms] [ERROR] Failed to load resource: the server responded with a status of 404 () @ https://pokeapi.co/api/v2/pokemon-species/10128/:0
[  336647ms] [ERROR] Failed to load resource: the server responded with a status of 404 () @ https://pokeapi.co/api/v2/pokemon-species/10129/:0
[  336647ms] [ERROR] Failed to load resource: the server responded with a status of 404 () @ https://pokeapi.co/api/v2/pokemon-species/10130/:0
[  336647ms] [ERROR] Failed to load resource: the server responded with a status of 404 () @ https://pokeapi.co/api/v2/pokemon-species/10131/:0
[  336652ms] [ERROR] Failed to load resource: the server responded with a status of 404 () @ https://pokeapi.co/api/v2/pokemon-species/10132/:0
[  336654ms] [ERROR] Failed to load resource: the server responded with a status of 404 () @ https://pokeapi.co/api/v2/pokemon-species/10133/:0
[  336654ms] [ERROR] Failed to load resource: the server responded with a status of 404 () @ https://pokeapi.co/api/v2/pokemon-species/10134/:0
[  336654ms] [ERROR] Failed to load resource: the server responded with a status of 404 () @ https://pokeapi.co/api/v2/pokemon-species/10135/:0
[  336691ms] [ERROR] Failed to load resource: the server responded with a status of 404 () @ https://pokeapi.co/api/v2/pokemon-species/10136/:0
[  336692ms] [ERROR] Failed to load resource: the server responded with a status of 404 () @ https://pokeapi.co/api/v2/pokemon-species/10137/:0
[  336693ms] [ERROR] Failed to load resource: the server responded with a status of 404 () @ https://pokeapi.co/api/v2/pokemon-species/10138/:0
[  336694ms] [ERROR] Failed to load resource: the server responded with a status of 404 () @ https://pokeapi.co/api/v2/pokemon-species/10139/:0
[  336702ms] [ERROR] Failed to load resource: the server responded with a status of 404 () @ https://pokeapi.co/api/v2/pokemon-species/10145/:0
[  336703ms] [ERROR] Failed to load resource: the server responded with a status of 404 () @ https://pokeapi.co/api/v2/pokemon-species/10146/:0
[  336705ms] [ERROR] Failed to load resource: the server responded with a status of 404 () @ https://pokeapi.co/api/v2/pokemon-species/10147/:0
[  336715ms] [ERROR] Failed to load resource: the server responded with a status of 404 () @ https://pokeapi.co/api/v2/pokemon-species/10148/:0
[  336717ms] [ERROR] Failed to load resource: the server responded with a status of 404 () @ https://pokeapi.co/api/v2/pokemon-species/10149/:0
[  336722ms] [ERROR] Failed to load resource: the server responded with a status of 404 () @ https://pokeapi.co/api/v2/pokemon-species/10140/:0
[  336723ms] [ERROR] Failed to load resource: the server responded with a status of 404 () @ https://pokeapi.co/api/v2/pokemon-species/10141/:0
[  336723ms] [ERROR] Failed to load resource: the server responded with a status of 404 () @ https://pokeapi.co/api/v2/pokemon-species/10142/:0
[  336723ms] [ERROR] Failed to load resource: the server responded with a status of 404 () @ https://pokeapi.co/api/v2/pokemon-species/10143/:0
[  336723ms] [ERROR] Failed to load resource: the server responded with a status of 404 () @ https://pokeapi.co/api/v2/pokemon-species/10144/:0
[  336724ms] [ERROR] Failed to load resource: the server responded with a status of 404 () @ https://pokeapi.co/api/v2/pokemon-species/10150/:0
[  336724ms] [ERROR] Failed to load resource: the server responded with a status of 404 () @ https://pokeapi.co/api/v2/pokemon-species/10151/:0
[  336724ms] [ERROR] Failed to load resource: the server responded with a status of 404 () @ https://pokeapi.co/api/v2/pokemon-species/10152/:0
[  336724ms] [ERROR] Failed to load resource: the server responded with a status of 404 () @ https://pokeapi.co/api/v2/pokemon-species/10153/:0
[  336725ms] [ERROR] Failed to load resource: the server responded with a status of 404 () @ https://pokeapi.co/api/v2/pokemon-species/10154/:0
[  336725ms] [ERROR] Failed to load resource: the server responded with a status of 404 () @ https://pokeapi.co/api/v2/pokemon-species/10155/:0
[  336767ms] [ERROR] Failed to load resource: the server responded with a status of 404 () @ https://pokeapi.co/api/v2/pokemon-species/10157/:0
[  336768ms] [ERROR] Failed to load resource: the server responded with a status of 404 () @ https://pokeapi.co/api/v2/pokemon-species/10158/:0
[  336768ms] [ERROR] Failed to load resource: the server responded with a status of 404 () @ https://pokeapi.co/api/v2/pokemon-species/10159/:0
[  336768ms] [ERROR] Failed to load resource: the server responded with a status of 404 () @ https://pokeapi.co/api/v2/pokemon-species/10156/:0
[  336770ms] [ERROR] Failed to load resource: the server responded with a status of 404 () @ https://pokeapi.co/api/v2/pokemon-species/10160/:0
[  336770ms] [ERROR] Failed to load resource: the server responded with a status of 404 () @ https://pokeapi.co/api/v2/pokemon-species/10161/:0
[  336771ms] [ERROR] Failed to load resource: the server responded with a status of 404 () @ https://pokeapi.co/api/v2/pokemon-species/10162/:0
[  336774ms] [ERROR] Failed to load resource: the server responded with a status of 404 () @ https://pokeapi.co/api/v2/pokemon-species/10163/:0
[  336777ms] [ERROR] Failed to load resource: the server responded with a status of 404 () @ https://pokeapi.co/api/v2/pokemon-species/10164/:0
[  336792ms] [ERROR] Failed to load resource: the server responded with a status of 404 () @ https://pokeapi.co/api/v2/pokemon-species/10165/:0
[  336792ms] [ERROR] Failed to load resource: the server responded with a status of 404 () @ https://pokeapi.co/api/v2/pokemon-species/10166/:0
[  336794ms] [ERROR] Failed to load resource: the server responded with a status of 404 () @ https://pokeapi.co/api/v2/pokemon-species/10167/:0
[  336796ms] [ERROR] Failed to load resource: the server responded with a status of 404 () @ https://pokeapi.co/api/v2/pokemon-species/10168/:0
[  336799ms] [ERROR] Failed to load resource: the server responded with a status of 404 () @ https://pokeapi.co/api/v2/pokemon-species/10169/:0
[  336800ms] [ERROR] Failed to load resource: the server responded with a status of 404 () @ https://pokeapi.co/api/v2/pokemon-species/10170/:0
[  336800ms] [ERROR] Failed to load resource: the server responded with a status of 404 () @ https://pokeapi.co/api/v2/pokemon-species/10171/:0
[  336800ms] [ERROR] Failed to load resource: the server responded with a status of 404 () @ https://pokeapi.co/api/v2/pokemon-species/10172/:0
[  336800ms] [ERROR] Failed to load resource: the server responded with a status of 404 () @ https://pokeapi.co/api/v2/pokemon-species/10173/:0
[  336801ms] [ERROR] Failed to load resource: the server responded with a status of 404 () @ https://pokeapi.co/api/v2/pokemon-species/10174/:0
[  336801ms] [ERROR] Failed to load resource: the server responded with a status of 404 () @ https://pokeapi.co/api/v2/pokemon-species/10175/:0
[  336837ms] [ERROR] Failed to load resource: the server responded with a status of 404 () @ https://pokeapi.co/api/v2/pokemon-species/10176/:0
[  336839ms] [ERROR] Failed to load resource: the server responded with a status of 404 () @ https://pokeapi.co/api/v2/pokemon-species/10177/:0
[  336841ms] [ERROR] Failed to load resource: the server responded with a status of 404 () @ https://pokeapi.co/api/v2/pokemon-species/10178/:0
[  336843ms] [ERROR] Failed to load resource: the server responded with a status of 404 () @ https://pokeapi.co/api/v2/pokemon-species/10179/:0
[  336844ms] [ERROR] Failed to load resource: the server responded with a status of 404 () @ https://pokeapi.co/api/v2/pokemon-species/10180/:0
[  336844ms] [ERROR] Failed to load resource: the server responded with a status of 404 () @ https://pokeapi.co/api/v2/pokemon-species/10181/:0
[  336854ms] [ERROR] Failed to load resource: the server responded with a status of 404 () @ https://pokeapi.co/api/v2/pokemon-species/10182/:0
[  336854ms] [ERROR] Failed to load resource: the server responded with a status of 404 () @ https://pokeapi.co/api/v2/pokemon-species/10183/:0
[  336854ms] [ERROR] Failed to load resource: the server responded with a status of 404 () @ https://pokeapi.co/api/v2/pokemon-species/10184/:0
[  336855ms] [ERROR] Failed to load resource: the server responded with a status of 404 () @ https://pokeapi.co/api/v2/pokemon-species/10185/:0
[  336855ms] [ERROR] Failed to load resource: the server responded with a status of 404 () @ https://pokeapi.co/api/v2/pokemon-species/10186/:0
[  336855ms] [ERROR] Failed to load resource: the server responded with a status of 404 () @ https://pokeapi.co/api/v2/pokemon-species/10187/:0
[  336855ms] [ERROR] Failed to load resource: the server responded with a status of 404 () @ https://pokeapi.co/api/v2/pokemon-species/10188/:0
[  336861ms] [ERROR] Failed to load resource: the server responded with a status of 404 () @ https://pokeapi.co/api/v2/pokemon-species/10189/:0
[  336861ms] [ERROR] Failed to load resource: the server responded with a status of 404 () @ https://pokeapi.co/api/v2/pokemon-species/10190/:0
[  336861ms] [ERROR] Failed to load resource: the server responded with a status of 404 () @ https://pokeapi.co/api/v2/pokemon-species/10191/:0
[  336861ms] [ERROR] Failed to load resource: the server responded with a status of 404 () @ https://pokeapi.co/api/v2/pokemon-species/10192/:0
[  336862ms] [ERROR] Failed to load resource: the server responded with a status of 404 () @ https://pokeapi.co/api/v2/pokemon-species/10193/:0
[  336862ms] [ERROR] Failed to load resource: the server responded with a status of 404 () @ https://pokeapi.co/api/v2/pokemon-species/10194/:0
[  336862ms] [ERROR] Failed to load resource: the server responded with a status of 404 () @ https://pokeapi.co/api/v2/pokemon-species/10195/:0
[  336890ms] [ERROR] Failed to load resource: the server responded with a status of 404 () @ https://pokeapi.co/api/v2/pokemon-species/10196/:0
[  336895ms] [ERROR] Failed to load resource: the server responded with a status of 404 () @ https://pokeapi.co/api/v2/pokemon-species/10197/:0
[  336898ms] [ERROR] Failed to load resource: the server responded with a status of 404 () @ https://pokeapi.co/api/v2/pokemon-species/10208/:0
[  336904ms] [ERROR] Failed to load resource: the server responded with a status of 404 () @ https://pokeapi.co/api/v2/pokemon-species/10198/:0
[  336906ms] [ERROR] Failed to load resource: the server responded with a status of 404 () @ https://pokeapi.co/api/v2/pokemon-species/10199/:0
[  336906ms] [ERROR] Failed to load resource: the server responded with a status of 404 () @ https://pokeapi.co/api/v2/pokemon-species/10200/:0
[  336907ms] [ERROR] Failed to load resource: the server responded with a status of 404 () @ https://pokeapi.co/api/v2/pokemon-species/10201/:0
[  336916ms] [ERROR] Failed to load resource: the server responded with a status of 404 () @ https://pokeapi.co/api/v2/pokemon-species/10202/:0
[  336917ms] [ERROR] Failed to load resource: the server responded with a status of 404 () @ https://pokeapi.co/api/v2/pokemon-species/10203/:0
[  336917ms] [ERROR] Failed to load resource: the server responded with a status of 404 () @ https://pokeapi.co/api/v2/pokemon-species/10204/:0
[  336917ms] [ERROR] Failed to load resource: the server responded with a status of 404 () @ https://pokeapi.co/api/v2/pokemon-species/10209/:0
[  336917ms] [ERROR] Failed to load resource: the server responded with a status of 404 () @ https://pokeapi.co/api/v2/pokemon-species/10205/:0
[  336918ms] [ERROR] Failed to load resource: the server responded with a status of 404 () @ https://pokeapi.co/api/v2/pokemon-species/10206/:0
[  336918ms] [ERROR] Failed to load resource: the server responded with a status of 404 () @ https://pokeapi.co/api/v2/pokemon-species/10207/:0
[  336918ms] [ERROR] Failed to load resource: the server responded with a status of 404 () @ https://pokeapi.co/api/v2/pokemon-species/10210/:0
[  336918ms] [ERROR] Failed to load resource: the server responded with a status of 404 () @ https://pokeapi.co/api/v2/pokemon-species/10211/:0
[  336919ms] [ERROR] Failed to load resource: the server responded with a status of 404 () @ https://pokeapi.co/api/v2/pokemon-species/10212/:0
[  336919ms] [ERROR] Failed to load resource: the server responded with a status of 404 () @ https://pokeapi.co/api/v2/pokemon-species/10213/:0
[  336919ms] [ERROR] Failed to load resource: the server responded with a status of 404 () @ https://pokeapi.co/api/v2/pokemon-species/10214/:0
[  336919ms] [ERROR] Failed to load resource: the server responded with a status of 404 () @ https://pokeapi.co/api/v2/pokemon-species/10215/:0
[  336953ms] [ERROR] Failed to load resource: the server responded with a status of 404 () @ https://pokeapi.co/api/v2/pokemon-species/10216/:0
[  336953ms] [ERROR] Failed to load resource: the server responded with a status of 404 () @ https://pokeapi.co/api/v2/pokemon-species/10217/:0
[  336954ms] [ERROR] Failed to load resource: the server responded with a status of 404 () @ https://pokeapi.co/api/v2/pokemon-species/10218/:0
[  336955ms] [ERROR] Failed to load resource: the server responded with a status of 404 () @ https://pokeapi.co/api/v2/pokemon-species/10219/:0
[  336962ms] [ERROR] Failed to load resource: the server responded with a status of 404 () @ https://pokeapi.co/api/v2/pokemon-species/10227/:0
[  336963ms] [ERROR] Failed to load resource: the server responded with a status of 404 () @ https://pokeapi.co/api/v2/pokemon-species/10220/:0
[  336964ms] [ERROR] Failed to load resource: the server responded with a status of 404 () @ https://pokeapi.co/api/v2/pokemon-species/10221/:0
[  336964ms] [ERROR] Failed to load resource: the server responded with a status of 404 () @ https://pokeapi.co/api/v2/pokemon-species/10222/:0
[  336977ms] [ERROR] Failed to load resource: the server responded with a status of 404 () @ https://pokeapi.co/api/v2/pokemon-species/10223/:0
[  336977ms] [ERROR] Failed to load resource: the server responded with a status of 404 () @ https://pokeapi.co/api/v2/pokemon-species/10228/:0
[  336977ms] [ERROR] Failed to load resource: the server responded with a status of 404 () @ https://pokeapi.co/api/v2/pokemon-species/10224/:0
[  336978ms] [ERROR] Failed to load resource: the server responded with a status of 404 () @ https://pokeapi.co/api/v2/pokemon-species/10225/:0
[  336978ms] [ERROR] Failed to load resource: the server responded with a status of 404 () @ https://pokeapi.co/api/v2/pokemon-species/10226/:0
[  336978ms] [ERROR] Failed to load resource: the server responded with a status of 404 () @ https://pokeapi.co/api/v2/pokemon-species/10229/:0
[  336978ms] [ERROR] Failed to load resource: the server responded with a status of 404 () @ https://pokeapi.co/api/v2/pokemon-species/10230/:0
[  336978ms] [ERROR] Failed to load resource: the server responded with a status of 404 () @ https://pokeapi.co/api/v2/pokemon-species/10231/:0
[  336979ms] [ERROR] Failed to load resource: the server responded with a status of 404 () @ https://pokeapi.co/api/v2/pokemon-species/10232/:0
[  336979ms] [ERROR] Failed to load resource: the server responded with a status of 404 () @ https://pokeapi.co/api/v2/pokemon-species/10233/:0
[  336979ms] [ERROR] Failed to load resource: the server responded with a status of 404 () @ https://pokeapi.co/api/v2/pokemon-species/10234/:0
[  336979ms] [ERROR] Failed to load resource: the server responded with a status of 404 () @ https://pokeapi.co/api/v2/pokemon-species/10235/:0
[  337019ms] [ERROR] Failed to load resource: the server responded with a status of 404 () @ https://pokeapi.co/api/v2/pokemon-species/10236/:0
[  337020ms] [ERROR] Failed to load resource: the server responded with a status of 404 () @ https://pokeapi.co/api/v2/pokemon-species/10237/:0
[  337020ms] [ERROR] Failed to load resource: the server responded with a status of 404 () @ https://pokeapi.co/api/v2/pokemon-species/10238/:0
[  337023ms] [ERROR] Failed to load resource: the server responded with a status of 404 () @ https://pokeapi.co/api/v2/pokemon-species/10239/:0
[  337023ms] [ERROR] Failed to load resource: the server responded with a status of 404 () @ https://pokeapi.co/api/v2/pokemon-species/10240/:0
[  337023ms] [ERROR] Failed to load resource: the server responded with a status of 404 () @ https://pokeapi.co/api/v2/pokemon-species/10241/:0
[  337023ms] [ERROR] Failed to load resource: the server responded with a status of 404 () @ https://pokeapi.co/api/v2/pokemon-species/10242/:0
[  337031ms] [ERROR] Failed to load resource: the server responded with a status of 404 () @ https://pokeapi.co/api/v2/pokemon-species/10243/:0
[  337032ms] [ERROR] Failed to load resource: the server responded with a status of 404 () @ https://pokeapi.co/api/v2/pokemon-species/10244/:0
[  337044ms] [ERROR] Failed to load resource: the server responded with a status of 404 () @ https://pokeapi.co/api/v2/pokemon-species/10245/:0
[  337044ms] [ERROR] Failed to load resource: the server responded with a status of 404 () @ https://pokeapi.co/api/v2/pokemon-species/10246/:0
[  337044ms] [ERROR] Failed to load resource: the server responded with a status of 404 () @ https://pokeapi.co/api/v2/pokemon-species/10247/:0
[  337044ms] [ERROR] Failed to load resource: the server responded with a status of 404 () @ https://pokeapi.co/api/v2/pokemon-species/10248/:0
[  337045ms] [ERROR] Failed to load resource: the server responded with a status of 404 () @ https://pokeapi.co/api/v2/pokemon-species/10249/:0
[  337045ms] [ERROR] Failed to load resource: the server responded with a status of 404 () @ https://pokeapi.co/api/v2/pokemon-species/10250/:0
[  337045ms] [ERROR] Failed to load resource: the server responded with a status of 404 () @ https://pokeapi.co/api/v2/pokemon-species/10251/:0
[  337045ms] [ERROR] Failed to load resource: the server responded with a status of 404 () @ https://pokeapi.co/api/v2/pokemon-species/10252/:0
[  337045ms] [ERROR] Failed to load resource: the server responded with a status of 404 () @ https://pokeapi.co/api/v2/pokemon-species/10253/:0
[  337045ms] [ERROR] Failed to load resource: the server responded with a status of 404 () @ https://pokeapi.co/api/v2/pokemon-species/10254/:0
[  337046ms] [ERROR] Failed to load resource: the server responded with a status of 404 () @ https://pokeapi.co/api/v2/pokemon-species/10255/:0
[  337071ms] [ERROR] Failed to load resource: the server responded with a status of 404 () @ https://pokeapi.co/api/v2/pokemon-species/10256/:0
[  337080ms] [ERROR] Failed to load resource: the server responded with a status of 404 () @ https://pokeapi.co/api/v2/pokemon-species/10259/:0
[  337081ms] [ERROR] Failed to load resource: the server responded with a status of 404 () @ https://pokeapi.co/api/v2/pokemon-species/10260/:0
[  337081ms] [ERROR] Failed to load resource: the server responded with a status of 404 () @ https://pokeapi.co/api/v2/pokemon-species/10261/:0
[  337082ms] [ERROR] Failed to load resource: the server responded with a status of 404 () @ https://pokeapi.co/api/v2/pokemon-species/10262/:0
[  337083ms] [ERROR] Failed to load resource: the server responded with a status of 404 () @ https://pokeapi.co/api/v2/pokemon-species/10263/:0
[  337083ms] [ERROR] Failed to load resource: the server responded with a status of 404 () @ https://pokeapi.co/api/v2/pokemon-species/10257/:0
[  337084ms] [ERROR] Failed to load resource: the server responded with a status of 404 () @ https://pokeapi.co/api/v2/pokemon-species/10258/:0
[  337084ms] [ERROR] Failed to load resource: the server responded with a status of 404 () @ https://pokeapi.co/api/v2/pokemon-species/10264/:0
[  337085ms] [ERROR] Failed to load resource: the server responded with a status of 404 () @ https://pokeapi.co/api/v2/pokemon-species/10265/:0
[  337086ms] [ERROR] Failed to load resource: the server responded with a status of 404 () @ https://pokeapi.co/api/v2/pokemon-species/10266/:0
[  337086ms] [ERROR] Failed to load resource: the server responded with a status of 404 () @ https://pokeapi.co/api/v2/pokemon-species/10267/:0
[  337087ms] [ERROR] Failed to load resource: the server responded with a status of 404 () @ https://pokeapi.co/api/v2/pokemon-species/10268/:0
[  337087ms] [ERROR] Failed to load resource: the server responded with a status of 404 () @ https://pokeapi.co/api/v2/pokemon-species/10269/:0
[  337087ms] [ERROR] Failed to load resource: the server responded with a status of 404 () @ https://pokeapi.co/api/v2/pokemon-species/10270/:0
[  337088ms] [ERROR] Failed to load resource: the server responded with a status of 404 () @ https://pokeapi.co/api/v2/pokemon-species/10271/:0
[  337088ms] [ERROR] Failed to load resource: the server responded with a status of 404 () @ https://pokeapi.co/api/v2/pokemon-species/10272/:0
[  337090ms] [ERROR] Failed to load resource: the server responded with a status of 404 () @ https://pokeapi.co/api/v2/pokemon-species/10273/:0
[  337090ms] [ERROR] Failed to load resource: the server responded with a status of 404 () @ https://pokeapi.co/api/v2/pokemon-species/10274/:0
[  337090ms] [ERROR] Failed to load resource: the server responded with a status of 404 () @ https://pokeapi.co/api/v2/pokemon-species/10275/:0
[  337112ms] [ERROR] Failed to load resource: the server responded with a status of 404 () @ https://pokeapi.co/api/v2/pokemon-species/10276/:0
[  337117ms] [ERROR] Failed to load resource: the server responded with a status of 404 () @ https://pokeapi.co/api/v2/pokemon-species/10277/:0
[  337118ms] [ERROR] Failed to load resource: the server responded with a status of 404 () @ https://pokeapi.co/api/v2/pokemon-species/10281/:0
[  337119ms] [ERROR] Failed to load resource: the server responded with a status of 404 () @ https://pokeapi.co/api/v2/pokemon-species/10282/:0
[  337121ms] [ERROR] Failed to load resource: the server responded with a status of 404 () @ https://pokeapi.co/api/v2/pokemon-species/10278/:0
[  337121ms] [ERROR] Failed to load resource: the server responded with a status of 404 () @ https://pokeapi.co/api/v2/pokemon-species/10279/:0
[  337127ms] [ERROR] Failed to load resource: the server responded with a status of 404 () @ https://pokeapi.co/api/v2/pokemon-species/10280/:0
[  337128ms] [ERROR] Failed to load resource: the server responded with a status of 404 () @ https://pokeapi.co/api/v2/pokemon-species/10283/:0
[  337128ms] [ERROR] Failed to load resource: the server responded with a status of 404 () @ https://pokeapi.co/api/v2/pokemon-species/10284/:0
[  337132ms] [ERROR] Failed to load resource: the server responded with a status of 404 () @ https://pokeapi.co/api/v2/pokemon-species/10285/:0
[  337133ms] [ERROR] Failed to load resource: the server responded with a status of 404 () @ https://pokeapi.co/api/v2/pokemon-species/10286/:0
[  337133ms] [ERROR] Failed to load resource: the server responded with a status of 404 () @ https://pokeapi.co/api/v2/pokemon-species/10287/:0
[  337133ms] [ERROR] Failed to load resource: the server responded with a status of 404 () @ https://pokeapi.co/api/v2/pokemon-species/10288/:0
[  337133ms] [ERROR] Failed to load resource: the server responded with a status of 404 () @ https://pokeapi.co/api/v2/pokemon-species/10289/:0
[  337133ms] [ERROR] Failed to load resource: the server responded with a status of 404 () @ https://pokeapi.co/api/v2/pokemon-species/10290/:0
[  337134ms] [ERROR] Failed to load resource: the server responded with a status of 404 () @ https://pokeapi.co/api/v2/pokemon-species/10291/:0
[  337134ms] [ERROR] Failed to load resource: the server responded with a status of 404 () @ https://pokeapi.co/api/v2/pokemon-species/10292/:0
[  337134ms] [ERROR] Failed to load resource: the server responded with a status of 404 () @ https://pokeapi.co/api/v2/pokemon-species/10293/:0
[  337134ms] [ERROR] Failed to load resource: the server responded with a status of 404 () @ https://pokeapi.co/api/v2/pokemon-species/10294/:0
[  337134ms] [ERROR] Failed to load resource: the server responded with a status of 404 () @ https://pokeapi.co/api/v2/pokemon-species/10295/:0
[  337157ms] [ERROR] Failed to load resource: the server responded with a status of 404 () @ https://pokeapi.co/api/v2/pokemon-species/10296/:0
[  337159ms] [ERROR] Failed to load resource: the server responded with a status of 404 () @ https://pokeapi.co/api/v2/pokemon-species/10297/:0
[  337162ms] [ERROR] Failed to load resource: the server responded with a status of 404 () @ https://pokeapi.co/api/v2/pokemon-species/10300/:0
[  337163ms] [ERROR] Failed to load resource: the server responded with a status of 404 () @ https://pokeapi.co/api/v2/pokemon-species/10301/:0
[  337164ms] [ERROR] Failed to load resource: the server responded with a status of 404 () @ https://pokeapi.co/api/v2/pokemon-species/10298/:0
[  337172ms] [ERROR] Failed to load resource: the server responded with a status of 404 () @ https://pokeapi.co/api/v2/pokemon-species/10299/:0
[  337172ms] [ERROR] Failed to load resource: the server responded with a status of 404 () @ https://pokeapi.co/api/v2/pokemon-species/10302/:0
[  337178ms] [ERROR] Failed to load resource: the server responded with a status of 404 () @ https://pokeapi.co/api/v2/pokemon-species/10303/:0
[  337178ms] [ERROR] Failed to load resource: the server responded with a status of 404 () @ https://pokeapi.co/api/v2/pokemon-species/10304/:0
[  337178ms] [ERROR] Failed to load resource: the server responded with a status of 404 () @ https://pokeapi.co/api/v2/pokemon-species/10305/:0
[  337178ms] [ERROR] Failed to load resource: the server responded with a status of 404 () @ https://pokeapi.co/api/v2/pokemon-species/10306/:0
[  337178ms] [ERROR] Failed to load resource: the server responded with a status of 404 () @ https://pokeapi.co/api/v2/pokemon-species/10307/:0
[  337179ms] [ERROR] Failed to load resource: the server responded with a status of 404 () @ https://pokeapi.co/api/v2/pokemon-species/10308/:0
[  337179ms] [ERROR] Failed to load resource: the server responded with a status of 404 () @ https://pokeapi.co/api/v2/pokemon-species/10309/:0
[  337179ms] [ERROR] Failed to load resource: the server responded with a status of 404 () @ https://pokeapi.co/api/v2/pokemon-species/10310/:0
[  337179ms] [ERROR] Failed to load resource: the server responded with a status of 404 () @ https://pokeapi.co/api/v2/pokemon-species/10311/:0
[  337179ms] [ERROR] Failed to load resource: the server responded with a status of 404 () @ https://pokeapi.co/api/v2/pokemon-species/10312/:0
[  337179ms] [ERROR] Failed to load resource: the server responded with a status of 404 () @ https://pokeapi.co/api/v2/pokemon-species/10313/:0
[  337180ms] [ERROR] Failed to load resource: the server responded with a status of 404 () @ https://pokeapi.co/api/v2/pokemon-species/10314/:0
[  337180ms] [ERROR] Failed to load resource: the server responded with a status of 404 () @ https://pokeapi.co/api/v2/pokemon-species/10315/:0
[  337197ms] [ERROR] Failed to load resource: the server responded with a status of 404 () @ https://pokeapi.co/api/v2/pokemon-species/10316/:0
[  337200ms] [ERROR] Failed to load resource: the server responded with a status of 404 () @ https://pokeapi.co/api/v2/pokemon-species/10317/:0
[  337201ms] [ERROR] Failed to load resource: the server responded with a status of 404 () @ https://pokeapi.co/api/v2/pokemon-species/10318/:0
[  337202ms] [ERROR] Failed to load resource: the server responded with a status of 404 () @ https://pokeapi.co/api/v2/pokemon-species/10319/:0
[  337205ms] [ERROR] Failed to load resource: the server responded with a status of 404 () @ https://pokeapi.co/api/v2/pokemon-species/10320/:0
[  337205ms] [ERROR] Failed to load resource: the server responded with a status of 404 () @ https://pokeapi.co/api/v2/pokemon-species/10321/:0
[  337206ms] [ERROR] Failed to load resource: the server responded with a status of 404 () @ https://pokeapi.co/api/v2/pokemon-species/10322/:0
[  337206ms] [ERROR] Failed to load resource: the server responded with a status of 404 () @ https://pokeapi.co/api/v2/pokemon-species/10323/:0
[  337207ms] [ERROR] Failed to load resource: the server responded with a status of 404 () @ https://pokeapi.co/api/v2/pokemon-species/10324/:0
[  337207ms] [ERROR] Failed to load resource: the server responded with a status of 404 () @ https://pokeapi.co/api/v2/pokemon-species/10325/:0
[  410359ms] [ERROR] Failed to load resource: the server responded with a status of 404 () @ https://pokeapi.co/api/v2/pokemon-species/10001/:0
[  410359ms] [ERROR] Failed to load resource: the server responded with a status of 404 () @ https://pokeapi.co/api/v2/pokemon-species/10002/:0
[  410359ms] [ERROR] Failed to load resource: the server responded with a status of 404 () @ https://pokeapi.co/api/v2/pokemon-species/10003/:0
[  410360ms] [ERROR] Failed to load resource: the server responded with a status of 404 () @ https://pokeapi.co/api/v2/pokemon-species/10004/:0
[  410360ms] [ERROR] Failed to load resource: the server responded with a status of 404 () @ https://pokeapi.co/api/v2/pokemon-species/10005/:0
[  410365ms] [ERROR] Failed to load resource: the server responded with a status of 404 () @ https://pokeapi.co/api/v2/pokemon-species/10006/:0
[  410365ms] [ERROR] Failed to load resource: the server responded with a status of 404 () @ https://pokeapi.co/api/v2/pokemon-species/10007/:0
[  410369ms] [ERROR] Failed to load resource: the server responded with a status of 404 () @ https://pokeapi.co/api/v2/pokemon-species/10008/:0
[  410369ms] [ERROR] Failed to load resource: the server responded with a status of 404 () @ https://pokeapi.co/api/v2/pokemon-species/10009/:0
[  410369ms] [ERROR] Failed to load resource: the server responded with a status of 404 () @ https://pokeapi.co/api/v2/pokemon-species/10010/:0
[  410369ms] [ERROR] Failed to load resource: the server responded with a status of 404 () @ https://pokeapi.co/api/v2/pokemon-species/10011/:0
[  410370ms] [ERROR] Failed to load resource: the server responded with a status of 404 () @ https://pokeapi.co/api/v2/pokemon-species/10012/:0
[  410370ms] [ERROR] Failed to load resource: the server responded with a status of 404 () @ https://pokeapi.co/api/v2/pokemon-species/10013/:0
[  410370ms] [ERROR] Failed to load resource: the server responded with a status of 404 () @ https://pokeapi.co/api/v2/pokemon-species/10014/:0
[  410370ms] [ERROR] Failed to load resource: the server responded with a status of 404 () @ https://pokeapi.co/api/v2/pokemon-species/10015/:0
[  410398ms] [ERROR] Failed to load resource: the server responded with a status of 404 () @ https://pokeapi.co/api/v2/pokemon-species/10016/:0
[  410406ms] [ERROR] Failed to load resource: the server responded with a status of 404 () @ https://pokeapi.co/api/v2/pokemon-species/10018/:0
[  410407ms] [ERROR] Failed to load resource: the server responded with a status of 404 () @ https://pokeapi.co/api/v2/pokemon-species/10017/:0
[  410410ms] [ERROR] Failed to load resource: the server responded with a status of 404 () @ https://pokeapi.co/api/v2/pokemon-species/10019/:0
[  410411ms] [ERROR] Failed to load resource: the server responded with a status of 404 () @ https://pokeapi.co/api/v2/pokemon-species/10020/:0
[  410415ms] [ERROR] Failed to load resource: the server responded with a status of 404 () @ https://pokeapi.co/api/v2/pokemon-species/10021/:0
[  410417ms] [ERROR] Failed to load resource: the server responded with a status of 404 () @ https://pokeapi.co/api/v2/pokemon-species/10022/:0
[  410425ms] [ERROR] Failed to load resource: the server responded with a status of 404 () @ https://pokeapi.co/api/v2/pokemon-species/10023/:0
[  410425ms] [ERROR] Failed to load resource: the server responded with a status of 404 () @ https://pokeapi.co/api/v2/pokemon-species/10024/:0
[  410425ms] [ERROR] Failed to load resource: the server responded with a status of 404 () @ https://pokeapi.co/api/v2/pokemon-species/10025/:0
[  410426ms] [ERROR] Failed to load resource: the server responded with a status of 404 () @ https://pokeapi.co/api/v2/pokemon-species/10026/:0
[  410426ms] [ERROR] Failed to load resource: the server responded with a status of 404 () @ https://pokeapi.co/api/v2/pokemon-species/10027/:0
[  410426ms] [ERROR] Failed to load resource: the server responded with a status of 404 () @ https://pokeapi.co/api/v2/pokemon-species/10028/:0
[  410426ms] [ERROR] Failed to load resource: the server responded with a status of 404 () @ https://pokeapi.co/api/v2/pokemon-species/10029/:0
[  410426ms] [ERROR] Failed to load resource: the server responded with a status of 404 () @ https://pokeapi.co/api/v2/pokemon-species/10030/:0
[  410427ms] [ERROR] Failed to load resource: the server responded with a status of 404 () @ https://pokeapi.co/api/v2/pokemon-species/10031/:0
[  410427ms] [ERROR] Failed to load resource: the server responded with a status of 404 () @ https://pokeapi.co/api/v2/pokemon-species/10032/:0
[  410427ms] [ERROR] Failed to load resource: the server responded with a status of 404 () @ https://pokeapi.co/api/v2/pokemon-species/10033/:0
[  410427ms] [ERROR] Failed to load resource: the server responded with a status of 404 () @ https://pokeapi.co/api/v2/pokemon-species/10034/:0
[  410428ms] [ERROR] Failed to load resource: the server responded with a status of 404 () @ https://pokeapi.co/api/v2/pokemon-species/10035/:0
[  410451ms] [ERROR] Failed to load resource: the server responded with a status of 404 () @ https://pokeapi.co/api/v2/pokemon-species/10036/:0
[  410462ms] [ERROR] Failed to load resource: the server responded with a status of 404 () @ https://pokeapi.co/api/v2/pokemon-species/10037/:0
[  410463ms] [ERROR] Failed to load resource: the server responded with a status of 404 () @ https://pokeapi.co/api/v2/pokemon-species/10038/:0
[  410463ms] [ERROR] Failed to load resource: the server responded with a status of 404 () @ https://pokeapi.co/api/v2/pokemon-species/10039/:0
[  410464ms] [ERROR] Failed to load resource: the server responded with a status of 404 () @ https://pokeapi.co/api/v2/pokemon-species/10040/:0
[  410465ms] [ERROR] Failed to load resource: the server responded with a status of 404 () @ https://pokeapi.co/api/v2/pokemon-species/10041/:0
[  410466ms] [ERROR] Failed to load resource: the server responded with a status of 404 () @ https://pokeapi.co/api/v2/pokemon-species/10042/:0
[  410467ms] [ERROR] Failed to load resource: the server responded with a status of 404 () @ https://pokeapi.co/api/v2/pokemon-species/10043/:0
[  410472ms] [ERROR] Failed to load resource: the server responded with a status of 404 () @ https://pokeapi.co/api/v2/pokemon-species/10044/:0
[  410472ms] [ERROR] Failed to load resource: the server responded with a status of 404 () @ https://pokeapi.co/api/v2/pokemon-species/10045/:0
[  410473ms] [ERROR] Failed to load resource: the server responded with a status of 404 () @ https://pokeapi.co/api/v2/pokemon-species/10046/:0
[  410478ms] [ERROR] Failed to load resource: the server responded with a status of 404 () @ https://pokeapi.co/api/v2/pokemon-species/10047/:0
[  410478ms] [ERROR] Failed to load resource: the server responded with a status of 404 () @ https://pokeapi.co/api/v2/pokemon-species/10048/:0
[  410479ms] [ERROR] Failed to load resource: the server responded with a status of 404 () @ https://pokeapi.co/api/v2/pokemon-species/10049/:0
[  410479ms] [ERROR] Failed to load resource: the server responded with a status of 404 () @ https://pokeapi.co/api/v2/pokemon-species/10050/:0
[  410479ms] [ERROR] Failed to load resource: the server responded with a status of 404 () @ https://pokeapi.co/api/v2/pokemon-species/10051/:0
[  410479ms] [ERROR] Failed to load resource: the server responded with a status of 404 () @ https://pokeapi.co/api/v2/pokemon-species/10052/:0
[  410479ms] [ERROR] Failed to load resource: the server responded with a status of 404 () @ https://pokeapi.co/api/v2/pokemon-species/10053/:0
[  410479ms] [ERROR] Failed to load resource: the server responded with a status of 404 () @ https://pokeapi.co/api/v2/pokemon-species/10054/:0
[  410480ms] [ERROR] Failed to load resource: the server responded with a status of 404 () @ https://pokeapi.co/api/v2/pokemon-species/10055/:0
[  410510ms] [ERROR] Failed to load resource: the server responded with a status of 404 () @ https://pokeapi.co/api/v2/pokemon-species/10056/:0
[  410523ms] [ERROR] Failed to load resource: the server responded with a status of 404 () @ https://pokeapi.co/api/v2/pokemon-species/10057/:0
[  410524ms] [ERROR] Failed to load resource: the server responded with a status of 404 () @ https://pokeapi.co/api/v2/pokemon-species/10058/:0
[  410525ms] [ERROR] Failed to load resource: the server responded with a status of 404 () @ https://pokeapi.co/api/v2/pokemon-species/10059/:0
[  410529ms] [ERROR] Failed to load resource: the server responded with a status of 404 () @ https://pokeapi.co/api/v2/pokemon-species/10060/:0
[  410532ms] [ERROR] Failed to load resource: the server responded with a status of 404 () @ https://pokeapi.co/api/v2/pokemon-species/10061/:0
[  410537ms] [ERROR] Failed to load resource: the server responded with a status of 404 () @ https://pokeapi.co/api/v2/pokemon-species/10062/:0
[  410539ms] [ERROR] Failed to load resource: the server responded with a status of 404 () @ https://pokeapi.co/api/v2/pokemon-species/10063/:0
[  410545ms] [ERROR] Failed to load resource: the server responded with a status of 404 () @ https://pokeapi.co/api/v2/pokemon-species/10064/:0
[  410545ms] [ERROR] Failed to load resource: the server responded with a status of 404 () @ https://pokeapi.co/api/v2/pokemon-species/10065/:0
[  410545ms] [ERROR] Failed to load resource: the server responded with a status of 404 () @ https://pokeapi.co/api/v2/pokemon-species/10066/:0
[  410546ms] [ERROR] Failed to load resource: the server responded with a status of 404 () @ https://pokeapi.co/api/v2/pokemon-species/10067/:0
[  410546ms] [ERROR] Failed to load resource: the server responded with a status of 404 () @ https://pokeapi.co/api/v2/pokemon-species/10068/:0
[  410546ms] [ERROR] Failed to load resource: the server responded with a status of 404 () @ https://pokeapi.co/api/v2/pokemon-species/10069/:0
[  410546ms] [ERROR] Failed to load resource: the server responded with a status of 404 () @ https://pokeapi.co/api/v2/pokemon-species/10070/:0
[  410547ms] [ERROR] Failed to load resource: the server responded with a status of 404 () @ https://pokeapi.co/api/v2/pokemon-species/10071/:0
[  410547ms] [ERROR] Failed to load resource: the server responded with a status of 404 () @ https://pokeapi.co/api/v2/pokemon-species/10072/:0
[  410547ms] [ERROR] Failed to load resource: the server responded with a status of 404 () @ https://pokeapi.co/api/v2/pokemon-species/10073/:0
[  410547ms] [ERROR] Failed to load resource: the server responded with a status of 404 () @ https://pokeapi.co/api/v2/pokemon-species/10074/:0
[  410548ms] [ERROR] Failed to load resource: the server responded with a status of 404 () @ https://pokeapi.co/api/v2/pokemon-species/10075/:0
[  410573ms] [ERROR] Failed to load resource: the server responded with a status of 404 () @ https://pokeapi.co/api/v2/pokemon-species/10076/:0
[  410587ms] [ERROR] Failed to load resource: the server responded with a status of 404 () @ https://pokeapi.co/api/v2/pokemon-species/10081/:0
[  410587ms] [ERROR] Failed to load resource: the server responded with a status of 404 () @ https://pokeapi.co/api/v2/pokemon-species/10082/:0
[  410588ms] [ERROR] Failed to load resource: the server responded with a status of 404 () @ https://pokeapi.co/api/v2/pokemon-species/10077/:0
[  410590ms] [ERROR] Failed to load resource: the server responded with a status of 404 () @ https://pokeapi.co/api/v2/pokemon-species/10078/:0
[  410592ms] [ERROR] Failed to load resource: the server responded with a status of 404 () @ https://pokeapi.co/api/v2/pokemon-species/10083/:0
[  410592ms] [ERROR] Failed to load resource: the server responded with a status of 404 () @ https://pokeapi.co/api/v2/pokemon-species/10079/:0
[  410592ms] [ERROR] Failed to load resource: the server responded with a status of 404 () @ https://pokeapi.co/api/v2/pokemon-species/10080/:0
[  410593ms] [ERROR] Failed to load resource: the server responded with a status of 404 () @ https://pokeapi.co/api/v2/pokemon-species/10084/:0
[  410593ms] [ERROR] Failed to load resource: the server responded with a status of 404 () @ https://pokeapi.co/api/v2/pokemon-species/10085/:0
[  410594ms] [ERROR] Failed to load resource: the server responded with a status of 404 () @ https://pokeapi.co/api/v2/pokemon-species/10086/:0
[  410594ms] [ERROR] Failed to load resource: the server responded with a status of 404 () @ https://pokeapi.co/api/v2/pokemon-species/10087/:0
[  410598ms] [ERROR] Failed to load resource: the server responded with a status of 404 () @ https://pokeapi.co/api/v2/pokemon-species/10088/:0
[  410602ms] [ERROR] Failed to load resource: the server responded with a status of 404 () @ https://pokeapi.co/api/v2/pokemon-species/10089/:0
[  410602ms] [ERROR] Failed to load resource: the server responded with a status of 404 () @ https://pokeapi.co/api/v2/pokemon-species/10090/:0
[  410602ms] [ERROR] Failed to load resource: the server responded with a status of 404 () @ https://pokeapi.co/api/v2/pokemon-species/10091/:0
[  410603ms] [ERROR] Failed to load resource: the server responded with a status of 404 () @ https://pokeapi.co/api/v2/pokemon-species/10092/:0
[  410603ms] [ERROR] Failed to load resource: the server responded with a status of 404 () @ https://pokeapi.co/api/v2/pokemon-species/10093/:0
[  410603ms] [ERROR] Failed to load resource: the server responded with a status of 404 () @ https://pokeapi.co/api/v2/pokemon-species/10094/:0
[  410603ms] [ERROR] Failed to load resource: the server responded with a status of 404 () @ https://pokeapi.co/api/v2/pokemon-species/10095/:0
[  410632ms] [ERROR] Failed to load resource: the server responded with a status of 404 () @ https://pokeapi.co/api/v2/pokemon-species/10096/:0
[  410645ms] [ERROR] Failed to load resource: the server responded with a status of 404 () @ https://pokeapi.co/api/v2/pokemon-species/10101/:0
[  410647ms] [ERROR] Failed to load resource: the server responded with a status of 404 () @ https://pokeapi.co/api/v2/pokemon-species/10097/:0
[  410648ms] [ERROR] Failed to load resource: the server responded with a status of 404 () @ https://pokeapi.co/api/v2/pokemon-species/10098/:0
[  410648ms] [ERROR] Failed to load resource: the server responded with a status of 404 () @ https://pokeapi.co/api/v2/pokemon-species/10099/:0
[  410648ms] [ERROR] Failed to load resource: the server responded with a status of 404 () @ https://pokeapi.co/api/v2/pokemon-species/10102/:0
[  410649ms] [ERROR] Failed to load resource: the server responded with a status of 404 () @ https://pokeapi.co/api/v2/pokemon-species/10100/:0
[  410649ms] [ERROR] Failed to load resource: the server responded with a status of 404 () @ https://pokeapi.co/api/v2/pokemon-species/10103/:0
[  410649ms] [ERROR] Failed to load resource: the server responded with a status of 404 () @ https://pokeapi.co/api/v2/pokemon-species/10104/:0
[  410651ms] [ERROR] Failed to load resource: the server responded with a status of 404 () @ https://pokeapi.co/api/v2/pokemon-species/10105/:0
[  410653ms] [ERROR] Failed to load resource: the server responded with a status of 404 () @ https://pokeapi.co/api/v2/pokemon-species/10106/:0
[  410654ms] [ERROR] Failed to load resource: the server responded with a status of 404 () @ https://pokeapi.co/api/v2/pokemon-species/10107/:0
[  410654ms] [ERROR] Failed to load resource: the server responded with a status of 404 () @ https://pokeapi.co/api/v2/pokemon-species/10108/:0
[  410655ms] [ERROR] Failed to load resource: the server responded with a status of 404 () @ https://pokeapi.co/api/v2/pokemon-species/10109/:0
[  410655ms] [ERROR] Failed to load resource: the server responded with a status of 404 () @ https://pokeapi.co/api/v2/pokemon-species/10110/:0
[  410658ms] [ERROR] Failed to load resource: the server responded with a status of 404 () @ https://pokeapi.co/api/v2/pokemon-species/10111/:0
[  410658ms] [ERROR] Failed to load resource: the server responded with a status of 404 () @ https://pokeapi.co/api/v2/pokemon-species/10112/:0
[  410658ms] [ERROR] Failed to load resource: the server responded with a status of 404 () @ https://pokeapi.co/api/v2/pokemon-species/10113/:0
[  410658ms] [ERROR] Failed to load resource: the server responded with a status of 404 () @ https://pokeapi.co/api/v2/pokemon-species/10114/:0
[  410658ms] [ERROR] Failed to load resource: the server responded with a status of 404 () @ https://pokeapi.co/api/v2/pokemon-species/10115/:0
[  410679ms] [ERROR] Failed to load resource: the server responded with a status of 404 () @ https://pokeapi.co/api/v2/pokemon-species/10116/:0
[  410689ms] [ERROR] Failed to load resource: the server responded with a status of 404 () @ https://pokeapi.co/api/v2/pokemon-species/10117/:0
[  410691ms] [ERROR] Failed to load resource: the server responded with a status of 404 () @ https://pokeapi.co/api/v2/pokemon-species/10120/:0
[  410691ms] [ERROR] Failed to load resource: the server responded with a status of 404 () @ https://pokeapi.co/api/v2/pokemon-species/10121/:0
[  410691ms] [ERROR] Failed to load resource: the server responded with a status of 404 () @ https://pokeapi.co/api/v2/pokemon-species/10118/:0
[  410692ms] [ERROR] Failed to load resource: the server responded with a status of 404 () @ https://pokeapi.co/api/v2/pokemon-species/10122/:0
[  410692ms] [ERROR] Failed to load resource: the server responded with a status of 404 () @ https://pokeapi.co/api/v2/pokemon-species/10119/:0
[  410694ms] [ERROR] Failed to load resource: the server responded with a status of 404 () @ https://pokeapi.co/api/v2/pokemon-species/10123/:0
[  410699ms] [ERROR] Failed to load resource: the server responded with a status of 404 () @ https://pokeapi.co/api/v2/pokemon-species/10124/:0
[  410701ms] [ERROR] Failed to load resource: the server responded with a status of 404 () @ https://pokeapi.co/api/v2/pokemon-species/10125/:0
[  410706ms] [ERROR] Failed to load resource: the server responded with a status of 404 () @ https://pokeapi.co/api/v2/pokemon-species/10126/:0
[  410706ms] [ERROR] Failed to load resource: the server responded with a status of 404 () @ https://pokeapi.co/api/v2/pokemon-species/10127/:0
[  410706ms] [ERROR] Failed to load resource: the server responded with a status of 404 () @ https://pokeapi.co/api/v2/pokemon-species/10128/:0
[  410707ms] [ERROR] Failed to load resource: the server responded with a status of 404 () @ https://pokeapi.co/api/v2/pokemon-species/10129/:0
[  410707ms] [ERROR] Failed to load resource: the server responded with a status of 404 () @ https://pokeapi.co/api/v2/pokemon-species/10130/:0
[  410707ms] [ERROR] Failed to load resource: the server responded with a status of 404 () @ https://pokeapi.co/api/v2/pokemon-species/10131/:0
[  410707ms] [ERROR] Failed to load resource: the server responded with a status of 404 () @ https://pokeapi.co/api/v2/pokemon-species/10132/:0
[  410708ms] [ERROR] Failed to load resource: the server responded with a status of 404 () @ https://pokeapi.co/api/v2/pokemon-species/10133/:0
[  410708ms] [ERROR] Failed to load resource: the server responded with a status of 404 () @ https://pokeapi.co/api/v2/pokemon-species/10134/:0
[  410708ms] [ERROR] Failed to load resource: the server responded with a status of 404 () @ https://pokeapi.co/api/v2/pokemon-species/10135/:0
[  410737ms] [ERROR] Failed to load resource: the server responded with a status of 404 () @ https://pokeapi.co/api/v2/pokemon-species/10136/:0
[  410749ms] [ERROR] Failed to load resource: the server responded with a status of 404 () @ https://pokeapi.co/api/v2/pokemon-species/10140/:0
[  410749ms] [ERROR] Failed to load resource: the server responded with a status of 404 () @ https://pokeapi.co/api/v2/pokemon-species/10141/:0
[  410751ms] [ERROR] Failed to load resource: the server responded with a status of 404 () @ https://pokeapi.co/api/v2/pokemon-species/10142/:0
[  410751ms] [ERROR] Failed to load resource: the server responded with a status of 404 () @ https://pokeapi.co/api/v2/pokemon-species/10143/:0
[  410753ms] [ERROR] Failed to load resource: the server responded with a status of 404 () @ https://pokeapi.co/api/v2/pokemon-species/10137/:0
[  410753ms] [ERROR] Failed to load resource: the server responded with a status of 404 () @ https://pokeapi.co/api/v2/pokemon-species/10138/:0
[  410753ms] [ERROR] Failed to load resource: the server responded with a status of 404 () @ https://pokeapi.co/api/v2/pokemon-species/10139/:0
[  410753ms] [ERROR] Failed to load resource: the server responded with a status of 404 () @ https://pokeapi.co/api/v2/pokemon-species/10144/:0
[  410754ms] [ERROR] Failed to load resource: the server responded with a status of 404 () @ https://pokeapi.co/api/v2/pokemon-species/10145/:0
[  410757ms] [ERROR] Failed to load resource: the server responded with a status of 404 () @ https://pokeapi.co/api/v2/pokemon-species/10146/:0
[  410761ms] [ERROR] Failed to load resource: the server responded with a status of 404 () @ https://pokeapi.co/api/v2/pokemon-species/10147/:0
[  410761ms] [ERROR] Failed to load resource: the server responded with a status of 404 () @ https://pokeapi.co/api/v2/pokemon-species/10148/:0
[  410762ms] [ERROR] Failed to load resource: the server responded with a status of 404 () @ https://pokeapi.co/api/v2/pokemon-species/10149/:0
[  410762ms] [ERROR] Failed to load resource: the server responded with a status of 404 () @ https://pokeapi.co/api/v2/pokemon-species/10150/:0
[  410762ms] [ERROR] Failed to load resource: the server responded with a status of 404 () @ https://pokeapi.co/api/v2/pokemon-species/10151/:0
[  410763ms] [ERROR] Failed to load resource: the server responded with a status of 404 () @ https://pokeapi.co/api/v2/pokemon-species/10152/:0
[  410763ms] [ERROR] Failed to load resource: the server responded with a status of 404 () @ https://pokeapi.co/api/v2/pokemon-species/10153/:0
[  410763ms] [ERROR] Failed to load resource: the server responded with a status of 404 () @ https://pokeapi.co/api/v2/pokemon-species/10154/:0
[  410763ms] [ERROR] Failed to load resource: the server responded with a status of 404 () @ https://pokeapi.co/api/v2/pokemon-species/10155/:0
[  410789ms] [ERROR] Failed to load resource: the server responded with a status of 404 () @ https://pokeapi.co/api/v2/pokemon-species/10156/:0
[  410797ms] [ERROR] Failed to load resource: the server responded with a status of 404 () @ https://pokeapi.co/api/v2/pokemon-species/10157/:0
[  410797ms] [ERROR] Failed to load resource: the server responded with a status of 404 () @ https://pokeapi.co/api/v2/pokemon-species/10158/:0
[  410797ms] [ERROR] Failed to load resource: the server responded with a status of 404 () @ https://pokeapi.co/api/v2/pokemon-species/10159/:0
[  410800ms] [ERROR] Failed to load resource: the server responded with a status of 404 () @ https://pokeapi.co/api/v2/pokemon-species/10160/:0
[  410806ms] [ERROR] Failed to load resource: the server responded with a status of 404 () @ https://pokeapi.co/api/v2/pokemon-species/10161/:0
[  410809ms] [ERROR] Failed to load resource: the server responded with a status of 404 () @ https://pokeapi.co/api/v2/pokemon-species/10162/:0
[  410815ms] [ERROR] Failed to load resource: the server responded with a status of 404 () @ https://pokeapi.co/api/v2/pokemon-species/10163/:0
[  410815ms] [ERROR] Failed to load resource: the server responded with a status of 404 () @ https://pokeapi.co/api/v2/pokemon-species/10164/:0
[  410815ms] [ERROR] Failed to load resource: the server responded with a status of 404 () @ https://pokeapi.co/api/v2/pokemon-species/10165/:0
[  410815ms] [ERROR] Failed to load resource: the server responded with a status of 404 () @ https://pokeapi.co/api/v2/pokemon-species/10166/:0
[  410816ms] [ERROR] Failed to load resource: the server responded with a status of 404 () @ https://pokeapi.co/api/v2/pokemon-species/10167/:0
[  410816ms] [ERROR] Failed to load resource: the server responded with a status of 404 () @ https://pokeapi.co/api/v2/pokemon-species/10168/:0
[  410816ms] [ERROR] Failed to load resource: the server responded with a status of 404 () @ https://pokeapi.co/api/v2/pokemon-species/10169/:0
[  410816ms] [ERROR] Failed to load resource: the server responded with a status of 404 () @ https://pokeapi.co/api/v2/pokemon-species/10170/:0
[  410816ms] [ERROR] Failed to load resource: the server responded with a status of 404 () @ https://pokeapi.co/api/v2/pokemon-species/10171/:0
[  410816ms] [ERROR] Failed to load resource: the server responded with a status of 404 () @ https://pokeapi.co/api/v2/pokemon-species/10172/:0
[  410817ms] [ERROR] Failed to load resource: the server responded with a status of 404 () @ https://pokeapi.co/api/v2/pokemon-species/10173/:0
[  410817ms] [ERROR] Failed to load resource: the server responded with a status of 404 () @ https://pokeapi.co/api/v2/pokemon-species/10174/:0
[  410817ms] [ERROR] Failed to load resource: the server responded with a status of 404 () @ https://pokeapi.co/api/v2/pokemon-species/10175/:0
[  410844ms] [ERROR] Failed to load resource: the server responded with a status of 404 () @ https://pokeapi.co/api/v2/pokemon-species/10176/:0
[  410848ms] [ERROR] Failed to load resource: the server responded with a status of 404 () @ https://pokeapi.co/api/v2/pokemon-species/10177/:0
[  410852ms] [ERROR] Failed to load resource: the server responded with a status of 404 () @ https://pokeapi.co/api/v2/pokemon-species/10180/:0
[  410855ms] [ERROR] Failed to load resource: the server responded with a status of 404 () @ https://pokeapi.co/api/v2/pokemon-species/10181/:0
[  410856ms] [ERROR] Failed to load resource: the server responded with a status of 404 () @ https://pokeapi.co/api/v2/pokemon-species/10178/:0
[  410856ms] [ERROR] Failed to load resource: the server responded with a status of 404 () @ https://pokeapi.co/api/v2/pokemon-species/10179/:0
[  410860ms] [ERROR] Failed to load resource: the server responded with a status of 404 () @ https://pokeapi.co/api/v2/pokemon-species/10182/:0
[  410864ms] [ERROR] Failed to load resource: the server responded with a status of 404 () @ https://pokeapi.co/api/v2/pokemon-species/10183/:0
[  410864ms] [ERROR] Failed to load resource: the server responded with a status of 404 () @ https://pokeapi.co/api/v2/pokemon-species/10184/:0
[  410869ms] [ERROR] Failed to load resource: the server responded with a status of 404 () @ https://pokeapi.co/api/v2/pokemon-species/10185/:0
[  410869ms] [ERROR] Failed to load resource: the server responded with a status of 404 () @ https://pokeapi.co/api/v2/pokemon-species/10186/:0
[  410869ms] [ERROR] Failed to load resource: the server responded with a status of 404 () @ https://pokeapi.co/api/v2/pokemon-species/10187/:0
[  410870ms] [ERROR] Failed to load resource: the server responded with a status of 404 () @ https://pokeapi.co/api/v2/pokemon-species/10188/:0
[  410870ms] [ERROR] Failed to load resource: the server responded with a status of 404 () @ https://pokeapi.co/api/v2/pokemon-species/10189/:0
[  410870ms] [ERROR] Failed to load resource: the server responded with a status of 404 () @ https://pokeapi.co/api/v2/pokemon-species/10190/:0
[  410870ms] [ERROR] Failed to load resource: the server responded with a status of 404 () @ https://pokeapi.co/api/v2/pokemon-species/10191/:0
[  410870ms] [ERROR] Failed to load resource: the server responded with a status of 404 () @ https://pokeapi.co/api/v2/pokemon-species/10192/:0
[  410871ms] [ERROR] Failed to load resource: the server responded with a status of 404 () @ https://pokeapi.co/api/v2/pokemon-species/10193/:0
[  410871ms] [ERROR] Failed to load resource: the server responded with a status of 404 () @ https://pokeapi.co/api/v2/pokemon-species/10194/:0
[  410871ms] [ERROR] Failed to load resource: the server responded with a status of 404 () @ https://pokeapi.co/api/v2/pokemon-species/10195/:0
[  410891ms] [ERROR] Failed to load resource: the server responded with a status of 404 () @ https://pokeapi.co/api/v2/pokemon-species/10196/:0
[  410899ms] [ERROR] Failed to load resource: the server responded with a status of 404 () @ https://pokeapi.co/api/v2/pokemon-species/10197/:0
[  410899ms] [ERROR] Failed to load resource: the server responded with a status of 404 () @ https://pokeapi.co/api/v2/pokemon-species/10201/:0
[  410901ms] [ERROR] Failed to load resource: the server responded with a status of 404 () @ https://pokeapi.co/api/v2/pokemon-species/10202/:0
[  410901ms] [ERROR] Failed to load resource: the server responded with a status of 404 () @ https://pokeapi.co/api/v2/pokemon-species/10203/:0
[  410902ms] [ERROR] Failed to load resource: the server responded with a status of 404 () @ https://pokeapi.co/api/v2/pokemon-species/10198/:0
[  410904ms] [ERROR] Failed to load resource: the server responded with a status of 404 () @ https://pokeapi.co/api/v2/pokemon-species/10199/:0
[  410915ms] [ERROR] Failed to load resource: the server responded with a status of 404 () @ https://pokeapi.co/api/v2/pokemon-species/10200/:0
[  410916ms] [ERROR] Failed to load resource: the server responded with a status of 404 () @ https://pokeapi.co/api/v2/pokemon-species/10204/:0
[  410916ms] [ERROR] Failed to load resource: the server responded with a status of 404 () @ https://pokeapi.co/api/v2/pokemon-species/10205/:0
[  410916ms] [ERROR] Failed to load resource: the server responded with a status of 404 () @ https://pokeapi.co/api/v2/pokemon-species/10206/:0
[  410916ms] [ERROR] Failed to load resource: the server responded with a status of 404 () @ https://pokeapi.co/api/v2/pokemon-species/10207/:0
[  410916ms] [ERROR] Failed to load resource: the server responded with a status of 404 () @ https://pokeapi.co/api/v2/pokemon-species/10208/:0
[  410916ms] [ERROR] Failed to load resource: the server responded with a status of 404 () @ https://pokeapi.co/api/v2/pokemon-species/10209/:0
[  410917ms] [ERROR] Failed to load resource: the server responded with a status of 404 () @ https://pokeapi.co/api/v2/pokemon-species/10210/:0
[  410917ms] [ERROR] Failed to load resource: the server responded with a status of 404 () @ https://pokeapi.co/api/v2/pokemon-species/10211/:0
[  410917ms] [ERROR] Failed to load resource: the server responded with a status of 404 () @ https://pokeapi.co/api/v2/pokemon-species/10212/:0
[  410917ms] [ERROR] Failed to load resource: the server responded with a status of 404 () @ https://pokeapi.co/api/v2/pokemon-species/10213/:0
[  410917ms] [ERROR] Failed to load resource: the server responded with a status of 404 () @ https://pokeapi.co/api/v2/pokemon-species/10214/:0
[  410917ms] [ERROR] Failed to load resource: the server responded with a status of 404 () @ https://pokeapi.co/api/v2/pokemon-species/10215/:0
[  410939ms] [ERROR] Failed to load resource: the server responded with a status of 404 () @ https://pokeapi.co/api/v2/pokemon-species/10216/:0
[  410946ms] [ERROR] Failed to load resource: the server responded with a status of 404 () @ https://pokeapi.co/api/v2/pokemon-species/10222/:0
[  410948ms] [ERROR] Failed to load resource: the server responded with a status of 404 () @ https://pokeapi.co/api/v2/pokemon-species/10217/:0
[  410948ms] [ERROR] Failed to load resource: the server responded with a status of 404 () @ https://pokeapi.co/api/v2/pokemon-species/10218/:0
[  410965ms] [ERROR] Failed to load resource: the server responded with a status of 404 () @ https://pokeapi.co/api/v2/pokemon-species/10223/:0
[  410965ms] [ERROR] Failed to load resource: the server responded with a status of 404 () @ https://pokeapi.co/api/v2/pokemon-species/10224/:0
[  410966ms] [ERROR] Failed to load resource: the server responded with a status of 404 () @ https://pokeapi.co/api/v2/pokemon-species/10219/:0
[  410966ms] [ERROR] Failed to load resource: the server responded with a status of 404 () @ https://pokeapi.co/api/v2/pokemon-species/10220/:0
[  410966ms] [ERROR] Failed to load resource: the server responded with a status of 404 () @ https://pokeapi.co/api/v2/pokemon-species/10221/:0
[  410966ms] [ERROR] Failed to load resource: the server responded with a status of 404 () @ https://pokeapi.co/api/v2/pokemon-species/10225/:0
[  410966ms] [ERROR] Failed to load resource: the server responded with a status of 404 () @ https://pokeapi.co/api/v2/pokemon-species/10226/:0
[  410966ms] [ERROR] Failed to load resource: the server responded with a status of 404 () @ https://pokeapi.co/api/v2/pokemon-species/10227/:0
[  410967ms] [ERROR] Failed to load resource: the server responded with a status of 404 () @ https://pokeapi.co/api/v2/pokemon-species/10228/:0
[  410967ms] [ERROR] Failed to load resource: the server responded with a status of 404 () @ https://pokeapi.co/api/v2/pokemon-species/10229/:0
[  410967ms] [ERROR] Failed to load resource: the server responded with a status of 404 () @ https://pokeapi.co/api/v2/pokemon-species/10230/:0
[  410967ms] [ERROR] Failed to load resource: the server responded with a status of 404 () @ https://pokeapi.co/api/v2/pokemon-species/10231/:0
[  410967ms] [ERROR] Failed to load resource: the server responded with a status of 404 () @ https://pokeapi.co/api/v2/pokemon-species/10232/:0
[  410967ms] [ERROR] Failed to load resource: the server responded with a status of 404 () @ https://pokeapi.co/api/v2/pokemon-species/10233/:0
[  410968ms] [ERROR] Failed to load resource: the server responded with a status of 404 () @ https://pokeapi.co/api/v2/pokemon-species/10234/:0
[  410968ms] [ERROR] Failed to load resource: the server responded with a status of 404 () @ https://pokeapi.co/api/v2/pokemon-species/10235/:0
[  410988ms] [ERROR] Failed to load resource: the server responded with a status of 404 () @ https://pokeapi.co/api/v2/pokemon-species/10236/:0
[  410996ms] [ERROR] Failed to load resource: the server responded with a status of 404 () @ https://pokeapi.co/api/v2/pokemon-species/10237/:0
[  410997ms] [ERROR] Failed to load resource: the server responded with a status of 404 () @ https://pokeapi.co/api/v2/pokemon-species/10241/:0
[  410997ms] [ERROR] Failed to load resource: the server responded with a status of 404 () @ https://pokeapi.co/api/v2/pokemon-species/10242/:0
[  410999ms] [ERROR] Failed to load resource: the server responded with a status of 404 () @ https://pokeapi.co/api/v2/pokemon-species/10238/:0
[  411000ms] [ERROR] Failed to load resource: the server responded with a status of 404 () @ https://pokeapi.co/api/v2/pokemon-species/10239/:0
[  411010ms] [ERROR] Failed to load resource: the server responded with a status of 404 () @ https://pokeapi.co/api/v2/pokemon-species/10240/:0
[  411010ms] [ERROR] Failed to load resource: the server responded with a status of 404 () @ https://pokeapi.co/api/v2/pokemon-species/10243/:0
[  411010ms] [ERROR] Failed to load resource: the server responded with a status of 404 () @ https://pokeapi.co/api/v2/pokemon-species/10244/:0
[  411010ms] [ERROR] Failed to load resource: the server responded with a status of 404 () @ https://pokeapi.co/api/v2/pokemon-species/10245/:0
[  411011ms] [ERROR] Failed to load resource: the server responded with a status of 404 () @ https://pokeapi.co/api/v2/pokemon-species/10246/:0
[  411011ms] [ERROR] Failed to load resource: the server responded with a status of 404 () @ https://pokeapi.co/api/v2/pokemon-species/10247/:0
[  411011ms] [ERROR] Failed to load resource: the server responded with a status of 404 () @ https://pokeapi.co/api/v2/pokemon-species/10248/:0
[  411011ms] [ERROR] Failed to load resource: the server responded with a status of 404 () @ https://pokeapi.co/api/v2/pokemon-species/10249/:0
[  411011ms] [ERROR] Failed to load resource: the server responded with a status of 404 () @ https://pokeapi.co/api/v2/pokemon-species/10250/:0
[  411012ms] [ERROR] Failed to load resource: the server responded with a status of 404 () @ https://pokeapi.co/api/v2/pokemon-species/10251/:0
[  411012ms] [ERROR] Failed to load resource: the server responded with a status of 404 () @ https://pokeapi.co/api/v2/pokemon-species/10252/:0
[  411012ms] [ERROR] Failed to load resource: the server responded with a status of 404 () @ https://pokeapi.co/api/v2/pokemon-species/10253/:0
[  411012ms] [ERROR] Failed to load resource: the server responded with a status of 404 () @ https://pokeapi.co/api/v2/pokemon-species/10254/:0
[  411012ms] [ERROR] Failed to load resource: the server responded with a status of 404 () @ https://pokeapi.co/api/v2/pokemon-species/10255/:0
[  411035ms] [ERROR] Failed to load resource: the server responded with a status of 404 () @ https://pokeapi.co/api/v2/pokemon-species/10256/:0
[  411042ms] [ERROR] Failed to load resource: the server responded with a status of 404 () @ https://pokeapi.co/api/v2/pokemon-species/10261/:0
[  411042ms] [ERROR] Failed to load resource: the server responded with a status of 404 () @ https://pokeapi.co/api/v2/pokemon-species/10262/:0
[  411044ms] [ERROR] Failed to load resource: the server responded with a status of 404 () @ https://pokeapi.co/api/v2/pokemon-species/10263/:0
[  411049ms] [ERROR] Failed to load resource: the server responded with a status of 404 () @ https://pokeapi.co/api/v2/pokemon-species/10257/:0
[  411051ms] [ERROR] Failed to load resource: the server responded with a status of 404 () @ https://pokeapi.co/api/v2/pokemon-species/10258/:0
[  411051ms] [ERROR] Failed to load resource: the server responded with a status of 404 () @ https://pokeapi.co/api/v2/pokemon-species/10259/:0
[  411052ms] [ERROR] Failed to load resource: the server responded with a status of 404 () @ https://pokeapi.co/api/v2/pokemon-species/10260/:0
[  411052ms] [ERROR] Failed to load resource: the server responded with a status of 404 () @ https://pokeapi.co/api/v2/pokemon-species/10264/:0
[  411052ms] [ERROR] Failed to load resource: the server responded with a status of 404 () @ https://pokeapi.co/api/v2/pokemon-species/10265/:0
[  411052ms] [ERROR] Failed to load resource: the server responded with a status of 404 () @ https://pokeapi.co/api/v2/pokemon-species/10266/:0
[  411052ms] [ERROR] Failed to load resource: the server responded with a status of 404 () @ https://pokeapi.co/api/v2/pokemon-species/10267/:0
[  411052ms] [ERROR] Failed to load resource: the server responded with a status of 404 () @ https://pokeapi.co/api/v2/pokemon-species/10268/:0
[  411052ms] [ERROR] Failed to load resource: the server responded with a status of 404 () @ https://pokeapi.co/api/v2/pokemon-species/10269/:0
[  411053ms] [ERROR] Failed to load resource: the server responded with a status of 404 () @ https://pokeapi.co/api/v2/pokemon-species/10270/:0
[  411053ms] [ERROR] Failed to load resource: the server responded with a status of 404 () @ https://pokeapi.co/api/v2/pokemon-species/10271/:0
[  411053ms] [ERROR] Failed to load resource: the server responded with a status of 404 () @ https://pokeapi.co/api/v2/pokemon-species/10272/:0
[  411053ms] [ERROR] Failed to load resource: the server responded with a status of 404 () @ https://pokeapi.co/api/v2/pokemon-species/10273/:0
[  411053ms] [ERROR] Failed to load resource: the server responded with a status of 404 () @ https://pokeapi.co/api/v2/pokemon-species/10274/:0
[  411053ms] [ERROR] Failed to load resource: the server responded with a status of 404 () @ https://pokeapi.co/api/v2/pokemon-species/10275/:0
[  411078ms] [ERROR] Failed to load resource: the server responded with a status of 404 () @ https://pokeapi.co/api/v2/pokemon-species/10276/:0
[  411083ms] [ERROR] Failed to load resource: the server responded with a status of 404 () @ https://pokeapi.co/api/v2/pokemon-species/10277/:0
[  411086ms] [ERROR] Failed to load resource: the server responded with a status of 404 () @ https://pokeapi.co/api/v2/pokemon-species/10281/:0
[  411087ms] [ERROR] Failed to load resource: the server responded with a status of 404 () @ https://pokeapi.co/api/v2/pokemon-species/10282/:0
[  411088ms] [ERROR] Failed to load resource: the server responded with a status of 404 () @ https://pokeapi.co/api/v2/pokemon-species/10278/:0
[  411089ms] [ERROR] Failed to load resource: the server responded with a status of 404 () @ https://pokeapi.co/api/v2/pokemon-species/10279/:0
[  411089ms] [ERROR] Failed to load resource: the server responded with a status of 404 () @ https://pokeapi.co/api/v2/pokemon-species/10280/:0
[  411089ms] [ERROR] Failed to load resource: the server responded with a status of 404 () @ https://pokeapi.co/api/v2/pokemon-species/10283/:0
[  411089ms] [ERROR] Failed to load resource: the server responded with a status of 404 () @ https://pokeapi.co/api/v2/pokemon-species/10284/:0
[  411090ms] [ERROR] Failed to load resource: the server responded with a status of 404 () @ https://pokeapi.co/api/v2/pokemon-species/10285/:0
[  411093ms] [ERROR] Failed to load resource: the server responded with a status of 404 () @ https://pokeapi.co/api/v2/pokemon-species/10286/:0
[  411094ms] [ERROR] Failed to load resource: the server responded with a status of 404 () @ https://pokeapi.co/api/v2/pokemon-species/10287/:0
[  411097ms] [ERROR] Failed to load resource: the server responded with a status of 404 () @ https://pokeapi.co/api/v2/pokemon-species/10288/:0
[  411097ms] [ERROR] Failed to load resource: the server responded with a status of 404 () @ https://pokeapi.co/api/v2/pokemon-species/10289/:0
[  411097ms] [ERROR] Failed to load resource: the server responded with a status of 404 () @ https://pokeapi.co/api/v2/pokemon-species/10290/:0
[  411097ms] [ERROR] Failed to load resource: the server responded with a status of 404 () @ https://pokeapi.co/api/v2/pokemon-species/10291/:0
[  411097ms] [ERROR] Failed to load resource: the server responded with a status of 404 () @ https://pokeapi.co/api/v2/pokemon-species/10292/:0
[  411098ms] [ERROR] Failed to load resource: the server responded with a status of 404 () @ https://pokeapi.co/api/v2/pokemon-species/10293/:0
[  411098ms] [ERROR] Failed to load resource: the server responded with a status of 404 () @ https://pokeapi.co/api/v2/pokemon-species/10294/:0
[  411098ms] [ERROR] Failed to load resource: the server responded with a status of 404 () @ https://pokeapi.co/api/v2/pokemon-species/10295/:0
[  411127ms] [ERROR] Failed to load resource: the server responded with a status of 404 () @ https://pokeapi.co/api/v2/pokemon-species/10296/:0
[  411129ms] [ERROR] Failed to load resource: the server responded with a status of 404 () @ https://pokeapi.co/api/v2/pokemon-species/10297/:0
[  411132ms] [ERROR] Failed to load resource: the server responded with a status of 404 () @ https://pokeapi.co/api/v2/pokemon-species/10299/:0
[  411139ms] [ERROR] Failed to load resource: the server responded with a status of 404 () @ https://pokeapi.co/api/v2/pokemon-species/10298/:0
[  411139ms] [ERROR] Failed to load resource: the server responded with a status of 404 () @ https://pokeapi.co/api/v2/pokemon-species/10300/:0
[  411145ms] [ERROR] Failed to load resource: the server responded with a status of 404 () @ https://pokeapi.co/api/v2/pokemon-species/10301/:0
[  411145ms] [ERROR] Failed to load resource: the server responded with a status of 404 () @ https://pokeapi.co/api/v2/pokemon-species/10302/:0
[  411148ms] [ERROR] Failed to load resource: the server responded with a status of 404 () @ https://pokeapi.co/api/v2/pokemon-species/10303/:0
[  411148ms] [ERROR] Failed to load resource: the server responded with a status of 404 () @ https://pokeapi.co/api/v2/pokemon-species/10304/:0
[  411148ms] [ERROR] Failed to load resource: the server responded with a status of 404 () @ https://pokeapi.co/api/v2/pokemon-species/10305/:0
[  411149ms] [ERROR] Failed to load resource: the server responded with a status of 404 () @ https://pokeapi.co/api/v2/pokemon-species/10306/:0
[  411149ms] [ERROR] Failed to load resource: the server responded with a status of 404 () @ https://pokeapi.co/api/v2/pokemon-species/10307/:0
[  411149ms] [ERROR] Failed to load resource: the server responded with a status of 404 () @ https://pokeapi.co/api/v2/pokemon-species/10308/:0
[  411149ms] [ERROR] Failed to load resource: the server responded with a status of 404 () @ https://pokeapi.co/api/v2/pokemon-species/10309/:0
[  411157ms] [ERROR] Failed to load resource: the server responded with a status of 404 () @ https://pokeapi.co/api/v2/pokemon-species/10310/:0
[  411157ms] [ERROR] Failed to load resource: the server responded with a status of 404 () @ https://pokeapi.co/api/v2/pokemon-species/10311/:0
[  411157ms] [ERROR] Failed to load resource: the server responded with a status of 404 () @ https://pokeapi.co/api/v2/pokemon-species/10312/:0
[  411160ms] [ERROR] Failed to load resource: the server responded with a status of 404 () @ https://pokeapi.co/api/v2/pokemon-species/10313/:0
[  411160ms] [ERROR] Failed to load resource: the server responded with a status of 404 () @ https://pokeapi.co/api/v2/pokemon-species/10314/:0
[  411160ms] [ERROR] Failed to load resource: the server responded with a status of 404 () @ https://pokeapi.co/api/v2/pokemon-species/10315/:0
[  411179ms] [ERROR] Failed to load resource: the server responded with a status of 404 () @ https://pokeapi.co/api/v2/pokemon-species/10316/:0
[  411179ms] [ERROR] Failed to load resource: the server responded with a status of 404 () @ https://pokeapi.co/api/v2/pokemon-species/10317/:0
[  411188ms] [ERROR] Failed to load resource: the server responded with a status of 404 () @ https://pokeapi.co/api/v2/pokemon-species/10318/:0
[  411188ms] [ERROR] Failed to load resource: the server responded with a status of 404 () @ https://pokeapi.co/api/v2/pokemon-species/10321/:0
[  411188ms] [ERROR] Failed to load resource: the server responded with a status of 404 () @ https://pokeapi.co/api/v2/pokemon-species/10319/:0
[  411189ms] [ERROR] Failed to load resource: the server responded with a status of 404 () @ https://pokeapi.co/api/v2/pokemon-species/10320/:0
[  411189ms] [ERROR] Failed to load resource: the server responded with a status of 404 () @ https://pokeapi.co/api/v2/pokemon-species/10322/:0
[  411189ms] [ERROR] Failed to load resource: the server responded with a status of 404 () @ https://pokeapi.co/api/v2/pokemon-species/10323/:0
[  411189ms] [ERROR] Failed to load resource: the server responded with a status of 404 () @ https://pokeapi.co/api/v2/pokemon-species/10324/:0
[  411189ms] [ERROR] Failed to load resource: the server responded with a status of 404 () @ https://pokeapi.co/api/v2/pokemon-species/10325/:0
[  421315ms] [ERROR] Failed to load resource: the server responded with a status of 404 () @ https://pokeapi.co/api/v2/pokemon-species/10001/:0
[  421316ms] [ERROR] Failed to load resource: the server responded with a status of 404 () @ https://pokeapi.co/api/v2/pokemon-species/10002/:0
[  421316ms] [ERROR] Failed to load resource: the server responded with a status of 404 () @ https://pokeapi.co/api/v2/pokemon-species/10003/:0
[  421316ms] [ERROR] Failed to load resource: the server responded with a status of 404 () @ https://pokeapi.co/api/v2/pokemon-species/10004/:0
[  421317ms] [ERROR] Failed to load resource: the server responded with a status of 404 () @ https://pokeapi.co/api/v2/pokemon-species/10005/:0
[  421317ms] [ERROR] Failed to load resource: the server responded with a status of 404 () @ https://pokeapi.co/api/v2/pokemon-species/10006/:0
[  421317ms] [ERROR] Failed to load resource: the server responded with a status of 404 () @ https://pokeapi.co/api/v2/pokemon-species/10007/:0
[  421317ms] [ERROR] Failed to load resource: the server responded with a status of 404 () @ https://pokeapi.co/api/v2/pokemon-species/10008/:0
[  421317ms] [ERROR] Failed to load resource: the server responded with a status of 404 () @ https://pokeapi.co/api/v2/pokemon-species/10009/:0
[  421318ms] [ERROR] Failed to load resource: the server responded with a status of 404 () @ https://pokeapi.co/api/v2/pokemon-species/10010/:0
[  421318ms] [ERROR] Failed to load resource: the server responded with a status of 404 () @ https://pokeapi.co/api/v2/pokemon-species/10011/:0
[  421318ms] [ERROR] Failed to load resource: the server responded with a status of 404 () @ https://pokeapi.co/api/v2/pokemon-species/10012/:0
[  421318ms] [ERROR] Failed to load resource: the server responded with a status of 404 () @ https://pokeapi.co/api/v2/pokemon-species/10013/:0
[  421318ms] [ERROR] Failed to load resource: the server responded with a status of 404 () @ https://pokeapi.co/api/v2/pokemon-species/10014/:0
[  421319ms] [ERROR] Failed to load resource: the server responded with a status of 404 () @ https://pokeapi.co/api/v2/pokemon-species/10015/:0
[  421346ms] [ERROR] Failed to load resource: the server responded with a status of 404 () @ https://pokeapi.co/api/v2/pokemon-species/10016/:0
[  421359ms] [ERROR] Failed to load resource: the server responded with a status of 404 () @ https://pokeapi.co/api/v2/pokemon-species/10017/:0
[  421360ms] [ERROR] Failed to load resource: the server responded with a status of 404 () @ https://pokeapi.co/api/v2/pokemon-species/10018/:0
[  421361ms] [ERROR] Failed to load resource: the server responded with a status of 404 () @ https://pokeapi.co/api/v2/pokemon-species/10019/:0
[  421362ms] [ERROR] Failed to load resource: the server responded with a status of 404 () @ https://pokeapi.co/api/v2/pokemon-species/10020/:0
[  421363ms] [ERROR] Failed to load resource: the server responded with a status of 404 () @ https://pokeapi.co/api/v2/pokemon-species/10021/:0
[  421364ms] [ERROR] Failed to load resource: the server responded with a status of 404 () @ https://pokeapi.co/api/v2/pokemon-species/10022/:0
[  421364ms] [ERROR] Failed to load resource: the server responded with a status of 404 () @ https://pokeapi.co/api/v2/pokemon-species/10023/:0
[  421364ms] [ERROR] Failed to load resource: the server responded with a status of 404 () @ https://pokeapi.co/api/v2/pokemon-species/10024/:0
[  421364ms] [ERROR] Failed to load resource: the server responded with a status of 404 () @ https://pokeapi.co/api/v2/pokemon-species/10025/:0
[  421365ms] [ERROR] Failed to load resource: the server responded with a status of 404 () @ https://pokeapi.co/api/v2/pokemon-species/10026/:0
[  421365ms] [ERROR] Failed to load resource: the server responded with a status of 404 () @ https://pokeapi.co/api/v2/pokemon-species/10027/:0
[  421365ms] [ERROR] Failed to load resource: the server responded with a status of 404 () @ https://pokeapi.co/api/v2/pokemon-species/10028/:0
[  421365ms] [ERROR] Failed to load resource: the server responded with a status of 404 () @ https://pokeapi.co/api/v2/pokemon-species/10029/:0
[  421365ms] [ERROR] Failed to load resource: the server responded with a status of 404 () @ https://pokeapi.co/api/v2/pokemon-species/10030/:0
[  421366ms] [ERROR] Failed to load resource: the server responded with a status of 404 () @ https://pokeapi.co/api/v2/pokemon-species/10031/:0
[  421366ms] [ERROR] Failed to load resource: the server responded with a status of 404 () @ https://pokeapi.co/api/v2/pokemon-species/10032/:0
[  421366ms] [ERROR] Failed to load resource: the server responded with a status of 404 () @ https://pokeapi.co/api/v2/pokemon-species/10033/:0
[  421366ms] [ERROR] Failed to load resource: the server responded with a status of 404 () @ https://pokeapi.co/api/v2/pokemon-species/10034/:0
[  421366ms] [ERROR] Failed to load resource: the server responded with a status of 404 () @ https://pokeapi.co/api/v2/pokemon-species/10035/:0
[  421393ms] [ERROR] Failed to load resource: the server responded with a status of 404 () @ https://pokeapi.co/api/v2/pokemon-species/10036/:0
[  421405ms] [ERROR] Failed to load resource: the server responded with a status of 404 () @ https://pokeapi.co/api/v2/pokemon-species/10037/:0
[  421405ms] [ERROR] Failed to load resource: the server responded with a status of 404 () @ https://pokeapi.co/api/v2/pokemon-species/10038/:0
[  421407ms] [ERROR] Failed to load resource: the server responded with a status of 404 () @ https://pokeapi.co/api/v2/pokemon-species/10039/:0
[  421408ms] [ERROR] Failed to load resource: the server responded with a status of 404 () @ https://pokeapi.co/api/v2/pokemon-species/10040/:0
[  421409ms] [ERROR] Failed to load resource: the server responded with a status of 404 () @ https://pokeapi.co/api/v2/pokemon-species/10041/:0
[  421411ms] [ERROR] Failed to load resource: the server responded with a status of 404 () @ https://pokeapi.co/api/v2/pokemon-species/10042/:0
[  421411ms] [ERROR] Failed to load resource: the server responded with a status of 404 () @ https://pokeapi.co/api/v2/pokemon-species/10043/:0
[  421411ms] [ERROR] Failed to load resource: the server responded with a status of 404 () @ https://pokeapi.co/api/v2/pokemon-species/10044/:0
[  421411ms] [ERROR] Failed to load resource: the server responded with a status of 404 () @ https://pokeapi.co/api/v2/pokemon-species/10045/:0
[  421412ms] [ERROR] Failed to load resource: the server responded with a status of 404 () @ https://pokeapi.co/api/v2/pokemon-species/10046/:0
[  421412ms] [ERROR] Failed to load resource: the server responded with a status of 404 () @ https://pokeapi.co/api/v2/pokemon-species/10047/:0
[  421412ms] [ERROR] Failed to load resource: the server responded with a status of 404 () @ https://pokeapi.co/api/v2/pokemon-species/10048/:0
[  421412ms] [ERROR] Failed to load resource: the server responded with a status of 404 () @ https://pokeapi.co/api/v2/pokemon-species/10049/:0
[  421412ms] [ERROR] Failed to load resource: the server responded with a status of 404 () @ https://pokeapi.co/api/v2/pokemon-species/10050/:0
[  421413ms] [ERROR] Failed to load resource: the server responded with a status of 404 () @ https://pokeapi.co/api/v2/pokemon-species/10051/:0
[  421413ms] [ERROR] Failed to load resource: the server responded with a status of 404 () @ https://pokeapi.co/api/v2/pokemon-species/10052/:0
[  421413ms] [ERROR] Failed to load resource: the server responded with a status of 404 () @ https://pokeapi.co/api/v2/pokemon-species/10053/:0
[  421413ms] [ERROR] Failed to load resource: the server responded with a status of 404 () @ https://pokeapi.co/api/v2/pokemon-species/10054/:0
[  421414ms] [ERROR] Failed to load resource: the server responded with a status of 404 () @ https://pokeapi.co/api/v2/pokemon-species/10055/:0
[  421437ms] [ERROR] Failed to load resource: the server responded with a status of 404 () @ https://pokeapi.co/api/v2/pokemon-species/10056/:0
[  421449ms] [ERROR] Failed to load resource: the server responded with a status of 404 () @ https://pokeapi.co/api/v2/pokemon-species/10057/:0
[  421452ms] [ERROR] Failed to load resource: the server responded with a status of 404 () @ https://pokeapi.co/api/v2/pokemon-species/10061/:0
[  421453ms] [ERROR] Failed to load resource: the server responded with a status of 404 () @ https://pokeapi.co/api/v2/pokemon-species/10058/:0
[  421453ms] [ERROR] Failed to load resource: the server responded with a status of 404 () @ https://pokeapi.co/api/v2/pokemon-species/10059/:0
[  421453ms] [ERROR] Failed to load resource: the server responded with a status of 404 () @ https://pokeapi.co/api/v2/pokemon-species/10060/:0
[  421455ms] [ERROR] Failed to load resource: the server responded with a status of 404 () @ https://pokeapi.co/api/v2/pokemon-species/10062/:0
[  421455ms] [ERROR] Failed to load resource: the server responded with a status of 404 () @ https://pokeapi.co/api/v2/pokemon-species/10063/:0
[  421455ms] [ERROR] Failed to load resource: the server responded with a status of 404 () @ https://pokeapi.co/api/v2/pokemon-species/10064/:0
[  421456ms] [ERROR] Failed to load resource: the server responded with a status of 404 () @ https://pokeapi.co/api/v2/pokemon-species/10065/:0
[  421456ms] [ERROR] Failed to load resource: the server responded with a status of 404 () @ https://pokeapi.co/api/v2/pokemon-species/10066/:0
[  421456ms] [ERROR] Failed to load resource: the server responded with a status of 404 () @ https://pokeapi.co/api/v2/pokemon-species/10067/:0
[  421456ms] [ERROR] Failed to load resource: the server responded with a status of 404 () @ https://pokeapi.co/api/v2/pokemon-species/10068/:0
[  421457ms] [ERROR] Failed to load resource: the server responded with a status of 404 () @ https://pokeapi.co/api/v2/pokemon-species/10069/:0
[  421458ms] [ERROR] Failed to load resource: the server responded with a status of 404 () @ https://pokeapi.co/api/v2/pokemon-species/10070/:0
[  421458ms] [ERROR] Failed to load resource: the server responded with a status of 404 () @ https://pokeapi.co/api/v2/pokemon-species/10071/:0
[  421458ms] [ERROR] Failed to load resource: the server responded with a status of 404 () @ https://pokeapi.co/api/v2/pokemon-species/10072/:0
[  421458ms] [ERROR] Failed to load resource: the server responded with a status of 404 () @ https://pokeapi.co/api/v2/pokemon-species/10073/:0
[  421458ms] [ERROR] Failed to load resource: the server responded with a status of 404 () @ https://pokeapi.co/api/v2/pokemon-species/10074/:0
[  421458ms] [ERROR] Failed to load resource: the server responded with a status of 404 () @ https://pokeapi.co/api/v2/pokemon-species/10075/:0
[  421483ms] [ERROR] Failed to load resource: the server responded with a status of 404 () @ https://pokeapi.co/api/v2/pokemon-species/10076/:0
[  421486ms] [ERROR] Failed to load resource: the server responded with a status of 404 () @ https://pokeapi.co/api/v2/pokemon-species/10077/:0
[  421493ms] [ERROR] Failed to load resource: the server responded with a status of 404 () @ https://pokeapi.co/api/v2/pokemon-species/10079/:0
[  421495ms] [ERROR] Failed to load resource: the server responded with a status of 404 () @ https://pokeapi.co/api/v2/pokemon-species/10080/:0
[  421496ms] [ERROR] Failed to load resource: the server responded with a status of 404 () @ https://pokeapi.co/api/v2/pokemon-species/10078/:0
[  421499ms] [ERROR] Failed to load resource: the server responded with a status of 404 () @ https://pokeapi.co/api/v2/pokemon-species/10081/:0
[  421499ms] [ERROR] Failed to load resource: the server responded with a status of 404 () @ https://pokeapi.co/api/v2/pokemon-species/10082/:0
[  421499ms] [ERROR] Failed to load resource: the server responded with a status of 404 () @ https://pokeapi.co/api/v2/pokemon-species/10083/:0
[  421500ms] [ERROR] Failed to load resource: the server responded with a status of 404 () @ https://pokeapi.co/api/v2/pokemon-species/10084/:0
[  421500ms] [ERROR] Failed to load resource: the server responded with a status of 404 () @ https://pokeapi.co/api/v2/pokemon-species/10085/:0
[  421500ms] [ERROR] Failed to load resource: the server responded with a status of 404 () @ https://pokeapi.co/api/v2/pokemon-species/10086/:0
[  421500ms] [ERROR] Failed to load resource: the server responded with a status of 404 () @ https://pokeapi.co/api/v2/pokemon-species/10087/:0
[  421501ms] [ERROR] Failed to load resource: the server responded with a status of 404 () @ https://pokeapi.co/api/v2/pokemon-species/10088/:0
[  421501ms] [ERROR] Failed to load resource: the server responded with a status of 404 () @ https://pokeapi.co/api/v2/pokemon-species/10089/:0
[  421501ms] [ERROR] Failed to load resource: the server responded with a status of 404 () @ https://pokeapi.co/api/v2/pokemon-species/10090/:0
[  421501ms] [ERROR] Failed to load resource: the server responded with a status of 404 () @ https://pokeapi.co/api/v2/pokemon-species/10091/:0
[  421501ms] [ERROR] Failed to load resource: the server responded with a status of 404 () @ https://pokeapi.co/api/v2/pokemon-species/10092/:0
[  421502ms] [ERROR] Failed to load resource: the server responded with a status of 404 () @ https://pokeapi.co/api/v2/pokemon-species/10093/:0
[  421502ms] [ERROR] Failed to load resource: the server responded with a status of 404 () @ https://pokeapi.co/api/v2/pokemon-species/10094/:0
[  421502ms] [ERROR] Failed to load resource: the server responded with a status of 404 () @ https://pokeapi.co/api/v2/pokemon-species/10095/:0
[  421528ms] [ERROR] Failed to load resource: the server responded with a status of 404 () @ https://pokeapi.co/api/v2/pokemon-species/10096/:0
[  421539ms] [ERROR] Failed to load resource: the server responded with a status of 404 () @ https://pokeapi.co/api/v2/pokemon-species/10097/:0
[  421539ms] [ERROR] Failed to load resource: the server responded with a status of 404 () @ https://pokeapi.co/api/v2/pokemon-species/10099/:0
[  421540ms] [ERROR] Failed to load resource: the server responded with a status of 404 () @ https://pokeapi.co/api/v2/pokemon-species/10100/:0
[  421542ms] [ERROR] Failed to load resource: the server responded with a status of 404 () @ https://pokeapi.co/api/v2/pokemon-species/10101/:0
[  421543ms] [ERROR] Failed to load resource: the server responded with a status of 404 () @ https://pokeapi.co/api/v2/pokemon-species/10098/:0
[  421545ms] [ERROR] Failed to load resource: the server responded with a status of 404 () @ https://pokeapi.co/api/v2/pokemon-species/10102/:0
[  421545ms] [ERROR] Failed to load resource: the server responded with a status of 404 () @ https://pokeapi.co/api/v2/pokemon-species/10103/:0
[  421545ms] [ERROR] Failed to load resource: the server responded with a status of 404 () @ https://pokeapi.co/api/v2/pokemon-species/10104/:0
[  421545ms] [ERROR] Failed to load resource: the server responded with a status of 404 () @ https://pokeapi.co/api/v2/pokemon-species/10105/:0
[  421546ms] [ERROR] Failed to load resource: the server responded with a status of 404 () @ https://pokeapi.co/api/v2/pokemon-species/10106/:0
[  421546ms] [ERROR] Failed to load resource: the server responded with a status of 404 () @ https://pokeapi.co/api/v2/pokemon-species/10107/:0
[  421546ms] [ERROR] Failed to load resource: the server responded with a status of 404 () @ https://pokeapi.co/api/v2/pokemon-species/10108/:0
[  421546ms] [ERROR] Failed to load resource: the server responded with a status of 404 () @ https://pokeapi.co/api/v2/pokemon-species/10109/:0
[  421547ms] [ERROR] Failed to load resource: the server responded with a status of 404 () @ https://pokeapi.co/api/v2/pokemon-species/10110/:0
[  421547ms] [ERROR] Failed to load resource: the server responded with a status of 404 () @ https://pokeapi.co/api/v2/pokemon-species/10111/:0
[  421547ms] [ERROR] Failed to load resource: the server responded with a status of 404 () @ https://pokeapi.co/api/v2/pokemon-species/10112/:0
[  421547ms] [ERROR] Failed to load resource: the server responded with a status of 404 () @ https://pokeapi.co/api/v2/pokemon-species/10113/:0
[  421547ms] [ERROR] Failed to load resource: the server responded with a status of 404 () @ https://pokeapi.co/api/v2/pokemon-species/10114/:0
[  421547ms] [ERROR] Failed to load resource: the server responded with a status of 404 () @ https://pokeapi.co/api/v2/pokemon-species/10115/:0
[  421570ms] [ERROR] Failed to load resource: the server responded with a status of 404 () @ https://pokeapi.co/api/v2/pokemon-species/10116/:0
[  421576ms] [ERROR] Failed to load resource: the server responded with a status of 404 () @ https://pokeapi.co/api/v2/pokemon-species/10120/:0
[  421578ms] [ERROR] Failed to load resource: the server responded with a status of 404 () @ https://pokeapi.co/api/v2/pokemon-species/10121/:0
[  421578ms] [ERROR] Failed to load resource: the server responded with a status of 404 () @ https://pokeapi.co/api/v2/pokemon-species/10117/:0
[  421578ms] [ERROR] Failed to load resource: the server responded with a status of 404 () @ https://pokeapi.co/api/v2/pokemon-species/10122/:0
[  421579ms] [ERROR] Failed to load resource: the server responded with a status of 404 () @ https://pokeapi.co/api/v2/pokemon-species/10118/:0
[  421579ms] [ERROR] Failed to load resource: the server responded with a status of 404 () @ https://pokeapi.co/api/v2/pokemon-species/10119/:0
[  421582ms] [ERROR] Failed to load resource: the server responded with a status of 404 () @ https://pokeapi.co/api/v2/pokemon-species/10123/:0
[  421583ms] [ERROR] Failed to load resource: the server responded with a status of 404 () @ https://pokeapi.co/api/v2/pokemon-species/10124/:0
[  421583ms] [ERROR] Failed to load resource: the server responded with a status of 404 () @ https://pokeapi.co/api/v2/pokemon-species/10125/:0
[  421583ms] [ERROR] Failed to load resource: the server responded with a status of 404 () @ https://pokeapi.co/api/v2/pokemon-species/10126/:0
[  421583ms] [ERROR] Failed to load resource: the server responded with a status of 404 () @ https://pokeapi.co/api/v2/pokemon-species/10127/:0
[  421584ms] [ERROR] Failed to load resource: the server responded with a status of 404 () @ https://pokeapi.co/api/v2/pokemon-species/10128/:0
[  421584ms] [ERROR] Failed to load resource: the server responded with a status of 404 () @ https://pokeapi.co/api/v2/pokemon-species/10129/:0
[  421584ms] [ERROR] Failed to load resource: the server responded with a status of 404 () @ https://pokeapi.co/api/v2/pokemon-species/10130/:0
[  421584ms] [ERROR] Failed to load resource: the server responded with a status of 404 () @ https://pokeapi.co/api/v2/pokemon-species/10131/:0
[  421585ms] [ERROR] Failed to load resource: the server responded with a status of 404 () @ https://pokeapi.co/api/v2/pokemon-species/10132/:0
[  421585ms] [ERROR] Failed to load resource: the server responded with a status of 404 () @ https://pokeapi.co/api/v2/pokemon-species/10133/:0
[  421585ms] [ERROR] Failed to load resource: the server responded with a status of 404 () @ https://pokeapi.co/api/v2/pokemon-species/10134/:0
[  421585ms] [ERROR] Failed to load resource: the server responded with a status of 404 () @ https://pokeapi.co/api/v2/pokemon-species/10135/:0
[  421606ms] [ERROR] Failed to load resource: the server responded with a status of 404 () @ https://pokeapi.co/api/v2/pokemon-species/10136/:0
[  421613ms] [ERROR] Failed to load resource: the server responded with a status of 404 () @ https://pokeapi.co/api/v2/pokemon-species/10137/:0
[  421614ms] [ERROR] Failed to load resource: the server responded with a status of 404 () @ https://pokeapi.co/api/v2/pokemon-species/10139/:0
[  421615ms] [ERROR] Failed to load resource: the server responded with a status of 404 () @ https://pokeapi.co/api/v2/pokemon-species/10140/:0
[  421616ms] [ERROR] Failed to load resource: the server responded with a status of 404 () @ https://pokeapi.co/api/v2/pokemon-species/10141/:0
[  421617ms] [ERROR] Failed to load resource: the server responded with a status of 404 () @ https://pokeapi.co/api/v2/pokemon-species/10138/:0
[  421619ms] [ERROR] Failed to load resource: the server responded with a status of 404 () @ https://pokeapi.co/api/v2/pokemon-species/10142/:0
[  421620ms] [ERROR] Failed to load resource: the server responded with a status of 404 () @ https://pokeapi.co/api/v2/pokemon-species/10143/:0
[  421620ms] [ERROR] Failed to load resource: the server responded with a status of 404 () @ https://pokeapi.co/api/v2/pokemon-species/10144/:0
[  421620ms] [ERROR] Failed to load resource: the server responded with a status of 404 () @ https://pokeapi.co/api/v2/pokemon-species/10145/:0
[  421620ms] [ERROR] Failed to load resource: the server responded with a status of 404 () @ https://pokeapi.co/api/v2/pokemon-species/10146/:0
[  421620ms] [ERROR] Failed to load resource: the server responded with a status of 404 () @ https://pokeapi.co/api/v2/pokemon-species/10147/:0
[  421621ms] [ERROR] Failed to load resource: the server responded with a status of 404 () @ https://pokeapi.co/api/v2/pokemon-species/10148/:0
[  421621ms] [ERROR] Failed to load resource: the server responded with a status of 404 () @ https://pokeapi.co/api/v2/pokemon-species/10149/:0
[  421621ms] [ERROR] Failed to load resource: the server responded with a status of 404 () @ https://pokeapi.co/api/v2/pokemon-species/10150/:0
[  421621ms] [ERROR] Failed to load resource: the server responded with a status of 404 () @ https://pokeapi.co/api/v2/pokemon-species/10151/:0
[  421622ms] [ERROR] Failed to load resource: the server responded with a status of 404 () @ https://pokeapi.co/api/v2/pokemon-species/10152/:0
[  421622ms] [ERROR] Failed to load resource: the server responded with a status of 404 () @ https://pokeapi.co/api/v2/pokemon-species/10153/:0
[  421622ms] [ERROR] Failed to load resource: the server responded with a status of 404 () @ https://pokeapi.co/api/v2/pokemon-species/10154/:0
[  421622ms] [ERROR] Failed to load resource: the server responded with a status of 404 () @ https://pokeapi.co/api/v2/pokemon-species/10155/:0
[  421647ms] [ERROR] Failed to load resource: the server responded with a status of 404 () @ https://pokeapi.co/api/v2/pokemon-species/10156/:0
[  421654ms] [ERROR] Failed to load resource: the server responded with a status of 404 () @ https://pokeapi.co/api/v2/pokemon-species/10159/:0
[  421654ms] [ERROR] Failed to load resource: the server responded with a status of 404 () @ https://pokeapi.co/api/v2/pokemon-species/10157/:0
[  421654ms] [ERROR] Failed to load resource: the server responded with a status of 404 () @ https://pokeapi.co/api/v2/pokemon-species/10160/:0
[  421655ms] [ERROR] Failed to load resource: the server responded with a status of 404 () @ https://pokeapi.co/api/v2/pokemon-species/10158/:0
[  421656ms] [ERROR] Failed to load resource: the server responded with a status of 404 () @ https://pokeapi.co/api/v2/pokemon-species/10161/:0
[  421656ms] [ERROR] Failed to load resource: the server responded with a status of 404 () @ https://pokeapi.co/api/v2/pokemon-species/10162/:0
[  421658ms] [ERROR] Failed to load resource: the server responded with a status of 404 () @ https://pokeapi.co/api/v2/pokemon-species/10163/:0
[  421659ms] [ERROR] Failed to load resource: the server responded with a status of 404 () @ https://pokeapi.co/api/v2/pokemon-species/10164/:0
[  421660ms] [ERROR] Failed to load resource: the server responded with a status of 404 () @ https://pokeapi.co/api/v2/pokemon-species/10165/:0
[  421660ms] [ERROR] Failed to load resource: the server responded with a status of 404 () @ https://pokeapi.co/api/v2/pokemon-species/10166/:0
[  421660ms] [ERROR] Failed to load resource: the server responded with a status of 404 () @ https://pokeapi.co/api/v2/pokemon-species/10167/:0
[  421660ms] [ERROR] Failed to load resource: the server responded with a status of 404 () @ https://pokeapi.co/api/v2/pokemon-species/10168/:0
[  421660ms] [ERROR] Failed to load resource: the server responded with a status of 404 () @ https://pokeapi.co/api/v2/pokemon-species/10169/:0
[  421661ms] [ERROR] Failed to load resource: the server responded with a status of 404 () @ https://pokeapi.co/api/v2/pokemon-species/10170/:0
[  421661ms] [ERROR] Failed to load resource: the server responded with a status of 404 () @ https://pokeapi.co/api/v2/pokemon-species/10171/:0
[  421661ms] [ERROR] Failed to load resource: the server responded with a status of 404 () @ https://pokeapi.co/api/v2/pokemon-species/10172/:0
[  421661ms] [ERROR] Failed to load resource: the server responded with a status of 404 () @ https://pokeapi.co/api/v2/pokemon-species/10173/:0
[  421662ms] [ERROR] Failed to load resource: the server responded with a status of 404 () @ https://pokeapi.co/api/v2/pokemon-species/10174/:0
[  421662ms] [ERROR] Failed to load resource: the server responded with a status of 404 () @ https://pokeapi.co/api/v2/pokemon-species/10175/:0
[  421686ms] [ERROR] Failed to load resource: the server responded with a status of 404 () @ https://pokeapi.co/api/v2/pokemon-species/10176/:0
[  421694ms] [ERROR] Failed to load resource: the server responded with a status of 404 () @ https://pokeapi.co/api/v2/pokemon-species/10177/:0
[  421695ms] [ERROR] Failed to load resource: the server responded with a status of 404 () @ https://pokeapi.co/api/v2/pokemon-species/10181/:0
[  421696ms] [ERROR] Failed to load resource: the server responded with a status of 404 () @ https://pokeapi.co/api/v2/pokemon-species/10182/:0
[  421697ms] [ERROR] Failed to load resource: the server responded with a status of 404 () @ https://pokeapi.co/api/v2/pokemon-species/10178/:0
[  421698ms] [ERROR] Failed to load resource: the server responded with a status of 404 () @ https://pokeapi.co/api/v2/pokemon-species/10179/:0
[  421698ms] [ERROR] Failed to load resource: the server responded with a status of 404 () @ https://pokeapi.co/api/v2/pokemon-species/10180/:0
[  421698ms] [ERROR] Failed to load resource: the server responded with a status of 404 () @ https://pokeapi.co/api/v2/pokemon-species/10183/:0
[  421700ms] [ERROR] Failed to load resource: the server responded with a status of 404 () @ https://pokeapi.co/api/v2/pokemon-species/10184/:0
[  421700ms] [ERROR] Failed to load resource: the server responded with a status of 404 () @ https://pokeapi.co/api/v2/pokemon-species/10185/:0
[  421700ms] [ERROR] Failed to load resource: the server responded with a status of 404 () @ https://pokeapi.co/api/v2/pokemon-species/10186/:0
[  421701ms] [ERROR] Failed to load resource: the server responded with a status of 404 () @ https://pokeapi.co/api/v2/pokemon-species/10187/:0
[  421701ms] [ERROR] Failed to load resource: the server responded with a status of 404 () @ https://pokeapi.co/api/v2/pokemon-species/10188/:0
[  421701ms] [ERROR] Failed to load resource: the server responded with a status of 404 () @ https://pokeapi.co/api/v2/pokemon-species/10189/:0
[  421701ms] [ERROR] Failed to load resource: the server responded with a status of 404 () @ https://pokeapi.co/api/v2/pokemon-species/10190/:0
[  421702ms] [ERROR] Failed to load resource: the server responded with a status of 404 () @ https://pokeapi.co/api/v2/pokemon-species/10191/:0
[  421702ms] [ERROR] Failed to load resource: the server responded with a status of 404 () @ https://pokeapi.co/api/v2/pokemon-species/10192/:0
[  421702ms] [ERROR] Failed to load resource: the server responded with a status of 404 () @ https://pokeapi.co/api/v2/pokemon-species/10193/:0
[  421702ms] [ERROR] Failed to load resource: the server responded with a status of 404 () @ https://pokeapi.co/api/v2/pokemon-species/10194/:0
[  421702ms] [ERROR] Failed to load resource: the server responded with a status of 404 () @ https://pokeapi.co/api/v2/pokemon-species/10195/:0
[  421724ms] [ERROR] Failed to load resource: the server responded with a status of 404 () @ https://pokeapi.co/api/v2/pokemon-species/10196/:0
[  421730ms] [ERROR] Failed to load resource: the server responded with a status of 404 () @ https://pokeapi.co/api/v2/pokemon-species/10197/:0
[  421731ms] [ERROR] Failed to load resource: the server responded with a status of 404 () @ https://pokeapi.co/api/v2/pokemon-species/10199/:0
[  421732ms] [ERROR] Failed to load resource: the server responded with a status of 404 () @ https://pokeapi.co/api/v2/pokemon-species/10200/:0
[  421733ms] [ERROR] Failed to load resource: the server responded with a status of 404 () @ https://pokeapi.co/api/v2/pokemon-species/10201/:0
[  421734ms] [ERROR] Failed to load resource: the server responded with a status of 404 () @ https://pokeapi.co/api/v2/pokemon-species/10202/:0
[  421736ms] [ERROR] Failed to load resource: the server responded with a status of 404 () @ https://pokeapi.co/api/v2/pokemon-species/10198/:0
[  421737ms] [ERROR] Failed to load resource: the server responded with a status of 404 () @ https://pokeapi.co/api/v2/pokemon-species/10203/:0
[  421737ms] [ERROR] Failed to load resource: the server responded with a status of 404 () @ https://pokeapi.co/api/v2/pokemon-species/10204/:0
[  421737ms] [ERROR] Failed to load resource: the server responded with a status of 404 () @ https://pokeapi.co/api/v2/pokemon-species/10205/:0
[  421737ms] [ERROR] Failed to load resource: the server responded with a status of 404 () @ https://pokeapi.co/api/v2/pokemon-species/10206/:0
[  421738ms] [ERROR] Failed to load resource: the server responded with a status of 404 () @ https://pokeapi.co/api/v2/pokemon-species/10207/:0
[  421738ms] [ERROR] Failed to load resource: the server responded with a status of 404 () @ https://pokeapi.co/api/v2/pokemon-species/10208/:0
[  421738ms] [ERROR] Failed to load resource: the server responded with a status of 404 () @ https://pokeapi.co/api/v2/pokemon-species/10209/:0
[  421738ms] [ERROR] Failed to load resource: the server responded with a status of 404 () @ https://pokeapi.co/api/v2/pokemon-species/10210/:0
[  421739ms] [ERROR] Failed to load resource: the server responded with a status of 404 () @ https://pokeapi.co/api/v2/pokemon-species/10211/:0
[  421739ms] [ERROR] Failed to load resource: the server responded with a status of 404 () @ https://pokeapi.co/api/v2/pokemon-species/10212/:0
[  421739ms] [ERROR] Failed to load resource: the server responded with a status of 404 () @ https://pokeapi.co/api/v2/pokemon-species/10213/:0
[  421739ms] [ERROR] Failed to load resource: the server responded with a status of 404 () @ https://pokeapi.co/api/v2/pokemon-species/10214/:0
[  421739ms] [ERROR] Failed to load resource: the server responded with a status of 404 () @ https://pokeapi.co/api/v2/pokemon-species/10215/:0
[  421764ms] [ERROR] Failed to load resource: the server responded with a status of 404 () @ https://pokeapi.co/api/v2/pokemon-species/10216/:0
[  421766ms] [ERROR] Failed to load resource: the server responded with a status of 404 () @ https://pokeapi.co/api/v2/pokemon-species/10217/:0
[  421769ms] [ERROR] Failed to load resource: the server responded with a status of 404 () @ https://pokeapi.co/api/v2/pokemon-species/10218/:0
[  421771ms] [ERROR] Failed to load resource: the server responded with a status of 404 () @ https://pokeapi.co/api/v2/pokemon-species/10219/:0
[  421772ms] [ERROR] Failed to load resource: the server responded with a status of 404 () @ https://pokeapi.co/api/v2/pokemon-species/10220/:0
[  421773ms] [ERROR] Failed to load resource: the server responded with a status of 404 () @ https://pokeapi.co/api/v2/pokemon-species/10221/:0
[  421775ms] [ERROR] Failed to load resource: the server responded with a status of 404 () @ https://pokeapi.co/api/v2/pokemon-species/10222/:0
[  421775ms] [ERROR] Failed to load resource: the server responded with a status of 404 () @ https://pokeapi.co/api/v2/pokemon-species/10223/:0
[  421775ms] [ERROR] Failed to load resource: the server responded with a status of 404 () @ https://pokeapi.co/api/v2/pokemon-species/10224/:0
[  421775ms] [ERROR] Failed to load resource: the server responded with a status of 404 () @ https://pokeapi.co/api/v2/pokemon-species/10225/:0
[  421775ms] [ERROR] Failed to load resource: the server responded with a status of 404 () @ https://pokeapi.co/api/v2/pokemon-species/10226/:0
[  421776ms] [ERROR] Failed to load resource: the server responded with a status of 404 () @ https://pokeapi.co/api/v2/pokemon-species/10227/:0
[  421776ms] [ERROR] Failed to load resource: the server responded with a status of 404 () @ https://pokeapi.co/api/v2/pokemon-species/10228/:0
[  421776ms] [ERROR] Failed to load resource: the server responded with a status of 404 () @ https://pokeapi.co/api/v2/pokemon-species/10229/:0
[  421776ms] [ERROR] Failed to load resource: the server responded with a status of 404 () @ https://pokeapi.co/api/v2/pokemon-species/10230/:0
[  421776ms] [ERROR] Failed to load resource: the server responded with a status of 404 () @ https://pokeapi.co/api/v2/pokemon-species/10231/:0
[  421777ms] [ERROR] Failed to load resource: the server responded with a status of 404 () @ https://pokeapi.co/api/v2/pokemon-species/10232/:0
[  421777ms] [ERROR] Failed to load resource: the server responded with a status of 404 () @ https://pokeapi.co/api/v2/pokemon-species/10233/:0
[  421777ms] [ERROR] Failed to load resource: the server responded with a status of 404 () @ https://pokeapi.co/api/v2/pokemon-species/10234/:0
[  421777ms] [ERROR] Failed to load resource: the server responded with a status of 404 () @ https://pokeapi.co/api/v2/pokemon-species/10235/:0
[  421800ms] [ERROR] Failed to load resource: the server responded with a status of 404 () @ https://pokeapi.co/api/v2/pokemon-species/10236/:0
[  421804ms] [ERROR] Failed to load resource: the server responded with a status of 404 () @ https://pokeapi.co/api/v2/pokemon-species/10237/:0
[  421806ms] [ERROR] Failed to load resource: the server responded with a status of 404 () @ https://pokeapi.co/api/v2/pokemon-species/10239/:0
[  421807ms] [ERROR] Failed to load resource: the server responded with a status of 404 () @ https://pokeapi.co/api/v2/pokemon-species/10240/:0
[  421809ms] [ERROR] Failed to load resource: the server responded with a status of 404 () @ https://pokeapi.co/api/v2/pokemon-species/10238/:0
[  421810ms] [ERROR] Failed to load resource: the server responded with a status of 404 () @ https://pokeapi.co/api/v2/pokemon-species/10241/:0
[  421811ms] [ERROR] Failed to load resource: the server responded with a status of 404 () @ https://pokeapi.co/api/v2/pokemon-species/10242/:0
[  421811ms] [ERROR] Failed to load resource: the server responded with a status of 404 () @ https://pokeapi.co/api/v2/pokemon-species/10243/:0
[  421811ms] [ERROR] Failed to load resource: the server responded with a status of 404 () @ https://pokeapi.co/api/v2/pokemon-species/10244/:0
[  421812ms] [ERROR] Failed to load resource: the server responded with a status of 404 () @ https://pokeapi.co/api/v2/pokemon-species/10245/:0
[  421812ms] [ERROR] Failed to load resource: the server responded with a status of 404 () @ https://pokeapi.co/api/v2/pokemon-species/10246/:0
[  421812ms] [ERROR] Failed to load resource: the server responded with a status of 404 () @ https://pokeapi.co/api/v2/pokemon-species/10247/:0
[  421812ms] [ERROR] Failed to load resource: the server responded with a status of 404 () @ https://pokeapi.co/api/v2/pokemon-species/10248/:0
[  421813ms] [ERROR] Failed to load resource: the server responded with a status of 404 () @ https://pokeapi.co/api/v2/pokemon-species/10249/:0
[  421813ms] [ERROR] Failed to load resource: the server responded with a status of 404 () @ https://pokeapi.co/api/v2/pokemon-species/10250/:0
[  421813ms] [ERROR] Failed to load resource: the server responded with a status of 404 () @ https://pokeapi.co/api/v2/pokemon-species/10251/:0
[  421813ms] [ERROR] Failed to load resource: the server responded with a status of 404 () @ https://pokeapi.co/api/v2/pokemon-species/10252/:0
[  421813ms] [ERROR] Failed to load resource: the server responded with a status of 404 () @ https://pokeapi.co/api/v2/pokemon-species/10253/:0
[  421813ms] [ERROR] Failed to load resource: the server responded with a status of 404 () @ https://pokeapi.co/api/v2/pokemon-species/10254/:0
[  421813ms] [ERROR] Failed to load resource: the server responded with a status of 404 () @ https://pokeapi.co/api/v2/pokemon-species/10255/:0
[  421836ms] [ERROR] Failed to load resource: the server responded with a status of 404 () @ https://pokeapi.co/api/v2/pokemon-species/10256/:0
[  421841ms] [ERROR] Failed to load resource: the server responded with a status of 404 () @ https://pokeapi.co/api/v2/pokemon-species/10257/:0
[  421843ms] [ERROR] Failed to load resource: the server responded with a status of 404 () @ https://pokeapi.co/api/v2/pokemon-species/10260/:0
[  421843ms] [ERROR] Failed to load resource: the server responded with a status of 404 () @ https://pokeapi.co/api/v2/pokemon-species/10261/:0
[  421844ms] [ERROR] Failed to load resource: the server responded with a status of 404 () @ https://pokeapi.co/api/v2/pokemon-species/10262/:0
[  421844ms] [ERROR] Failed to load resource: the server responded with a status of 404 () @ https://pokeapi.co/api/v2/pokemon-species/10258/:0
[  421845ms] [ERROR] Failed to load resource: the server responded with a status of 404 () @ https://pokeapi.co/api/v2/pokemon-species/10259/:0
[  421847ms] [ERROR] Failed to load resource: the server responded with a status of 404 () @ https://pokeapi.co/api/v2/pokemon-species/10263/:0
[  421847ms] [ERROR] Failed to load resource: the server responded with a status of 404 () @ https://pokeapi.co/api/v2/pokemon-species/10264/:0
[  421847ms] [ERROR] Failed to load resource: the server responded with a status of 404 () @ https://pokeapi.co/api/v2/pokemon-species/10265/:0
[  421847ms] [ERROR] Failed to load resource: the server responded with a status of 404 () @ https://pokeapi.co/api/v2/pokemon-species/10266/:0
[  421847ms] [ERROR] Failed to load resource: the server responded with a status of 404 () @ https://pokeapi.co/api/v2/pokemon-species/10267/:0
[  421849ms] [ERROR] Failed to load resource: the server responded with a status of 404 () @ https://pokeapi.co/api/v2/pokemon-species/10268/:0
[  421849ms] [ERROR] Failed to load resource: the server responded with a status of 404 () @ https://pokeapi.co/api/v2/pokemon-species/10269/:0
[  421849ms] [ERROR] Failed to load resource: the server responded with a status of 404 () @ https://pokeapi.co/api/v2/pokemon-species/10270/:0
[  421849ms] [ERROR] Failed to load resource: the server responded with a status of 404 () @ https://pokeapi.co/api/v2/pokemon-species/10271/:0
[  421849ms] [ERROR] Failed to load resource: the server responded with a status of 404 () @ https://pokeapi.co/api/v2/pokemon-species/10272/:0
[  421849ms] [ERROR] Failed to load resource: the server responded with a status of 404 () @ https://pokeapi.co/api/v2/pokemon-species/10273/:0
[  421850ms] [ERROR] Failed to load resource: the server responded with a status of 404 () @ https://pokeapi.co/api/v2/pokemon-species/10274/:0
[  421850ms] [ERROR] Failed to load resource: the server responded with a status of 404 () @ https://pokeapi.co/api/v2/pokemon-species/10275/:0
[  421871ms] [ERROR] Failed to load resource: the server responded with a status of 404 () @ https://pokeapi.co/api/v2/pokemon-species/10276/:0
[  421877ms] [ERROR] Failed to load resource: the server responded with a status of 404 () @ https://pokeapi.co/api/v2/pokemon-species/10282/:0
[  421878ms] [ERROR] Failed to load resource: the server responded with a status of 404 () @ https://pokeapi.co/api/v2/pokemon-species/10277/:0
[  421878ms] [ERROR] Failed to load resource: the server responded with a status of 404 () @ https://pokeapi.co/api/v2/pokemon-species/10278/:0
[  421879ms] [ERROR] Failed to load resource: the server responded with a status of 404 () @ https://pokeapi.co/api/v2/pokemon-species/10283/:0
[  421879ms] [ERROR] Failed to load resource: the server responded with a status of 404 () @ https://pokeapi.co/api/v2/pokemon-species/10279/:0
[  421879ms] [ERROR] Failed to load resource: the server responded with a status of 404 () @ https://pokeapi.co/api/v2/pokemon-species/10280/:0
[  421880ms] [ERROR] Failed to load resource: the server responded with a status of 404 () @ https://pokeapi.co/api/v2/pokemon-species/10281/:0
[  421881ms] [ERROR] Failed to load resource: the server responded with a status of 404 () @ https://pokeapi.co/api/v2/pokemon-species/10284/:0
[  421881ms] [ERROR] Failed to load resource: the server responded with a status of 404 () @ https://pokeapi.co/api/v2/pokemon-species/10285/:0
[  421881ms] [ERROR] Failed to load resource: the server responded with a status of 404 () @ https://pokeapi.co/api/v2/pokemon-species/10286/:0
[  421881ms] [ERROR] Failed to load resource: the server responded with a status of 404 () @ https://pokeapi.co/api/v2/pokemon-species/10287/:0
[  421882ms] [ERROR] Failed to load resource: the server responded with a status of 404 () @ https://pokeapi.co/api/v2/pokemon-species/10288/:0
[  421882ms] [ERROR] Failed to load resource: the server responded with a status of 404 () @ https://pokeapi.co/api/v2/pokemon-species/10289/:0
[  421882ms] [ERROR] Failed to load resource: the server responded with a status of 404 () @ https://pokeapi.co/api/v2/pokemon-species/10290/:0
[  421882ms] [ERROR] Failed to load resource: the server responded with a status of 404 () @ https://pokeapi.co/api/v2/pokemon-species/10291/:0
[  421883ms] [ERROR] Failed to load resource: the server responded with a status of 404 () @ https://pokeapi.co/api/v2/pokemon-species/10292/:0
[  421883ms] [ERROR] Failed to load resource: the server responded with a status of 404 () @ https://pokeapi.co/api/v2/pokemon-species/10293/:0
[  421883ms] [ERROR] Failed to load resource: the server responded with a status of 404 () @ https://pokeapi.co/api/v2/pokemon-species/10294/:0
[  421883ms] [ERROR] Failed to load resource: the server responded with a status of 404 () @ https://pokeapi.co/api/v2/pokemon-species/10295/:0
[  421903ms] [ERROR] Failed to load resource: the server responded with a status of 404 () @ https://pokeapi.co/api/v2/pokemon-species/10296/:0
[  421904ms] [ERROR] Failed to load resource: the server responded with a status of 404 () @ https://pokeapi.co/api/v2/pokemon-species/10297/:0
[  421906ms] [ERROR] Failed to load resource: the server responded with a status of 404 () @ https://pokeapi.co/api/v2/pokemon-species/10300/:0
[  421909ms] [ERROR] Failed to load resource: the server responded with a status of 404 () @ https://pokeapi.co/api/v2/pokemon-species/10301/:0
[  421910ms] [ERROR] Failed to load resource: the server responded with a status of 404 () @ https://pokeapi.co/api/v2/pokemon-species/10298/:0
[  421911ms] [ERROR] Failed to load resource: the server responded with a status of 404 () @ https://pokeapi.co/api/v2/pokemon-species/10299/:0
[  421912ms] [ERROR] Failed to load resource: the server responded with a status of 404 () @ https://pokeapi.co/api/v2/pokemon-species/10302/:0
[  421913ms] [ERROR] Failed to load resource: the server responded with a status of 404 () @ https://pokeapi.co/api/v2/pokemon-species/10303/:0
[  421913ms] [ERROR] Failed to load resource: the server responded with a status of 404 () @ https://pokeapi.co/api/v2/pokemon-species/10304/:0
[  421913ms] [ERROR] Failed to load resource: the server responded with a status of 404 () @ https://pokeapi.co/api/v2/pokemon-species/10305/:0
[  421914ms] [ERROR] Failed to load resource: the server responded with a status of 404 () @ https://pokeapi.co/api/v2/pokemon-species/10306/:0
[  421914ms] [ERROR] Failed to load resource: the server responded with a status of 404 () @ https://pokeapi.co/api/v2/pokemon-species/10307/:0
[  421914ms] [ERROR] Failed to load resource: the server responded with a status of 404 () @ https://pokeapi.co/api/v2/pokemon-species/10308/:0
[  421914ms] [ERROR] Failed to load resource: the server responded with a status of 404 () @ https://pokeapi.co/api/v2/pokemon-species/10309/:0
[  421914ms] [ERROR] Failed to load resource: the server responded with a status of 404 () @ https://pokeapi.co/api/v2/pokemon-species/10310/:0
[  421915ms] [ERROR] Failed to load resource: the server responded with a status of 404 () @ https://pokeapi.co/api/v2/pokemon-species/10311/:0
[  421915ms] [ERROR] Failed to load resource: the server responded with a status of 404 () @ https://pokeapi.co/api/v2/pokemon-species/10312/:0
[  421915ms] [ERROR] Failed to load resource: the server responded with a status of 404 () @ https://pokeapi.co/api/v2/pokemon-species/10313/:0
[  421915ms] [ERROR] Failed to load resource: the server responded with a status of 404 () @ https://pokeapi.co/api/v2/pokemon-species/10314/:0
[  421915ms] [ERROR] Failed to load resource: the server responded with a status of 404 () @ https://pokeapi.co/api/v2/pokemon-species/10315/:0
[  421931ms] [ERROR] Failed to load resource: the server responded with a status of 404 () @ https://pokeapi.co/api/v2/pokemon-species/10316/:0
[  421936ms] [ERROR] Failed to load resource: the server responded with a status of 404 () @ https://pokeapi.co/api/v2/pokemon-species/10319/:0
[  421936ms] [ERROR] Failed to load resource: the server responded with a status of 404 () @ https://pokeapi.co/api/v2/pokemon-species/10317/:0
[  421937ms] [ERROR] Failed to load resource: the server responded with a status of 404 () @ https://pokeapi.co/api/v2/pokemon-species/10318/:0
[  421937ms] [ERROR] Failed to load resource: the server responded with a status of 404 () @ https://pokeapi.co/api/v2/pokemon-species/10320/:0
[  421938ms] [ERROR] Failed to load resource: the server responded with a status of 404 () @ https://pokeapi.co/api/v2/pokemon-species/10321/:0
[  421938ms] [ERROR] Failed to load resource: the server responded with a status of 404 () @ https://pokeapi.co/api/v2/pokemon-species/10322/:0
[  421939ms] [ERROR] Failed to load resource: the server responded with a status of 404 () @ https://pokeapi.co/api/v2/pokemon-species/10323/:0
[  421939ms] [ERROR] Failed to load resource: the server responded with a status of 404 () @ https://pokeapi.co/api/v2/pokemon-species/10324/:0
[  421939ms] [ERROR] Failed to load resource: the server responded with a status of 404 () @ https://pokeapi.co/api/v2/pokemon-species/10325/:0
[  430861ms] [ERROR] Failed to load resource: the server responded with a status of 404 () @ https://pokeapi.co/api/v2/pokemon-species/10001/:0
[  430861ms] [ERROR] Failed to load resource: the server responded with a status of 404 () @ https://pokeapi.co/api/v2/pokemon-species/10002/:0
[  430862ms] [ERROR] Failed to load resource: the server responded with a status of 404 () @ https://pokeapi.co/api/v2/pokemon-species/10003/:0
[  430865ms] [ERROR] Failed to load resource: the server responded with a status of 404 () @ https://pokeapi.co/api/v2/pokemon-species/10004/:0
[  430867ms] [ERROR] Failed to load resource: the server responded with a status of 404 () @ https://pokeapi.co/api/v2/pokemon-species/10005/:0
[  430867ms] [ERROR] Failed to load resource: the server responded with a status of 404 () @ https://pokeapi.co/api/v2/pokemon-species/10006/:0
[  430867ms] [ERROR] Failed to load resource: the server responded with a status of 404 () @ https://pokeapi.co/api/v2/pokemon-species/10007/:0
[  430869ms] [ERROR] Failed to load resource: the server responded with a status of 404 () @ https://pokeapi.co/api/v2/pokemon-species/10008/:0
[  430870ms] [ERROR] Failed to load resource: the server responded with a status of 404 () @ https://pokeapi.co/api/v2/pokemon-species/10009/:0
[  430873ms] [ERROR] Failed to load resource: the server responded with a status of 404 () @ https://pokeapi.co/api/v2/pokemon-species/10010/:0
[  430873ms] [ERROR] Failed to load resource: the server responded with a status of 404 () @ https://pokeapi.co/api/v2/pokemon-species/10011/:0
[  430873ms] [ERROR] Failed to load resource: the server responded with a status of 404 () @ https://pokeapi.co/api/v2/pokemon-species/10012/:0
[  430873ms] [ERROR] Failed to load resource: the server responded with a status of 404 () @ https://pokeapi.co/api/v2/pokemon-species/10013/:0
[  430873ms] [ERROR] Failed to load resource: the server responded with a status of 404 () @ https://pokeapi.co/api/v2/pokemon-species/10014/:0
[  430874ms] [ERROR] Failed to load resource: the server responded with a status of 404 () @ https://pokeapi.co/api/v2/pokemon-species/10015/:0
[  430903ms] [ERROR] Failed to load resource: the server responded with a status of 404 () @ https://pokeapi.co/api/v2/pokemon-species/10016/:0
[  430918ms] [ERROR] Failed to load resource: the server responded with a status of 404 () @ https://pokeapi.co/api/v2/pokemon-species/10018/:0
[  430919ms] [ERROR] Failed to load resource: the server responded with a status of 404 () @ https://pokeapi.co/api/v2/pokemon-species/10019/:0
[  430919ms] [ERROR] Failed to load resource: the server responded with a status of 404 () @ https://pokeapi.co/api/v2/pokemon-species/10017/:0
[  430921ms] [ERROR] Failed to load resource: the server responded with a status of 404 () @ https://pokeapi.co/api/v2/pokemon-species/10020/:0
[  430922ms] [ERROR] Failed to load resource: the server responded with a status of 404 () @ https://pokeapi.co/api/v2/pokemon-species/10021/:0
[  430922ms] [ERROR] Failed to load resource: the server responded with a status of 404 () @ https://pokeapi.co/api/v2/pokemon-species/10022/:0
[  430924ms] [ERROR] Failed to load resource: the server responded with a status of 404 () @ https://pokeapi.co/api/v2/pokemon-species/10023/:0
[  430928ms] [ERROR] Failed to load resource: the server responded with a status of 404 () @ https://pokeapi.co/api/v2/pokemon-species/10024/:0
[  430938ms] [ERROR] Failed to load resource: the server responded with a status of 404 () @ https://pokeapi.co/api/v2/pokemon-species/10025/:0
[  430938ms] [ERROR] Failed to load resource: the server responded with a status of 404 () @ https://pokeapi.co/api/v2/pokemon-species/10026/:0
[  430938ms] [ERROR] Failed to load resource: the server responded with a status of 404 () @ https://pokeapi.co/api/v2/pokemon-species/10027/:0
[  430938ms] [ERROR] Failed to load resource: the server responded with a status of 404 () @ https://pokeapi.co/api/v2/pokemon-species/10028/:0
[  430938ms] [ERROR] Failed to load resource: the server responded with a status of 404 () @ https://pokeapi.co/api/v2/pokemon-species/10029/:0
[  430939ms] [ERROR] Failed to load resource: the server responded with a status of 404 () @ https://pokeapi.co/api/v2/pokemon-species/10030/:0
[  430939ms] [ERROR] Failed to load resource: the server responded with a status of 404 () @ https://pokeapi.co/api/v2/pokemon-species/10031/:0
[  430939ms] [ERROR] Failed to load resource: the server responded with a status of 404 () @ https://pokeapi.co/api/v2/pokemon-species/10032/:0
[  430939ms] [ERROR] Failed to load resource: the server responded with a status of 404 () @ https://pokeapi.co/api/v2/pokemon-species/10033/:0
[  430939ms] [ERROR] Failed to load resource: the server responded with a status of 404 () @ https://pokeapi.co/api/v2/pokemon-species/10034/:0
[  430940ms] [ERROR] Failed to load resource: the server responded with a status of 404 () @ https://pokeapi.co/api/v2/pokemon-species/10035/:0
[  430965ms] [ERROR] Failed to load resource: the server responded with a status of 404 () @ https://pokeapi.co/api/v2/pokemon-species/10036/:0
[  430979ms] [ERROR] Failed to load resource: the server responded with a status of 404 () @ https://pokeapi.co/api/v2/pokemon-species/10038/:0
[  430979ms] [ERROR] Failed to load resource: the server responded with a status of 404 () @ https://pokeapi.co/api/v2/pokemon-species/10037/:0
[  430981ms] [ERROR] Failed to load resource: the server responded with a status of 404 () @ https://pokeapi.co/api/v2/pokemon-species/10039/:0
[  430982ms] [ERROR] Failed to load resource: the server responded with a status of 404 () @ https://pokeapi.co/api/v2/pokemon-species/10040/:0
[  430983ms] [ERROR] Failed to load resource: the server responded with a status of 404 () @ https://pokeapi.co/api/v2/pokemon-species/10041/:0
[  430985ms] [ERROR] Failed to load resource: the server responded with a status of 404 () @ https://pokeapi.co/api/v2/pokemon-species/10042/:0
[  430991ms] [ERROR] Failed to load resource: the server responded with a status of 404 () @ https://pokeapi.co/api/v2/pokemon-species/10043/:0
[  430999ms] [ERROR] Failed to load resource: the server responded with a status of 404 () @ https://pokeapi.co/api/v2/pokemon-species/10044/:0
[  431000ms] [ERROR] Failed to load resource: the server responded with a status of 404 () @ https://pokeapi.co/api/v2/pokemon-species/10045/:0
[  431000ms] [ERROR] Failed to load resource: the server responded with a status of 404 () @ https://pokeapi.co/api/v2/pokemon-species/10046/:0
[  431000ms] [ERROR] Failed to load resource: the server responded with a status of 404 () @ https://pokeapi.co/api/v2/pokemon-species/10047/:0
[  431000ms] [ERROR] Failed to load resource: the server responded with a status of 404 () @ https://pokeapi.co/api/v2/pokemon-species/10048/:0
[  431000ms] [ERROR] Failed to load resource: the server responded with a status of 404 () @ https://pokeapi.co/api/v2/pokemon-species/10049/:0
[  431001ms] [ERROR] Failed to load resource: the server responded with a status of 404 () @ https://pokeapi.co/api/v2/pokemon-species/10050/:0
[  431001ms] [ERROR] Failed to load resource: the server responded with a status of 404 () @ https://pokeapi.co/api/v2/pokemon-species/10051/:0
[  431001ms] [ERROR] Failed to load resource: the server responded with a status of 404 () @ https://pokeapi.co/api/v2/pokemon-species/10052/:0
[  431001ms] [ERROR] Failed to load resource: the server responded with a status of 404 () @ https://pokeapi.co/api/v2/pokemon-species/10053/:0
[  431001ms] [ERROR] Failed to load resource: the server responded with a status of 404 () @ https://pokeapi.co/api/v2/pokemon-species/10054/:0
[  431002ms] [ERROR] Failed to load resource: the server responded with a status of 404 () @ https://pokeapi.co/api/v2/pokemon-species/10055/:0
[  431027ms] [ERROR] Failed to load resource: the server responded with a status of 404 () @ https://pokeapi.co/api/v2/pokemon-species/10056/:0
[  431040ms] [ERROR] Failed to load resource: the server responded with a status of 404 () @ https://pokeapi.co/api/v2/pokemon-species/10059/:0
[  431040ms] [ERROR] Failed to load resource: the server responded with a status of 404 () @ https://pokeapi.co/api/v2/pokemon-species/10060/:0
[  431040ms] [ERROR] Failed to load resource: the server responded with a status of 404 () @ https://pokeapi.co/api/v2/pokemon-species/10057/:0
[  431040ms] [ERROR] Failed to load resource: the server responded with a status of 404 () @ https://pokeapi.co/api/v2/pokemon-species/10061/:0
[  431041ms] [ERROR] Failed to load resource: the server responded with a status of 404 () @ https://pokeapi.co/api/v2/pokemon-species/10062/:0
[  431042ms] [ERROR] Failed to load resource: the server responded with a status of 404 () @ https://pokeapi.co/api/v2/pokemon-species/10063/:0
[  431043ms] [ERROR] Failed to load resource: the server responded with a status of 404 () @ https://pokeapi.co/api/v2/pokemon-species/10058/:0
[  431044ms] [ERROR] Failed to load resource: the server responded with a status of 404 () @ https://pokeapi.co/api/v2/pokemon-species/10064/:0
[  431045ms] [ERROR] Failed to load resource: the server responded with a status of 404 () @ https://pokeapi.co/api/v2/pokemon-species/10065/:0
[  431049ms] [ERROR] Failed to load resource: the server responded with a status of 404 () @ https://pokeapi.co/api/v2/pokemon-species/10066/:0
[  431050ms] [ERROR] Failed to load resource: the server responded with a status of 404 () @ https://pokeapi.co/api/v2/pokemon-species/10067/:0
[  431054ms] [ERROR] Failed to load resource: the server responded with a status of 404 () @ https://pokeapi.co/api/v2/pokemon-species/10068/:0
[  431055ms] [ERROR] Failed to load resource: the server responded with a status of 404 () @ https://pokeapi.co/api/v2/pokemon-species/10069/:0
[  431055ms] [ERROR] Failed to load resource: the server responded with a status of 404 () @ https://pokeapi.co/api/v2/pokemon-species/10070/:0
[  431055ms] [ERROR] Failed to load resource: the server responded with a status of 404 () @ https://pokeapi.co/api/v2/pokemon-species/10071/:0
[  431055ms] [ERROR] Failed to load resource: the server responded with a status of 404 () @ https://pokeapi.co/api/v2/pokemon-species/10072/:0
[  431056ms] [ERROR] Failed to load resource: the server responded with a status of 404 () @ https://pokeapi.co/api/v2/pokemon-species/10073/:0
[  431056ms] [ERROR] Failed to load resource: the server responded with a status of 404 () @ https://pokeapi.co/api/v2/pokemon-species/10074/:0
[  431056ms] [ERROR] Failed to load resource: the server responded with a status of 404 () @ https://pokeapi.co/api/v2/pokemon-species/10075/:0
[  431079ms] [ERROR] Failed to load resource: the server responded with a status of 404 () @ https://pokeapi.co/api/v2/pokemon-species/10076/:0
[  431090ms] [ERROR] Failed to load resource: the server responded with a status of 404 () @ https://pokeapi.co/api/v2/pokemon-species/10077/:0
[  431090ms] [ERROR] Failed to load resource: the server responded with a status of 404 () @ https://pokeapi.co/api/v2/pokemon-species/10081/:0
[  431091ms] [ERROR] Failed to load resource: the server responded with a status of 404 () @ https://pokeapi.co/api/v2/pokemon-species/10082/:0
[  431092ms] [ERROR] Failed to load resource: the server responded with a status of 404 () @ https://pokeapi.co/api/v2/pokemon-species/10078/:0
[  431094ms] [ERROR] Failed to load resource: the server responded with a status of 404 () @ https://pokeapi.co/api/v2/pokemon-species/10079/:0
[  431094ms] [ERROR] Failed to load resource: the server responded with a status of 404 () @ https://pokeapi.co/api/v2/pokemon-species/10080/:0
[  431095ms] [ERROR] Failed to load resource: the server responded with a status of 404 () @ https://pokeapi.co/api/v2/pokemon-species/10083/:0
[  431096ms] [ERROR] Failed to load resource: the server responded with a status of 404 () @ https://pokeapi.co/api/v2/pokemon-species/10084/:0
[  431101ms] [ERROR] Failed to load resource: the server responded with a status of 404 () @ https://pokeapi.co/api/v2/pokemon-species/10085/:0
[  431106ms] [ERROR] Failed to load resource: the server responded with a status of 404 () @ https://pokeapi.co/api/v2/pokemon-species/10086/:0
[  431106ms] [ERROR] Failed to load resource: the server responded with a status of 404 () @ https://pokeapi.co/api/v2/pokemon-species/10087/:0
[  431106ms] [ERROR] Failed to load resource: the server responded with a status of 404 () @ https://pokeapi.co/api/v2/pokemon-species/10088/:0
[  431107ms] [ERROR] Failed to load resource: the server responded with a status of 404 () @ https://pokeapi.co/api/v2/pokemon-species/10089/:0
[  431107ms] [ERROR] Failed to load resource: the server responded with a status of 404 () @ https://pokeapi.co/api/v2/pokemon-species/10090/:0
[  431107ms] [ERROR] Failed to load resource: the server responded with a status of 404 () @ https://pokeapi.co/api/v2/pokemon-species/10091/:0
[  431107ms] [ERROR] Failed to load resource: the server responded with a status of 404 () @ https://pokeapi.co/api/v2/pokemon-species/10092/:0
[  431107ms] [ERROR] Failed to load resource: the server responded with a status of 404 () @ https://pokeapi.co/api/v2/pokemon-species/10093/:0
[  431107ms] [ERROR] Failed to load resource: the server responded with a status of 404 () @ https://pokeapi.co/api/v2/pokemon-species/10094/:0
[  431108ms] [ERROR] Failed to load resource: the server responded with a status of 404 () @ https://pokeapi.co/api/v2/pokemon-species/10095/:0
[  431134ms] [ERROR] Failed to load resource: the server responded with a status of 404 () @ https://pokeapi.co/api/v2/pokemon-species/10096/:0
[  431147ms] [ERROR] Failed to load resource: the server responded with a status of 404 () @ https://pokeapi.co/api/v2/pokemon-species/10097/:0
[  431147ms] [ERROR] Failed to load resource: the server responded with a status of 404 () @ https://pokeapi.co/api/v2/pokemon-species/10098/:0
[  431149ms] [ERROR] Failed to load resource: the server responded with a status of 404 () @ https://pokeapi.co/api/v2/pokemon-species/10099/:0
[  431150ms] [ERROR] Failed to load resource: the server responded with a status of 404 () @ https://pokeapi.co/api/v2/pokemon-species/10100/:0
[  431151ms] [ERROR] Failed to load resource: the server responded with a status of 404 () @ https://pokeapi.co/api/v2/pokemon-species/10101/:0
[  431152ms] [ERROR] Failed to load resource: the server responded with a status of 404 () @ https://pokeapi.co/api/v2/pokemon-species/10102/:0
[  431152ms] [ERROR] Failed to load resource: the server responded with a status of 404 () @ https://pokeapi.co/api/v2/pokemon-species/10103/:0
[  431153ms] [ERROR] Failed to load resource: the server responded with a status of 404 () @ https://pokeapi.co/api/v2/pokemon-species/10104/:0
[  431161ms] [ERROR] Failed to load resource: the server responded with a status of 404 () @ https://pokeapi.co/api/v2/pokemon-species/10105/:0
[  431161ms] [ERROR] Failed to load resource: the server responded with a status of 404 () @ https://pokeapi.co/api/v2/pokemon-species/10106/:0
[  431161ms] [ERROR] Failed to load resource: the server responded with a status of 404 () @ https://pokeapi.co/api/v2/pokemon-species/10107/:0
[  431162ms] [ERROR] Failed to load resource: the server responded with a status of 404 () @ https://pokeapi.co/api/v2/pokemon-species/10108/:0
[  431162ms] [ERROR] Failed to load resource: the server responded with a status of 404 () @ https://pokeapi.co/api/v2/pokemon-species/10109/:0
[  431162ms] [ERROR] Failed to load resource: the server responded with a status of 404 () @ https://pokeapi.co/api/v2/pokemon-species/10110/:0
[  431162ms] [ERROR] Failed to load resource: the server responded with a status of 404 () @ https://pokeapi.co/api/v2/pokemon-species/10111/:0
[  431162ms] [ERROR] Failed to load resource: the server responded with a status of 404 () @ https://pokeapi.co/api/v2/pokemon-species/10112/:0
[  431163ms] [ERROR] Failed to load resource: the server responded with a status of 404 () @ https://pokeapi.co/api/v2/pokemon-species/10113/:0
[  431163ms] [ERROR] Failed to load resource: the server responded with a status of 404 () @ https://pokeapi.co/api/v2/pokemon-species/10114/:0
[  431163ms] [ERROR] Failed to load resource: the server responded with a status of 404 () @ https://pokeapi.co/api/v2/pokemon-species/10115/:0
[  431189ms] [ERROR] Failed to load resource: the server responded with a status of 404 () @ https://pokeapi.co/api/v2/pokemon-species/10116/:0
[  431190ms] [ERROR] Failed to load resource: the server responded with a status of 404 () @ https://pokeapi.co/api/v2/pokemon-species/10117/:0
[  431198ms] [ERROR] Failed to load resource: the server responded with a status of 404 () @ https://pokeapi.co/api/v2/pokemon-species/10118/:0
[  431200ms] [ERROR] Failed to load resource: the server responded with a status of 404 () @ https://pokeapi.co/api/v2/pokemon-species/10119/:0
[  431201ms] [ERROR] Failed to load resource: the server responded with a status of 404 () @ https://pokeapi.co/api/v2/pokemon-species/10120/:0
[  431202ms] [ERROR] Failed to load resource: the server responded with a status of 404 () @ https://pokeapi.co/api/v2/pokemon-species/10121/:0
[  431203ms] [ERROR] Failed to load resource: the server responded with a status of 404 () @ https://pokeapi.co/api/v2/pokemon-species/10122/:0
[  431203ms] [ERROR] Failed to load resource: the server responded with a status of 404 () @ https://pokeapi.co/api/v2/pokemon-species/10123/:0
[  431207ms] [ERROR] Failed to load resource: the server responded with a status of 404 () @ https://pokeapi.co/api/v2/pokemon-species/10124/:0
[  431209ms] [ERROR] Failed to load resource: the server responded with a status of 404 () @ https://pokeapi.co/api/v2/pokemon-species/10125/:0
[  431210ms] [ERROR] Failed to load resource: the server responded with a status of 404 () @ https://pokeapi.co/api/v2/pokemon-species/10126/:0
[  431214ms] [ERROR] Failed to load resource: the server responded with a status of 404 () @ https://pokeapi.co/api/v2/pokemon-species/10127/:0
[  431215ms] [ERROR] Failed to load resource: the server responded with a status of 404 () @ https://pokeapi.co/api/v2/pokemon-species/10128/:0
[  431215ms] [ERROR] Failed to load resource: the server responded with a status of 404 () @ https://pokeapi.co/api/v2/pokemon-species/10129/:0
[  431215ms] [ERROR] Failed to load resource: the server responded with a status of 404 () @ https://pokeapi.co/api/v2/pokemon-species/10130/:0
[  431215ms] [ERROR] Failed to load resource: the server responded with a status of 404 () @ https://pokeapi.co/api/v2/pokemon-species/10131/:0
[  431215ms] [ERROR] Failed to load resource: the server responded with a status of 404 () @ https://pokeapi.co/api/v2/pokemon-species/10132/:0
[  431215ms] [ERROR] Failed to load resource: the server responded with a status of 404 () @ https://pokeapi.co/api/v2/pokemon-species/10133/:0
[  431216ms] [ERROR] Failed to load resource: the server responded with a status of 404 () @ https://pokeapi.co/api/v2/pokemon-species/10134/:0
[  431216ms] [ERROR] Failed to load resource: the server responded with a status of 404 () @ https://pokeapi.co/api/v2/pokemon-species/10135/:0
[  431244ms] [ERROR] Failed to load resource: the server responded with a status of 404 () @ https://pokeapi.co/api/v2/pokemon-species/10136/:0
[  431251ms] [ERROR] Failed to load resource: the server responded with a status of 404 () @ https://pokeapi.co/api/v2/pokemon-species/10137/:0
[  431254ms] [ERROR] Failed to load resource: the server responded with a status of 404 () @ https://pokeapi.co/api/v2/pokemon-species/10139/:0
[  431255ms] [ERROR] Failed to load resource: the server responded with a status of 404 () @ https://pokeapi.co/api/v2/pokemon-species/10140/:0
[  431255ms] [ERROR] Failed to load resource: the server responded with a status of 404 () @ https://pokeapi.co/api/v2/pokemon-species/10138/:0
[  431257ms] [ERROR] Failed to load resource: the server responded with a status of 404 () @ https://pokeapi.co/api/v2/pokemon-species/10141/:0
[  431258ms] [ERROR] Failed to load resource: the server responded with a status of 404 () @ https://pokeapi.co/api/v2/pokemon-species/10142/:0
[  431262ms] [ERROR] Failed to load resource: the server responded with a status of 404 () @ https://pokeapi.co/api/v2/pokemon-species/10143/:0
[  431264ms] [ERROR] Failed to load resource: the server responded with a status of 404 () @ https://pokeapi.co/api/v2/pokemon-species/10144/:0
[  431265ms] [ERROR] Failed to load resource: the server responded with a status of 404 () @ https://pokeapi.co/api/v2/pokemon-species/10145/:0
[  431269ms] [ERROR] Failed to load resource: the server responded with a status of 404 () @ https://pokeapi.co/api/v2/pokemon-species/10146/:0
[  431270ms] [ERROR] Failed to load resource: the server responded with a status of 404 () @ https://pokeapi.co/api/v2/pokemon-species/10147/:0
[  431270ms] [ERROR] Failed to load resource: the server responded with a status of 404 () @ https://pokeapi.co/api/v2/pokemon-species/10148/:0
[  431270ms] [ERROR] Failed to load resource: the server responded with a status of 404 () @ https://pokeapi.co/api/v2/pokemon-species/10149/:0
[  431271ms] [ERROR] Failed to load resource: the server responded with a status of 404 () @ https://pokeapi.co/api/v2/pokemon-species/10150/:0
[  431271ms] [ERROR] Failed to load resource: the server responded with a status of 404 () @ https://pokeapi.co/api/v2/pokemon-species/10151/:0
[  431271ms] [ERROR] Failed to load resource: the server responded with a status of 404 () @ https://pokeapi.co/api/v2/pokemon-species/10152/:0
[  431271ms] [ERROR] Failed to load resource: the server responded with a status of 404 () @ https://pokeapi.co/api/v2/pokemon-species/10153/:0
[  431271ms] [ERROR] Failed to load resource: the server responded with a status of 404 () @ https://pokeapi.co/api/v2/pokemon-species/10154/:0
[  431272ms] [ERROR] Failed to load resource: the server responded with a status of 404 () @ https://pokeapi.co/api/v2/pokemon-species/10155/:0
[  431298ms] [ERROR] Failed to load resource: the server responded with a status of 404 () @ https://pokeapi.co/api/v2/pokemon-species/10156/:0
[  431306ms] [ERROR] Failed to load resource: the server responded with a status of 404 () @ https://pokeapi.co/api/v2/pokemon-species/10157/:0
[  431307ms] [ERROR] Failed to load resource: the server responded with a status of 404 () @ https://pokeapi.co/api/v2/pokemon-species/10158/:0
[  431308ms] [ERROR] Failed to load resource: the server responded with a status of 404 () @ https://pokeapi.co/api/v2/pokemon-species/10159/:0
[  431310ms] [ERROR] Failed to load resource: the server responded with a status of 404 () @ https://pokeapi.co/api/v2/pokemon-species/10160/:0
[  431324ms] [ERROR] Failed to load resource: the server responded with a status of 404 () @ https://pokeapi.co/api/v2/pokemon-species/10161/:0
[  431325ms] [ERROR] Failed to load resource: the server responded with a status of 404 () @ https://pokeapi.co/api/v2/pokemon-species/10162/:0
[  431325ms] [ERROR] Failed to load resource: the server responded with a status of 404 () @ https://pokeapi.co/api/v2/pokemon-species/10163/:0
[  431325ms] [ERROR] Failed to load resource: the server responded with a status of 404 () @ https://pokeapi.co/api/v2/pokemon-species/10164/:0
[  431326ms] [ERROR] Failed to load resource: the server responded with a status of 404 () @ https://pokeapi.co/api/v2/pokemon-species/10165/:0
[  431326ms] [ERROR] Failed to load resource: the server responded with a status of 404 () @ https://pokeapi.co/api/v2/pokemon-species/10166/:0
[  431326ms] [ERROR] Failed to load resource: the server responded with a status of 404 () @ https://pokeapi.co/api/v2/pokemon-species/10167/:0
[  431326ms] [ERROR] Failed to load resource: the server responded with a status of 404 () @ https://pokeapi.co/api/v2/pokemon-species/10168/:0
[  431330ms] [ERROR] Failed to load resource: the server responded with a status of 404 () @ https://pokeapi.co/api/v2/pokemon-species/10169/:0
[  431330ms] [ERROR] Failed to load resource: the server responded with a status of 404 () @ https://pokeapi.co/api/v2/pokemon-species/10170/:0
[  431330ms] [ERROR] Failed to load resource: the server responded with a status of 404 () @ https://pokeapi.co/api/v2/pokemon-species/10171/:0
[  431331ms] [ERROR] Failed to load resource: the server responded with a status of 404 () @ https://pokeapi.co/api/v2/pokemon-species/10172/:0
[  431331ms] [ERROR] Failed to load resource: the server responded with a status of 404 () @ https://pokeapi.co/api/v2/pokemon-species/10173/:0
[  431331ms] [ERROR] Failed to load resource: the server responded with a status of 404 () @ https://pokeapi.co/api/v2/pokemon-species/10174/:0
[  431332ms] [ERROR] Failed to load resource: the server responded with a status of 404 () @ https://pokeapi.co/api/v2/pokemon-species/10175/:0
[  431363ms] [ERROR] Failed to load resource: the server responded with a status of 404 () @ https://pokeapi.co/api/v2/pokemon-species/10176/:0
[  431373ms] [ERROR] Failed to load resource: the server responded with a status of 404 () @ https://pokeapi.co/api/v2/pokemon-species/10178/:0
[  431374ms] [ERROR] Failed to load resource: the server responded with a status of 404 () @ https://pokeapi.co/api/v2/pokemon-species/10179/:0
[  431376ms] [ERROR] Failed to load resource: the server responded with a status of 404 () @ https://pokeapi.co/api/v2/pokemon-species/10177/:0
[  431376ms] [ERROR] Failed to load resource: the server responded with a status of 404 () @ https://pokeapi.co/api/v2/pokemon-species/10180/:0
[  431376ms] [ERROR] Failed to load resource: the server responded with a status of 404 () @ https://pokeapi.co/api/v2/pokemon-species/10181/:0
[  431378ms] [ERROR] Failed to load resource: the server responded with a status of 404 () @ https://pokeapi.co/api/v2/pokemon-species/10182/:0
[  431378ms] [ERROR] Failed to load resource: the server responded with a status of 404 () @ https://pokeapi.co/api/v2/pokemon-species/10183/:0
[  431385ms] [ERROR] Failed to load resource: the server responded with a status of 404 () @ https://pokeapi.co/api/v2/pokemon-species/10184/:0
[  431391ms] [ERROR] Failed to load resource: the server responded with a status of 404 () @ https://pokeapi.co/api/v2/pokemon-species/10185/:0
[  431391ms] [ERROR] Failed to load resource: the server responded with a status of 404 () @ https://pokeapi.co/api/v2/pokemon-species/10186/:0
[  431391ms] [ERROR] Failed to load resource: the server responded with a status of 404 () @ https://pokeapi.co/api/v2/pokemon-species/10187/:0
[  431391ms] [ERROR] Failed to load resource: the server responded with a status of 404 () @ https://pokeapi.co/api/v2/pokemon-species/10188/:0
[  431392ms] [ERROR] Failed to load resource: the server responded with a status of 404 () @ https://pokeapi.co/api/v2/pokemon-species/10189/:0
[  431392ms] [ERROR] Failed to load resource: the server responded with a status of 404 () @ https://pokeapi.co/api/v2/pokemon-species/10190/:0
[  431392ms] [ERROR] Failed to load resource: the server responded with a status of 404 () @ https://pokeapi.co/api/v2/pokemon-species/10191/:0
[  431392ms] [ERROR] Failed to load resource: the server responded with a status of 404 () @ https://pokeapi.co/api/v2/pokemon-species/10192/:0
[  431392ms] [ERROR] Failed to load resource: the server responded with a status of 404 () @ https://pokeapi.co/api/v2/pokemon-species/10193/:0
[  431393ms] [ERROR] Failed to load resource: the server responded with a status of 404 () @ https://pokeapi.co/api/v2/pokemon-species/10194/:0
[  431393ms] [ERROR] Failed to load resource: the server responded with a status of 404 () @ https://pokeapi.co/api/v2/pokemon-species/10195/:0
[  431417ms] [ERROR] Failed to load resource: the server responded with a status of 404 () @ https://pokeapi.co/api/v2/pokemon-species/10196/:0
[  431422ms] [ERROR] Failed to load resource: the server responded with a status of 404 () @ https://pokeapi.co/api/v2/pokemon-species/10197/:0
[  431424ms] [ERROR] Failed to load resource: the server responded with a status of 404 () @ https://pokeapi.co/api/v2/pokemon-species/10200/:0
[  431426ms] [ERROR] Failed to load resource: the server responded with a status of 404 () @ https://pokeapi.co/api/v2/pokemon-species/10201/:0
[  431427ms] [ERROR] Failed to load resource: the server responded with a status of 404 () @ https://pokeapi.co/api/v2/pokemon-species/10198/:0
[  431427ms] [ERROR] Failed to load resource: the server responded with a status of 404 () @ https://pokeapi.co/api/v2/pokemon-species/10199/:0
[  431428ms] [ERROR] Failed to load resource: the server responded with a status of 404 () @ https://pokeapi.co/api/v2/pokemon-species/10202/:0
[  431429ms] [ERROR] Failed to load resource: the server responded with a status of 404 () @ https://pokeapi.co/api/v2/pokemon-species/10203/:0
[  431430ms] [ERROR] Failed to load resource: the server responded with a status of 404 () @ https://pokeapi.co/api/v2/pokemon-species/10204/:0
[  431437ms] [ERROR] Failed to load resource: the server responded with a status of 404 () @ https://pokeapi.co/api/v2/pokemon-species/10205/:0
[  431438ms] [ERROR] Failed to load resource: the server responded with a status of 404 () @ https://pokeapi.co/api/v2/pokemon-species/10206/:0
[  431444ms] [ERROR] Failed to load resource: the server responded with a status of 404 () @ https://pokeapi.co/api/v2/pokemon-species/10207/:0
[  431444ms] [ERROR] Failed to load resource: the server responded with a status of 404 () @ https://pokeapi.co/api/v2/pokemon-species/10208/:0
[  431444ms] [ERROR] Failed to load resource: the server responded with a status of 404 () @ https://pokeapi.co/api/v2/pokemon-species/10209/:0
[  431445ms] [ERROR] Failed to load resource: the server responded with a status of 404 () @ https://pokeapi.co/api/v2/pokemon-species/10210/:0
[  431445ms] [ERROR] Failed to load resource: the server responded with a status of 404 () @ https://pokeapi.co/api/v2/pokemon-species/10211/:0
[  431445ms] [ERROR] Failed to load resource: the server responded with a status of 404 () @ https://pokeapi.co/api/v2/pokemon-species/10212/:0
[  431445ms] [ERROR] Failed to load resource: the server responded with a status of 404 () @ https://pokeapi.co/api/v2/pokemon-species/10213/:0
[  431445ms] [ERROR] Failed to load resource: the server responded with a status of 404 () @ https://pokeapi.co/api/v2/pokemon-species/10214/:0
[  431446ms] [ERROR] Failed to load resource: the server responded with a status of 404 () @ https://pokeapi.co/api/v2/pokemon-species/10215/:0
[  431466ms] [ERROR] Failed to load resource: the server responded with a status of 404 () @ https://pokeapi.co/api/v2/pokemon-species/10216/:0
[  431469ms] [ERROR] Failed to load resource: the server responded with a status of 404 () @ https://pokeapi.co/api/v2/pokemon-species/10217/:0
[  431473ms] [ERROR] Failed to load resource: the server responded with a status of 404 () @ https://pokeapi.co/api/v2/pokemon-species/10220/:0
[  431474ms] [ERROR] Failed to load resource: the server responded with a status of 404 () @ https://pokeapi.co/api/v2/pokemon-species/10221/:0
[  431475ms] [ERROR] Failed to load resource: the server responded with a status of 404 () @ https://pokeapi.co/api/v2/pokemon-species/10222/:0
[  431475ms] [ERROR] Failed to load resource: the server responded with a status of 404 () @ https://pokeapi.co/api/v2/pokemon-species/10218/:0
[  431475ms] [ERROR] Failed to load resource: the server responded with a status of 404 () @ https://pokeapi.co/api/v2/pokemon-species/10219/:0
[  431477ms] [ERROR] Failed to load resource: the server responded with a status of 404 () @ https://pokeapi.co/api/v2/pokemon-species/10223/:0
[  431477ms] [ERROR] Failed to load resource: the server responded with a status of 404 () @ https://pokeapi.co/api/v2/pokemon-species/10224/:0
[  431479ms] [ERROR] Failed to load resource: the server responded with a status of 404 () @ https://pokeapi.co/api/v2/pokemon-species/10225/:0
[  431488ms] [ERROR] Failed to load resource: the server responded with a status of 404 () @ https://pokeapi.co/api/v2/pokemon-species/10226/:0
[  431488ms] [ERROR] Failed to load resource: the server responded with a status of 404 () @ https://pokeapi.co/api/v2/pokemon-species/10227/:0
[  431488ms] [ERROR] Failed to load resource: the server responded with a status of 404 () @ https://pokeapi.co/api/v2/pokemon-species/10228/:0
[  431488ms] [ERROR] Failed to load resource: the server responded with a status of 404 () @ https://pokeapi.co/api/v2/pokemon-species/10229/:0
[  431488ms] [ERROR] Failed to load resource: the server responded with a status of 404 () @ https://pokeapi.co/api/v2/pokemon-species/10230/:0
[  431489ms] [ERROR] Failed to load resource: the server responded with a status of 404 () @ https://pokeapi.co/api/v2/pokemon-species/10231/:0
[  431489ms] [ERROR] Failed to load resource: the server responded with a status of 404 () @ https://pokeapi.co/api/v2/pokemon-species/10232/:0
[  431489ms] [ERROR] Failed to load resource: the server responded with a status of 404 () @ https://pokeapi.co/api/v2/pokemon-species/10233/:0
[  431489ms] [ERROR] Failed to load resource: the server responded with a status of 404 () @ https://pokeapi.co/api/v2/pokemon-species/10234/:0
[  431489ms] [ERROR] Failed to load resource: the server responded with a status of 404 () @ https://pokeapi.co/api/v2/pokemon-species/10235/:0
[  431515ms] [ERROR] Failed to load resource: the server responded with a status of 404 () @ https://pokeapi.co/api/v2/pokemon-species/10236/:0
[  431522ms] [ERROR] Failed to load resource: the server responded with a status of 404 () @ https://pokeapi.co/api/v2/pokemon-species/10237/:0
[  431523ms] [ERROR] Failed to load resource: the server responded with a status of 404 () @ https://pokeapi.co/api/v2/pokemon-species/10241/:0
[  431524ms] [ERROR] Failed to load resource: the server responded with a status of 404 () @ https://pokeapi.co/api/v2/pokemon-species/10242/:0
[  431526ms] [ERROR] Failed to load resource: the server responded with a status of 404 () @ https://pokeapi.co/api/v2/pokemon-species/10238/:0
[  431527ms] [ERROR] Failed to load resource: the server responded with a status of 404 () @ https://pokeapi.co/api/v2/pokemon-species/10239/:0
[  431538ms] [ERROR] Failed to load resource: the server responded with a status of 404 () @ https://pokeapi.co/api/v2/pokemon-species/10240/:0
[  431544ms] [ERROR] Failed to load resource: the server responded with a status of 404 () @ https://pokeapi.co/api/v2/pokemon-species/10243/:0
[  431544ms] [ERROR] Failed to load resource: the server responded with a status of 404 () @ https://pokeapi.co/api/v2/pokemon-species/10244/:0
[  431544ms] [ERROR] Failed to load resource: the server responded with a status of 404 () @ https://pokeapi.co/api/v2/pokemon-species/10245/:0
[  431544ms] [ERROR] Failed to load resource: the server responded with a status of 404 () @ https://pokeapi.co/api/v2/pokemon-species/10246/:0
[  431545ms] [ERROR] Failed to load resource: the server responded with a status of 404 () @ https://pokeapi.co/api/v2/pokemon-species/10247/:0
[  431545ms] [ERROR] Failed to load resource: the server responded with a status of 404 () @ https://pokeapi.co/api/v2/pokemon-species/10248/:0
[  431545ms] [ERROR] Failed to load resource: the server responded with a status of 404 () @ https://pokeapi.co/api/v2/pokemon-species/10249/:0
[  431545ms] [ERROR] Failed to load resource: the server responded with a status of 404 () @ https://pokeapi.co/api/v2/pokemon-species/10250/:0
[  431545ms] [ERROR] Failed to load resource: the server responded with a status of 404 () @ https://pokeapi.co/api/v2/pokemon-species/10251/:0
[  431546ms] [ERROR] Failed to load resource: the server responded with a status of 404 () @ https://pokeapi.co/api/v2/pokemon-species/10252/:0
[  431546ms] [ERROR] Failed to load resource: the server responded with a status of 404 () @ https://pokeapi.co/api/v2/pokemon-species/10253/:0
[  431546ms] [ERROR] Failed to load resource: the server responded with a status of 404 () @ https://pokeapi.co/api/v2/pokemon-species/10254/:0
[  431546ms] [ERROR] Failed to load resource: the server responded with a status of 404 () @ https://pokeapi.co/api/v2/pokemon-species/10255/:0
[  431570ms] [ERROR] Failed to load resource: the server responded with a status of 404 () @ https://pokeapi.co/api/v2/pokemon-species/10256/:0
[  431575ms] [ERROR] Failed to load resource: the server responded with a status of 404 () @ https://pokeapi.co/api/v2/pokemon-species/10257/:0
[  431577ms] [ERROR] Failed to load resource: the server responded with a status of 404 () @ https://pokeapi.co/api/v2/pokemon-species/10261/:0
[  431577ms] [ERROR] Failed to load resource: the server responded with a status of 404 () @ https://pokeapi.co/api/v2/pokemon-species/10262/:0
[  431580ms] [ERROR] Failed to load resource: the server responded with a status of 404 () @ https://pokeapi.co/api/v2/pokemon-species/10258/:0
[  431580ms] [ERROR] Failed to load resource: the server responded with a status of 404 () @ https://pokeapi.co/api/v2/pokemon-species/10259/:0
[  431585ms] [ERROR] Failed to load resource: the server responded with a status of 404 () @ https://pokeapi.co/api/v2/pokemon-species/10260/:0
[  431586ms] [ERROR] Failed to load resource: the server responded with a status of 404 () @ https://pokeapi.co/api/v2/pokemon-species/10263/:0
[  431586ms] [ERROR] Failed to load resource: the server responded with a status of 404 () @ https://pokeapi.co/api/v2/pokemon-species/10264/:0
[  431588ms] [ERROR] Failed to load resource: the server responded with a status of 404 () @ https://pokeapi.co/api/v2/pokemon-species/10265/:0
[  431589ms] [ERROR] Failed to load resource: the server responded with a status of 404 () @ https://pokeapi.co/api/v2/pokemon-species/10266/:0
[  431589ms] [ERROR] Failed to load resource: the server responded with a status of 404 () @ https://pokeapi.co/api/v2/pokemon-species/10267/:0
[  431589ms] [ERROR] Failed to load resource: the server responded with a status of 404 () @ https://pokeapi.co/api/v2/pokemon-species/10268/:0
[  431589ms] [ERROR] Failed to load resource: the server responded with a status of 404 () @ https://pokeapi.co/api/v2/pokemon-species/10269/:0
[  431589ms] [ERROR] Failed to load resource: the server responded with a status of 404 () @ https://pokeapi.co/api/v2/pokemon-species/10270/:0
[  431590ms] [ERROR] Failed to load resource: the server responded with a status of 404 () @ https://pokeapi.co/api/v2/pokemon-species/10271/:0
[  431590ms] [ERROR] Failed to load resource: the server responded with a status of 404 () @ https://pokeapi.co/api/v2/pokemon-species/10272/:0
[  431590ms] [ERROR] Failed to load resource: the server responded with a status of 404 () @ https://pokeapi.co/api/v2/pokemon-species/10273/:0
[  431590ms] [ERROR] Failed to load resource: the server responded with a status of 404 () @ https://pokeapi.co/api/v2/pokemon-species/10274/:0
[  431590ms] [ERROR] Failed to load resource: the server responded with a status of 404 () @ https://pokeapi.co/api/v2/pokemon-species/10275/:0
[  431611ms] [ERROR] Failed to load resource: the server responded with a status of 404 () @ https://pokeapi.co/api/v2/pokemon-species/10276/:0
[  431616ms] [ERROR] Failed to load resource: the server responded with a status of 404 () @ https://pokeapi.co/api/v2/pokemon-species/10277/:0
[  431617ms] [ERROR] Failed to load resource: the server responded with a status of 404 () @ https://pokeapi.co/api/v2/pokemon-species/10281/:0
[  431619ms] [ERROR] Failed to load resource: the server responded with a status of 404 () @ https://pokeapi.co/api/v2/pokemon-species/10282/:0
[  431623ms] [ERROR] Failed to load resource: the server responded with a status of 404 () @ https://pokeapi.co/api/v2/pokemon-species/10278/:0
[  431626ms] [ERROR] Failed to load resource: the server responded with a status of 404 () @ https://pokeapi.co/api/v2/pokemon-species/10279/:0
[  431626ms] [ERROR] Failed to load resource: the server responded with a status of 404 () @ https://pokeapi.co/api/v2/pokemon-species/10280/:0
[  431627ms] [ERROR] Failed to load resource: the server responded with a status of 404 () @ https://pokeapi.co/api/v2/pokemon-species/10283/:0
[  431633ms] [ERROR] Failed to load resource: the server responded with a status of 404 () @ https://pokeapi.co/api/v2/pokemon-species/10284/:0
[  431634ms] [ERROR] Failed to load resource: the server responded with a status of 404 () @ https://pokeapi.co/api/v2/pokemon-species/10285/:0
[  431634ms] [ERROR] Failed to load resource: the server responded with a status of 404 () @ https://pokeapi.co/api/v2/pokemon-species/10286/:0
[  431634ms] [ERROR] Failed to load resource: the server responded with a status of 404 () @ https://pokeapi.co/api/v2/pokemon-species/10287/:0
[  431634ms] [ERROR] Failed to load resource: the server responded with a status of 404 () @ https://pokeapi.co/api/v2/pokemon-species/10288/:0
[  431635ms] [ERROR] Failed to load resource: the server responded with a status of 404 () @ https://pokeapi.co/api/v2/pokemon-species/10289/:0
[  431635ms] [ERROR] Failed to load resource: the server responded with a status of 404 () @ https://pokeapi.co/api/v2/pokemon-species/10290/:0
[  431635ms] [ERROR] Failed to load resource: the server responded with a status of 404 () @ https://pokeapi.co/api/v2/pokemon-species/10291/:0
[  431635ms] [ERROR] Failed to load resource: the server responded with a status of 404 () @ https://pokeapi.co/api/v2/pokemon-species/10292/:0
[  431635ms] [ERROR] Failed to load resource: the server responded with a status of 404 () @ https://pokeapi.co/api/v2/pokemon-species/10293/:0
[  431636ms] [ERROR] Failed to load resource: the server responded with a status of 404 () @ https://pokeapi.co/api/v2/pokemon-species/10294/:0
[  431636ms] [ERROR] Failed to load resource: the server responded with a status of 404 () @ https://pokeapi.co/api/v2/pokemon-species/10295/:0
[  431660ms] [ERROR] Failed to load resource: the server responded with a status of 404 () @ https://pokeapi.co/api/v2/pokemon-species/10296/:0
[  431661ms] [ERROR] Failed to load resource: the server responded with a status of 404 () @ https://pokeapi.co/api/v2/pokemon-species/10297/:0
[  431664ms] [ERROR] Failed to load resource: the server responded with a status of 404 () @ https://pokeapi.co/api/v2/pokemon-species/10300/:0
[  431665ms] [ERROR] Failed to load resource: the server responded with a status of 404 () @ https://pokeapi.co/api/v2/pokemon-species/10301/:0
[  431667ms] [ERROR] Failed to load resource: the server responded with a status of 404 () @ https://pokeapi.co/api/v2/pokemon-species/10298/:0
[  431672ms] [ERROR] Failed to load resource: the server responded with a status of 404 () @ https://pokeapi.co/api/v2/pokemon-species/10299/:0
[  431674ms] [ERROR] Failed to load resource: the server responded with a status of 404 () @ https://pokeapi.co/api/v2/pokemon-species/10302/:0
[  431679ms] [ERROR] Failed to load resource: the server responded with a status of 404 () @ https://pokeapi.co/api/v2/pokemon-species/10303/:0
[  431679ms] [ERROR] Failed to load resource: the server responded with a status of 404 () @ https://pokeapi.co/api/v2/pokemon-species/10304/:0
[  431679ms] [ERROR] Failed to load resource: the server responded with a status of 404 () @ https://pokeapi.co/api/v2/pokemon-species/10305/:0
[  431679ms] [ERROR] Failed to load resource: the server responded with a status of 404 () @ https://pokeapi.co/api/v2/pokemon-species/10306/:0
[  431679ms] [ERROR] Failed to load resource: the server responded with a status of 404 () @ https://pokeapi.co/api/v2/pokemon-species/10307/:0
[  431680ms] [ERROR] Failed to load resource: the server responded with a status of 404 () @ https://pokeapi.co/api/v2/pokemon-species/10308/:0
[  431680ms] [ERROR] Failed to load resource: the server responded with a status of 404 () @ https://pokeapi.co/api/v2/pokemon-species/10309/:0
[  431680ms] [ERROR] Failed to load resource: the server responded with a status of 404 () @ https://pokeapi.co/api/v2/pokemon-species/10310/:0
[  431680ms] [ERROR] Failed to load resource: the server responded with a status of 404 () @ https://pokeapi.co/api/v2/pokemon-species/10311/:0
[  431680ms] [ERROR] Failed to load resource: the server responded with a status of 404 () @ https://pokeapi.co/api/v2/pokemon-species/10312/:0
[  431681ms] [ERROR] Failed to load resource: the server responded with a status of 404 () @ https://pokeapi.co/api/v2/pokemon-species/10313/:0
[  431681ms] [ERROR] Failed to load resource: the server responded with a status of 404 () @ https://pokeapi.co/api/v2/pokemon-species/10314/:0
[  431681ms] [ERROR] Failed to load resource: the server responded with a status of 404 () @ https://pokeapi.co/api/v2/pokemon-species/10315/:0
[  431696ms] [ERROR] Failed to load resource: the server responded with a status of 404 () @ https://pokeapi.co/api/v2/pokemon-species/10316/:0
[  431698ms] [ERROR] Failed to load resource: the server responded with a status of 404 () @ https://pokeapi.co/api/v2/pokemon-species/10317/:0
[  431698ms] [ERROR] Failed to load resource: the server responded with a status of 404 () @ https://pokeapi.co/api/v2/pokemon-species/10319/:0
[  431699ms] [ERROR] Failed to load resource: the server responded with a status of 404 () @ https://pokeapi.co/api/v2/pokemon-species/10318/:0
[  431700ms] [ERROR] Failed to load resource: the server responded with a status of 404 () @ https://pokeapi.co/api/v2/pokemon-species/10320/:0
[  431701ms] [ERROR] Failed to load resource: the server responded with a status of 404 () @ https://pokeapi.co/api/v2/pokemon-species/10321/:0
[  431702ms] [ERROR] Failed to load resource: the server responded with a status of 404 () @ https://pokeapi.co/api/v2/pokemon-species/10322/:0
[  431702ms] [ERROR] Failed to load resource: the server responded with a status of 404 () @ https://pokeapi.co/api/v2/pokemon-species/10323/:0
[  431703ms] [ERROR] Failed to load resource: the server responded with a status of 404 () @ https://pokeapi.co/api/v2/pokemon-species/10324/:0
[  431703ms] [ERROR] Failed to load resource: the server responded with a status of 404 () @ https://pokeapi.co/api/v2/pokemon-species/10325/:0
[  562546ms] [ERROR] Failed to load resource: the server responded with a status of 404 () @ https://pokeapi.co/api/v2/pokemon-species/10001/:0
[  562554ms] [ERROR] Failed to load resource: the server responded with a status of 404 () @ https://pokeapi.co/api/v2/pokemon-species/10002/:0
[  562555ms] [ERROR] Failed to load resource: the server responded with a status of 404 () @ https://pokeapi.co/api/v2/pokemon-species/10003/:0
[  562555ms] [ERROR] Failed to load resource: the server responded with a status of 404 () @ https://pokeapi.co/api/v2/pokemon-species/10004/:0
[  562555ms] [ERROR] Failed to load resource: the server responded with a status of 404 () @ https://pokeapi.co/api/v2/pokemon-species/10005/:0
[  562555ms] [ERROR] Failed to load resource: the server responded with a status of 404 () @ https://pokeapi.co/api/v2/pokemon-species/10006/:0
[  562556ms] [ERROR] Failed to load resource: the server responded with a status of 404 () @ https://pokeapi.co/api/v2/pokemon-species/10007/:0
[  562556ms] [ERROR] Failed to load resource: the server responded with a status of 404 () @ https://pokeapi.co/api/v2/pokemon-species/10008/:0
[  562556ms] [ERROR] Failed to load resource: the server responded with a status of 404 () @ https://pokeapi.co/api/v2/pokemon-species/10009/:0
[  562556ms] [ERROR] Failed to load resource: the server responded with a status of 404 () @ https://pokeapi.co/api/v2/pokemon-species/10010/:0
[  562556ms] [ERROR] Failed to load resource: the server responded with a status of 404 () @ https://pokeapi.co/api/v2/pokemon-species/10011/:0
[  562556ms] [ERROR] Failed to load resource: the server responded with a status of 404 () @ https://pokeapi.co/api/v2/pokemon-species/10012/:0
[  562556ms] [ERROR] Failed to load resource: the server responded with a status of 404 () @ https://pokeapi.co/api/v2/pokemon-species/10013/:0
[  562556ms] [ERROR] Failed to load resource: the server responded with a status of 404 () @ https://pokeapi.co/api/v2/pokemon-species/10014/:0
[  562557ms] [ERROR] Failed to load resource: the server responded with a status of 404 () @ https://pokeapi.co/api/v2/pokemon-species/10015/:0
[  562603ms] [ERROR] Failed to load resource: the server responded with a status of 404 () @ https://pokeapi.co/api/v2/pokemon-species/10018/:0
[  562604ms] [ERROR] Failed to load resource: the server responded with a status of 404 () @ https://pokeapi.co/api/v2/pokemon-species/10016/:0
[  562605ms] [ERROR] Failed to load resource: the server responded with a status of 404 () @ https://pokeapi.co/api/v2/pokemon-species/10017/:0
[  562605ms] [ERROR] Failed to load resource: the server responded with a status of 404 () @ https://pokeapi.co/api/v2/pokemon-species/10019/:0
[  562605ms] [ERROR] Failed to load resource: the server responded with a status of 404 () @ https://pokeapi.co/api/v2/pokemon-species/10020/:0
[  562607ms] [ERROR] Failed to load resource: the server responded with a status of 404 () @ https://pokeapi.co/api/v2/pokemon-species/10021/:0
[  562611ms] [ERROR] Failed to load resource: the server responded with a status of 404 () @ https://pokeapi.co/api/v2/pokemon-species/10022/:0
[  562612ms] [ERROR] Failed to load resource: the server responded with a status of 404 () @ https://pokeapi.co/api/v2/pokemon-species/10023/:0
[  562612ms] [ERROR] Failed to load resource: the server responded with a status of 404 () @ https://pokeapi.co/api/v2/pokemon-species/10024/:0
[  562612ms] [ERROR] Failed to load resource: the server responded with a status of 404 () @ https://pokeapi.co/api/v2/pokemon-species/10025/:0
[  562613ms] [ERROR] Failed to load resource: the server responded with a status of 404 () @ https://pokeapi.co/api/v2/pokemon-species/10026/:0
[  562613ms] [ERROR] Failed to load resource: the server responded with a status of 404 () @ https://pokeapi.co/api/v2/pokemon-species/10027/:0
[  562613ms] [ERROR] Failed to load resource: the server responded with a status of 404 () @ https://pokeapi.co/api/v2/pokemon-species/10028/:0
[  562613ms] [ERROR] Failed to load resource: the server responded with a status of 404 () @ https://pokeapi.co/api/v2/pokemon-species/10029/:0
[  562614ms] [ERROR] Failed to load resource: the server responded with a status of 404 () @ https://pokeapi.co/api/v2/pokemon-species/10030/:0
[  562614ms] [ERROR] Failed to load resource: the server responded with a status of 404 () @ https://pokeapi.co/api/v2/pokemon-species/10031/:0
[  562614ms] [ERROR] Failed to load resource: the server responded with a status of 404 () @ https://pokeapi.co/api/v2/pokemon-species/10032/:0
[  562617ms] [ERROR] Failed to load resource: the server responded with a status of 404 () @ https://pokeapi.co/api/v2/pokemon-species/10033/:0
[  562617ms] [ERROR] Failed to load resource: the server responded with a status of 404 () @ https://pokeapi.co/api/v2/pokemon-species/10034/:0
[  562617ms] [ERROR] Failed to load resource: the server responded with a status of 404 () @ https://pokeapi.co/api/v2/pokemon-species/10035/:0
[  562642ms] [ERROR] Failed to load resource: the server responded with a status of 404 () @ https://pokeapi.co/api/v2/pokemon-species/10036/:0
[  562652ms] [ERROR] Failed to load resource: the server responded with a status of 404 () @ https://pokeapi.co/api/v2/pokemon-species/10037/:0
[  562654ms] [ERROR] Failed to load resource: the server responded with a status of 404 () @ https://pokeapi.co/api/v2/pokemon-species/10038/:0
[  562659ms] [ERROR] Failed to load resource: the server responded with a status of 404 () @ https://pokeapi.co/api/v2/pokemon-species/10043/:0
[  562664ms] [ERROR] Failed to load resource: the server responded with a status of 404 () @ https://pokeapi.co/api/v2/pokemon-species/10039/:0
[  562664ms] [ERROR] Failed to load resource: the server responded with a status of 404 () @ https://pokeapi.co/api/v2/pokemon-species/10040/:0
[  562670ms] [ERROR] Failed to load resource: the server responded with a status of 404 () @ https://pokeapi.co/api/v2/pokemon-species/10041/:0
[  562670ms] [ERROR] Failed to load resource: the server responded with a status of 404 () @ https://pokeapi.co/api/v2/pokemon-species/10042/:0
[  562670ms] [ERROR] Failed to load resource: the server responded with a status of 404 () @ https://pokeapi.co/api/v2/pokemon-species/10044/:0
[  562670ms] [ERROR] Failed to load resource: the server responded with a status of 404 () @ https://pokeapi.co/api/v2/pokemon-species/10045/:0
[  562671ms] [ERROR] Failed to load resource: the server responded with a status of 404 () @ https://pokeapi.co/api/v2/pokemon-species/10046/:0
[  562671ms] [ERROR] Failed to load resource: the server responded with a status of 404 () @ https://pokeapi.co/api/v2/pokemon-species/10047/:0
[  562671ms] [ERROR] Failed to load resource: the server responded with a status of 404 () @ https://pokeapi.co/api/v2/pokemon-species/10048/:0
[  562671ms] [ERROR] Failed to load resource: the server responded with a status of 404 () @ https://pokeapi.co/api/v2/pokemon-species/10049/:0
[  562672ms] [ERROR] Failed to load resource: the server responded with a status of 404 () @ https://pokeapi.co/api/v2/pokemon-species/10050/:0
[  562672ms] [ERROR] Failed to load resource: the server responded with a status of 404 () @ https://pokeapi.co/api/v2/pokemon-species/10051/:0
[  562673ms] [ERROR] Failed to load resource: the server responded with a status of 404 () @ https://pokeapi.co/api/v2/pokemon-species/10052/:0
[  562673ms] [ERROR] Failed to load resource: the server responded with a status of 404 () @ https://pokeapi.co/api/v2/pokemon-species/10053/:0
[  562673ms] [ERROR] Failed to load resource: the server responded with a status of 404 () @ https://pokeapi.co/api/v2/pokemon-species/10054/:0
[  562673ms] [ERROR] Failed to load resource: the server responded with a status of 404 () @ https://pokeapi.co/api/v2/pokemon-species/10055/:0
[  562698ms] [ERROR] Failed to load resource: the server responded with a status of 404 () @ https://pokeapi.co/api/v2/pokemon-species/10056/:0
[  562707ms] [ERROR] Failed to load resource: the server responded with a status of 404 () @ https://pokeapi.co/api/v2/pokemon-species/10057/:0
[  562710ms] [ERROR] Failed to load resource: the server responded with a status of 404 () @ https://pokeapi.co/api/v2/pokemon-species/10058/:0
[  562710ms] [ERROR] Failed to load resource: the server responded with a status of 404 () @ https://pokeapi.co/api/v2/pokemon-species/10059/:0
[  562713ms] [ERROR] Failed to load resource: the server responded with a status of 404 () @ https://pokeapi.co/api/v2/pokemon-species/10060/:0
[  562716ms] [ERROR] Failed to load resource: the server responded with a status of 404 () @ https://pokeapi.co/api/v2/pokemon-species/10061/:0
[  562716ms] [ERROR] Failed to load resource: the server responded with a status of 404 () @ https://pokeapi.co/api/v2/pokemon-species/10062/:0
[  562717ms] [ERROR] Failed to load resource: the server responded with a status of 404 () @ https://pokeapi.co/api/v2/pokemon-species/10063/:0
[  562717ms] [ERROR] Failed to load resource: the server responded with a status of 404 () @ https://pokeapi.co/api/v2/pokemon-species/10064/:0
[  562717ms] [ERROR] Failed to load resource: the server responded with a status of 404 () @ https://pokeapi.co/api/v2/pokemon-species/10065/:0
[  562718ms] [ERROR] Failed to load resource: the server responded with a status of 404 () @ https://pokeapi.co/api/v2/pokemon-species/10066/:0
[  562718ms] [ERROR] Failed to load resource: the server responded with a status of 404 () @ https://pokeapi.co/api/v2/pokemon-species/10067/:0
[  562718ms] [ERROR] Failed to load resource: the server responded with a status of 404 () @ https://pokeapi.co/api/v2/pokemon-species/10068/:0
[  562718ms] [ERROR] Failed to load resource: the server responded with a status of 404 () @ https://pokeapi.co/api/v2/pokemon-species/10069/:0
[  562719ms] [ERROR] Failed to load resource: the server responded with a status of 404 () @ https://pokeapi.co/api/v2/pokemon-species/10070/:0
[  562719ms] [ERROR] Failed to load resource: the server responded with a status of 404 () @ https://pokeapi.co/api/v2/pokemon-species/10071/:0
[  562719ms] [ERROR] Failed to load resource: the server responded with a status of 404 () @ https://pokeapi.co/api/v2/pokemon-species/10072/:0
[  562719ms] [ERROR] Failed to load resource: the server responded with a status of 404 () @ https://pokeapi.co/api/v2/pokemon-species/10073/:0
[  562720ms] [ERROR] Failed to load resource: the server responded with a status of 404 () @ https://pokeapi.co/api/v2/pokemon-species/10074/:0
[  562720ms] [ERROR] Failed to load resource: the server responded with a status of 404 () @ https://pokeapi.co/api/v2/pokemon-species/10075/:0
[  562764ms] [ERROR] Failed to load resource: the server responded with a status of 404 () @ https://pokeapi.co/api/v2/pokemon-species/10076/:0
[  562764ms] [ERROR] Failed to load resource: the server responded with a status of 404 () @ https://pokeapi.co/api/v2/pokemon-species/10078/:0
[  562765ms] [ERROR] Failed to load resource: the server responded with a status of 404 () @ https://pokeapi.co/api/v2/pokemon-species/10077/:0
[  562769ms] [ERROR] Failed to load resource: the server responded with a status of 404 () @ https://pokeapi.co/api/v2/pokemon-species/10079/:0
[  562788ms] [ERROR] Failed to load resource: the server responded with a status of 404 () @ https://pokeapi.co/api/v2/pokemon-species/10080/:0
[  562788ms] [ERROR] Failed to load resource: the server responded with a status of 404 () @ https://pokeapi.co/api/v2/pokemon-species/10081/:0
[  562788ms] [ERROR] Failed to load resource: the server responded with a status of 404 () @ https://pokeapi.co/api/v2/pokemon-species/10082/:0
[  562795ms] [ERROR] Failed to load resource: the server responded with a status of 404 () @ https://pokeapi.co/api/v2/pokemon-species/10083/:0
[  562796ms] [ERROR] Failed to load resource: the server responded with a status of 404 () @ https://pokeapi.co/api/v2/pokemon-species/10084/:0
[  562796ms] [ERROR] Failed to load resource: the server responded with a status of 404 () @ https://pokeapi.co/api/v2/pokemon-species/10085/:0
[  562797ms] [ERROR] Failed to load resource: the server responded with a status of 404 () @ https://pokeapi.co/api/v2/pokemon-species/10086/:0
[  562797ms] [ERROR] Failed to load resource: the server responded with a status of 404 () @ https://pokeapi.co/api/v2/pokemon-species/10087/:0
[  562797ms] [ERROR] Failed to load resource: the server responded with a status of 404 () @ https://pokeapi.co/api/v2/pokemon-species/10088/:0
[  562797ms] [ERROR] Failed to load resource: the server responded with a status of 404 () @ https://pokeapi.co/api/v2/pokemon-species/10089/:0
[  562798ms] [ERROR] Failed to load resource: the server responded with a status of 404 () @ https://pokeapi.co/api/v2/pokemon-species/10090/:0
[  562798ms] [ERROR] Failed to load resource: the server responded with a status of 404 () @ https://pokeapi.co/api/v2/pokemon-species/10091/:0
[  562798ms] [ERROR] Failed to load resource: the server responded with a status of 404 () @ https://pokeapi.co/api/v2/pokemon-species/10092/:0
[  562799ms] [ERROR] Failed to load resource: the server responded with a status of 404 () @ https://pokeapi.co/api/v2/pokemon-species/10093/:0
[  562800ms] [ERROR] Failed to load resource: the server responded with a status of 404 () @ https://pokeapi.co/api/v2/pokemon-species/10094/:0
[  562800ms] [ERROR] Failed to load resource: the server responded with a status of 404 () @ https://pokeapi.co/api/v2/pokemon-species/10095/:0
[  562827ms] [ERROR] Failed to load resource: the server responded with a status of 404 () @ https://pokeapi.co/api/v2/pokemon-species/10096/:0
[  562837ms] [ERROR] Failed to load resource: the server responded with a status of 404 () @ https://pokeapi.co/api/v2/pokemon-species/10097/:0
[  562837ms] [ERROR] Failed to load resource: the server responded with a status of 404 () @ https://pokeapi.co/api/v2/pokemon-species/10103/:0
[  562839ms] [ERROR] Failed to load resource: the server responded with a status of 404 () @ https://pokeapi.co/api/v2/pokemon-species/10104/:0
[  562849ms] [ERROR] Failed to load resource: the server responded with a status of 404 () @ https://pokeapi.co/api/v2/pokemon-species/10098/:0
[  562850ms] [ERROR] Failed to load resource: the server responded with a status of 404 () @ https://pokeapi.co/api/v2/pokemon-species/10105/:0
[  562850ms] [ERROR] Failed to load resource: the server responded with a status of 404 () @ https://pokeapi.co/api/v2/pokemon-species/10099/:0
[  562850ms] [ERROR] Failed to load resource: the server responded with a status of 404 () @ https://pokeapi.co/api/v2/pokemon-species/10100/:0
[  562854ms] [ERROR] Failed to load resource: the server responded with a status of 404 () @ https://pokeapi.co/api/v2/pokemon-species/10101/:0
[  562854ms] [ERROR] Failed to load resource: the server responded with a status of 404 () @ https://pokeapi.co/api/v2/pokemon-species/10102/:0
[  562855ms] [ERROR] Failed to load resource: the server responded with a status of 404 () @ https://pokeapi.co/api/v2/pokemon-species/10106/:0
[  562855ms] [ERROR] Failed to load resource: the server responded with a status of 404 () @ https://pokeapi.co/api/v2/pokemon-species/10107/:0
[  562855ms] [ERROR] Failed to load resource: the server responded with a status of 404 () @ https://pokeapi.co/api/v2/pokemon-species/10108/:0
[  562855ms] [ERROR] Failed to load resource: the server responded with a status of 404 () @ https://pokeapi.co/api/v2/pokemon-species/10109/:0
[  562856ms] [ERROR] Failed to load resource: the server responded with a status of 404 () @ https://pokeapi.co/api/v2/pokemon-species/10110/:0
[  562856ms] [ERROR] Failed to load resource: the server responded with a status of 404 () @ https://pokeapi.co/api/v2/pokemon-species/10111/:0
[  562856ms] [ERROR] Failed to load resource: the server responded with a status of 404 () @ https://pokeapi.co/api/v2/pokemon-species/10112/:0
[  562856ms] [ERROR] Failed to load resource: the server responded with a status of 404 () @ https://pokeapi.co/api/v2/pokemon-species/10113/:0
[  562856ms] [ERROR] Failed to load resource: the server responded with a status of 404 () @ https://pokeapi.co/api/v2/pokemon-species/10114/:0
[  562856ms] [ERROR] Failed to load resource: the server responded with a status of 404 () @ https://pokeapi.co/api/v2/pokemon-species/10115/:0
[  562880ms] [ERROR] Failed to load resource: the server responded with a status of 404 () @ https://pokeapi.co/api/v2/pokemon-species/10116/:0
[  562889ms] [ERROR] Failed to load resource: the server responded with a status of 404 () @ https://pokeapi.co/api/v2/pokemon-species/10117/:0
[  562890ms] [ERROR] Failed to load resource: the server responded with a status of 404 () @ https://pokeapi.co/api/v2/pokemon-species/10118/:0
[  562891ms] [ERROR] Failed to load resource: the server responded with a status of 404 () @ https://pokeapi.co/api/v2/pokemon-species/10119/:0
[  562892ms] [ERROR] Failed to load resource: the server responded with a status of 404 () @ https://pokeapi.co/api/v2/pokemon-species/10120/:0
[  562894ms] [ERROR] Failed to load resource: the server responded with a status of 404 () @ https://pokeapi.co/api/v2/pokemon-species/10121/:0
[  562896ms] [ERROR] Failed to load resource: the server responded with a status of 404 () @ https://pokeapi.co/api/v2/pokemon-species/10122/:0
[  562904ms] [ERROR] Failed to load resource: the server responded with a status of 404 () @ https://pokeapi.co/api/v2/pokemon-species/10123/:0
[  562905ms] [ERROR] Failed to load resource: the server responded with a status of 404 () @ https://pokeapi.co/api/v2/pokemon-species/10124/:0
[  562905ms] [ERROR] Failed to load resource: the server responded with a status of 404 () @ https://pokeapi.co/api/v2/pokemon-species/10125/:0
[  562905ms] [ERROR] Failed to load resource: the server responded with a status of 404 () @ https://pokeapi.co/api/v2/pokemon-species/10126/:0
[  562906ms] [ERROR] Failed to load resource: the server responded with a status of 404 () @ https://pokeapi.co/api/v2/pokemon-species/10127/:0
[  562906ms] [ERROR] Failed to load resource: the server responded with a status of 404 () @ https://pokeapi.co/api/v2/pokemon-species/10128/:0
[  562906ms] [ERROR] Failed to load resource: the server responded with a status of 404 () @ https://pokeapi.co/api/v2/pokemon-species/10129/:0
[  562906ms] [ERROR] Failed to load resource: the server responded with a status of 404 () @ https://pokeapi.co/api/v2/pokemon-species/10130/:0
[  562906ms] [ERROR] Failed to load resource: the server responded with a status of 404 () @ https://pokeapi.co/api/v2/pokemon-species/10131/:0
[  562907ms] [ERROR] Failed to load resource: the server responded with a status of 404 () @ https://pokeapi.co/api/v2/pokemon-species/10132/:0
[  562907ms] [ERROR] Failed to load resource: the server responded with a status of 404 () @ https://pokeapi.co/api/v2/pokemon-species/10133/:0
[  562907ms] [ERROR] Failed to load resource: the server responded with a status of 404 () @ https://pokeapi.co/api/v2/pokemon-species/10134/:0
[  562907ms] [ERROR] Failed to load resource: the server responded with a status of 404 () @ https://pokeapi.co/api/v2/pokemon-species/10135/:0
[  562950ms] [ERROR] Failed to load resource: the server responded with a status of 404 () @ https://pokeapi.co/api/v2/pokemon-species/10138/:0
[  562950ms] [ERROR] Failed to load resource: the server responded with a status of 404 () @ https://pokeapi.co/api/v2/pokemon-species/10139/:0
[  562951ms] [ERROR] Failed to load resource: the server responded with a status of 404 () @ https://pokeapi.co/api/v2/pokemon-species/10140/:0
[  562953ms] [ERROR] Failed to load resource: the server responded with a status of 404 () @ https://pokeapi.co/api/v2/pokemon-species/10136/:0
[  562953ms] [ERROR] Failed to load resource: the server responded with a status of 404 () @ https://pokeapi.co/api/v2/pokemon-species/10137/:0
[  562954ms] [ERROR] Failed to load resource: the server responded with a status of 404 () @ https://pokeapi.co/api/v2/pokemon-species/10141/:0
[  562958ms] [ERROR] Failed to load resource: the server responded with a status of 404 () @ https://pokeapi.co/api/v2/pokemon-species/10142/:0
[  562962ms] [ERROR] Failed to load resource: the server responded with a status of 404 () @ https://pokeapi.co/api/v2/pokemon-species/10143/:0
[  562964ms] [ERROR] Failed to load resource: the server responded with a status of 404 () @ https://pokeapi.co/api/v2/pokemon-species/10144/:0
[  562964ms] [ERROR] Failed to load resource: the server responded with a status of 404 () @ https://pokeapi.co/api/v2/pokemon-species/10145/:0
[  562964ms] [ERROR] Failed to load resource: the server responded with a status of 404 () @ https://pokeapi.co/api/v2/pokemon-species/10146/:0
[  562965ms] [ERROR] Failed to load resource: the server responded with a status of 404 () @ https://pokeapi.co/api/v2/pokemon-species/10147/:0
[  562965ms] [ERROR] Failed to load resource: the server responded with a status of 404 () @ https://pokeapi.co/api/v2/pokemon-species/10148/:0
[  562965ms] [ERROR] Failed to load resource: the server responded with a status of 404 () @ https://pokeapi.co/api/v2/pokemon-species/10149/:0
[  562965ms] [ERROR] Failed to load resource: the server responded with a status of 404 () @ https://pokeapi.co/api/v2/pokemon-species/10150/:0
[  562965ms] [ERROR] Failed to load resource: the server responded with a status of 404 () @ https://pokeapi.co/api/v2/pokemon-species/10151/:0
[  562965ms] [ERROR] Failed to load resource: the server responded with a status of 404 () @ https://pokeapi.co/api/v2/pokemon-species/10152/:0
[  562966ms] [ERROR] Failed to load resource: the server responded with a status of 404 () @ https://pokeapi.co/api/v2/pokemon-species/10153/:0
[  562966ms] [ERROR] Failed to load resource: the server responded with a status of 404 () @ https://pokeapi.co/api/v2/pokemon-species/10154/:0
[  562966ms] [ERROR] Failed to load resource: the server responded with a status of 404 () @ https://pokeapi.co/api/v2/pokemon-species/10155/:0
[  562990ms] [ERROR] Failed to load resource: the server responded with a status of 404 () @ https://pokeapi.co/api/v2/pokemon-species/10156/:0
[  562998ms] [ERROR] Failed to load resource: the server responded with a status of 404 () @ https://pokeapi.co/api/v2/pokemon-species/10157/:0
[  562998ms] [ERROR] Failed to load resource: the server responded with a status of 404 () @ https://pokeapi.co/api/v2/pokemon-species/10158/:0
[  562998ms] [ERROR] Failed to load resource: the server responded with a status of 404 () @ https://pokeapi.co/api/v2/pokemon-species/10159/:0
[  562999ms] [ERROR] Failed to load resource: the server responded with a status of 404 () @ https://pokeapi.co/api/v2/pokemon-species/10160/:0
[  563000ms] [ERROR] Failed to load resource: the server responded with a status of 404 () @ https://pokeapi.co/api/v2/pokemon-species/10161/:0
[  563001ms] [ERROR] Failed to load resource: the server responded with a status of 404 () @ https://pokeapi.co/api/v2/pokemon-species/10162/:0
[  563007ms] [ERROR] Failed to load resource: the server responded with a status of 404 () @ https://pokeapi.co/api/v2/pokemon-species/10163/:0
[  563008ms] [ERROR] Failed to load resource: the server responded with a status of 404 () @ https://pokeapi.co/api/v2/pokemon-species/10164/:0
[  563008ms] [ERROR] Failed to load resource: the server responded with a status of 404 () @ https://pokeapi.co/api/v2/pokemon-species/10165/:0
[  563009ms] [ERROR] Failed to load resource: the server responded with a status of 404 () @ https://pokeapi.co/api/v2/pokemon-species/10166/:0
[  563009ms] [ERROR] Failed to load resource: the server responded with a status of 404 () @ https://pokeapi.co/api/v2/pokemon-species/10167/:0
[  563009ms] [ERROR] Failed to load resource: the server responded with a status of 404 () @ https://pokeapi.co/api/v2/pokemon-species/10168/:0
[  563009ms] [ERROR] Failed to load resource: the server responded with a status of 404 () @ https://pokeapi.co/api/v2/pokemon-species/10169/:0
[  563009ms] [ERROR] Failed to load resource: the server responded with a status of 404 () @ https://pokeapi.co/api/v2/pokemon-species/10170/:0
[  563010ms] [ERROR] Failed to load resource: the server responded with a status of 404 () @ https://pokeapi.co/api/v2/pokemon-species/10171/:0
[  563010ms] [ERROR] Failed to load resource: the server responded with a status of 404 () @ https://pokeapi.co/api/v2/pokemon-species/10172/:0
[  563010ms] [ERROR] Failed to load resource: the server responded with a status of 404 () @ https://pokeapi.co/api/v2/pokemon-species/10173/:0
[  563010ms] [ERROR] Failed to load resource: the server responded with a status of 404 () @ https://pokeapi.co/api/v2/pokemon-species/10174/:0
[  563010ms] [ERROR] Failed to load resource: the server responded with a status of 404 () @ https://pokeapi.co/api/v2/pokemon-species/10175/:0
[  563037ms] [ERROR] Failed to load resource: the server responded with a status of 404 () @ https://pokeapi.co/api/v2/pokemon-species/10176/:0
[  563045ms] [ERROR] Failed to load resource: the server responded with a status of 404 () @ https://pokeapi.co/api/v2/pokemon-species/10180/:0
[  563046ms] [ERROR] Failed to load resource: the server responded with a status of 404 () @ https://pokeapi.co/api/v2/pokemon-species/10177/:0
[  563047ms] [ERROR] Failed to load resource: the server responded with a status of 404 () @ https://pokeapi.co/api/v2/pokemon-species/10181/:0
[  563048ms] [ERROR] Failed to load resource: the server responded with a status of 404 () @ https://pokeapi.co/api/v2/pokemon-species/10182/:0
[  563048ms] [ERROR] Failed to load resource: the server responded with a status of 404 () @ https://pokeapi.co/api/v2/pokemon-species/10178/:0
[  563048ms] [ERROR] Failed to load resource: the server responded with a status of 404 () @ https://pokeapi.co/api/v2/pokemon-species/10179/:0
[  563049ms] [ERROR] Failed to load resource: the server responded with a status of 404 () @ https://pokeapi.co/api/v2/pokemon-species/10183/:0
[  563049ms] [ERROR] Failed to load resource: the server responded with a status of 404 () @ https://pokeapi.co/api/v2/pokemon-species/10184/:0
[  563051ms] [ERROR] Failed to load resource: the server responded with a status of 404 () @ https://pokeapi.co/api/v2/pokemon-species/10185/:0
[  563054ms] [ERROR] Failed to load resource: the server responded with a status of 404 () @ https://pokeapi.co/api/v2/pokemon-species/10186/:0
[  563054ms] [ERROR] Failed to load resource: the server responded with a status of 404 () @ https://pokeapi.co/api/v2/pokemon-species/10187/:0
[  563054ms] [ERROR] Failed to load resource: the server responded with a status of 404 () @ https://pokeapi.co/api/v2/pokemon-species/10188/:0
[  563055ms] [ERROR] Failed to load resource: the server responded with a status of 404 () @ https://pokeapi.co/api/v2/pokemon-species/10189/:0
[  563055ms] [ERROR] Failed to load resource: the server responded with a status of 404 () @ https://pokeapi.co/api/v2/pokemon-species/10190/:0
[  563055ms] [ERROR] Failed to load resource: the server responded with a status of 404 () @ https://pokeapi.co/api/v2/pokemon-species/10191/:0
[  563055ms] [ERROR] Failed to load resource: the server responded with a status of 404 () @ https://pokeapi.co/api/v2/pokemon-species/10192/:0
[  563056ms] [ERROR] Failed to load resource: the server responded with a status of 404 () @ https://pokeapi.co/api/v2/pokemon-species/10193/:0
[  563056ms] [ERROR] Failed to load resource: the server responded with a status of 404 () @ https://pokeapi.co/api/v2/pokemon-species/10194/:0
[  563056ms] [ERROR] Failed to load resource: the server responded with a status of 404 () @ https://pokeapi.co/api/v2/pokemon-species/10195/:0
[  563086ms] [ERROR] Failed to load resource: the server responded with a status of 404 () @ https://pokeapi.co/api/v2/pokemon-species/10196/:0
[  563086ms] [ERROR] Failed to load resource: the server responded with a status of 404 () @ https://pokeapi.co/api/v2/pokemon-species/10197/:0
[  563092ms] [ERROR] Failed to load resource: the server responded with a status of 404 () @ https://pokeapi.co/api/v2/pokemon-species/10211/:0
[  563093ms] [ERROR] Failed to load resource: the server responded with a status of 404 () @ https://pokeapi.co/api/v2/pokemon-species/10198/:0
[  563099ms] [ERROR] Failed to load resource: the server responded with a status of 404 () @ https://pokeapi.co/api/v2/pokemon-species/10199/:0
[  563101ms] [ERROR] Failed to load resource: the server responded with a status of 404 () @ https://pokeapi.co/api/v2/pokemon-species/10200/:0
[  563101ms] [ERROR] Failed to load resource: the server responded with a status of 404 () @ https://pokeapi.co/api/v2/pokemon-species/10201/:0
[  563101ms] [ERROR] Failed to load resource: the server responded with a status of 404 () @ https://pokeapi.co/api/v2/pokemon-species/10202/:0
[  563102ms] [ERROR] Failed to load resource: the server responded with a status of 404 () @ https://pokeapi.co/api/v2/pokemon-species/10203/:0
[  563102ms] [ERROR] Failed to load resource: the server responded with a status of 404 () @ https://pokeapi.co/api/v2/pokemon-species/10204/:0
[  563103ms] [ERROR] Failed to load resource: the server responded with a status of 404 () @ https://pokeapi.co/api/v2/pokemon-species/10205/:0
[  563103ms] [ERROR] Failed to load resource: the server responded with a status of 404 () @ https://pokeapi.co/api/v2/pokemon-species/10206/:0
[  563103ms] [ERROR] Failed to load resource: the server responded with a status of 404 () @ https://pokeapi.co/api/v2/pokemon-species/10207/:0
[  563103ms] [ERROR] Failed to load resource: the server responded with a status of 404 () @ https://pokeapi.co/api/v2/pokemon-species/10208/:0
[  563103ms] [ERROR] Failed to load resource: the server responded with a status of 404 () @ https://pokeapi.co/api/v2/pokemon-species/10212/:0
[  563104ms] [ERROR] Failed to load resource: the server responded with a status of 404 () @ https://pokeapi.co/api/v2/pokemon-species/10209/:0
[  563104ms] [ERROR] Failed to load resource: the server responded with a status of 404 () @ https://pokeapi.co/api/v2/pokemon-species/10210/:0
[  563104ms] [ERROR] Failed to load resource: the server responded with a status of 404 () @ https://pokeapi.co/api/v2/pokemon-species/10213/:0
[  563104ms] [ERROR] Failed to load resource: the server responded with a status of 404 () @ https://pokeapi.co/api/v2/pokemon-species/10214/:0
[  563105ms] [ERROR] Failed to load resource: the server responded with a status of 404 () @ https://pokeapi.co/api/v2/pokemon-species/10215/:0
[  563134ms] [ERROR] Failed to load resource: the server responded with a status of 404 () @ https://pokeapi.co/api/v2/pokemon-species/10216/:0
[  563137ms] [ERROR] Failed to load resource: the server responded with a status of 404 () @ https://pokeapi.co/api/v2/pokemon-species/10217/:0
[  563141ms] [ERROR] Failed to load resource: the server responded with a status of 404 () @ https://pokeapi.co/api/v2/pokemon-species/10218/:0
[  563143ms] [ERROR] Failed to load resource: the server responded with a status of 404 () @ https://pokeapi.co/api/v2/pokemon-species/10219/:0
[  563143ms] [ERROR] Failed to load resource: the server responded with a status of 404 () @ https://pokeapi.co/api/v2/pokemon-species/10220/:0
[  563144ms] [ERROR] Failed to load resource: the server responded with a status of 404 () @ https://pokeapi.co/api/v2/pokemon-species/10221/:0
[  563145ms] [ERROR] Failed to load resource: the server responded with a status of 404 () @ https://pokeapi.co/api/v2/pokemon-species/10222/:0
[  563152ms] [ERROR] Failed to load resource: the server responded with a status of 404 () @ https://pokeapi.co/api/v2/pokemon-species/10223/:0
[  563152ms] [ERROR] Failed to load resource: the server responded with a status of 404 () @ https://pokeapi.co/api/v2/pokemon-species/10224/:0
[  563153ms] [ERROR] Failed to load resource: the server responded with a status of 404 () @ https://pokeapi.co/api/v2/pokemon-species/10225/:0
[  563154ms] [ERROR] Failed to load resource: the server responded with a status of 404 () @ https://pokeapi.co/api/v2/pokemon-species/10226/:0
[  563154ms] [ERROR] Failed to load resource: the server responded with a status of 404 () @ https://pokeapi.co/api/v2/pokemon-species/10227/:0
[  563154ms] [ERROR] Failed to load resource: the server responded with a status of 404 () @ https://pokeapi.co/api/v2/pokemon-species/10228/:0
[  563154ms] [ERROR] Failed to load resource: the server responded with a status of 404 () @ https://pokeapi.co/api/v2/pokemon-species/10229/:0
[  563155ms] [ERROR] Failed to load resource: the server responded with a status of 404 () @ https://pokeapi.co/api/v2/pokemon-species/10230/:0
[  563155ms] [ERROR] Failed to load resource: the server responded with a status of 404 () @ https://pokeapi.co/api/v2/pokemon-species/10231/:0
[  563155ms] [ERROR] Failed to load resource: the server responded with a status of 404 () @ https://pokeapi.co/api/v2/pokemon-species/10232/:0
[  563155ms] [ERROR] Failed to load resource: the server responded with a status of 404 () @ https://pokeapi.co/api/v2/pokemon-species/10233/:0
[  563156ms] [ERROR] Failed to load resource: the server responded with a status of 404 () @ https://pokeapi.co/api/v2/pokemon-species/10234/:0
[  563156ms] [ERROR] Failed to load resource: the server responded with a status of 404 () @ https://pokeapi.co/api/v2/pokemon-species/10235/:0
[  563195ms] [ERROR] Failed to load resource: the server responded with a status of 404 () @ https://pokeapi.co/api/v2/pokemon-species/10236/:0
[  563199ms] [ERROR] Failed to load resource: the server responded with a status of 404 () @ https://pokeapi.co/api/v2/pokemon-species/10237/:0
[  563206ms] [ERROR] Failed to load resource: the server responded with a status of 404 () @ https://pokeapi.co/api/v2/pokemon-species/10238/:0
[  563209ms] [ERROR] Failed to load resource: the server responded with a status of 404 () @ https://pokeapi.co/api/v2/pokemon-species/10239/:0
[  563210ms] [ERROR] Failed to load resource: the server responded with a status of 404 () @ https://pokeapi.co/api/v2/pokemon-species/10240/:0
[  563210ms] [ERROR] Failed to load resource: the server responded with a status of 404 () @ https://pokeapi.co/api/v2/pokemon-species/10241/:0
[  563210ms] [ERROR] Failed to load resource: the server responded with a status of 404 () @ https://pokeapi.co/api/v2/pokemon-species/10242/:0
[  563210ms] [ERROR] Failed to load resource: the server responded with a status of 404 () @ https://pokeapi.co/api/v2/pokemon-species/10243/:0
[  563211ms] [ERROR] Failed to load resource: the server responded with a status of 404 () @ https://pokeapi.co/api/v2/pokemon-species/10244/:0
[  563211ms] [ERROR] Failed to load resource: the server responded with a status of 404 () @ https://pokeapi.co/api/v2/pokemon-species/10245/:0
[  563211ms] [ERROR] Failed to load resource: the server responded with a status of 404 () @ https://pokeapi.co/api/v2/pokemon-species/10246/:0
[  563212ms] [ERROR] Failed to load resource: the server responded with a status of 404 () @ https://pokeapi.co/api/v2/pokemon-species/10247/:0
[  563213ms] [ERROR] Failed to load resource: the server responded with a status of 404 () @ https://pokeapi.co/api/v2/pokemon-species/10248/:0
[  563214ms] [ERROR] Failed to load resource: the server responded with a status of 404 () @ https://pokeapi.co/api/v2/pokemon-species/10249/:0
[  563214ms] [ERROR] Failed to load resource: the server responded with a status of 404 () @ https://pokeapi.co/api/v2/pokemon-species/10250/:0
[  563214ms] [ERROR] Failed to load resource: the server responded with a status of 404 () @ https://pokeapi.co/api/v2/pokemon-species/10251/:0
[  563214ms] [ERROR] Failed to load resource: the server responded with a status of 404 () @ https://pokeapi.co/api/v2/pokemon-species/10252/:0
[  563214ms] [ERROR] Failed to load resource: the server responded with a status of 404 () @ https://pokeapi.co/api/v2/pokemon-species/10253/:0
[  563214ms] [ERROR] Failed to load resource: the server responded with a status of 404 () @ https://pokeapi.co/api/v2/pokemon-species/10254/:0
[  563215ms] [ERROR] Failed to load resource: the server responded with a status of 404 () @ https://pokeapi.co/api/v2/pokemon-species/10255/:0
[  563245ms] [ERROR] Failed to load resource: the server responded with a status of 404 () @ https://pokeapi.co/api/v2/pokemon-species/10256/:0
[  563254ms] [ERROR] Failed to load resource: the server responded with a status of 404 () @ https://pokeapi.co/api/v2/pokemon-species/10257/:0
[  563254ms] [ERROR] Failed to load resource: the server responded with a status of 404 () @ https://pokeapi.co/api/v2/pokemon-species/10258/:0
[  563256ms] [ERROR] Failed to load resource: the server responded with a status of 404 () @ https://pokeapi.co/api/v2/pokemon-species/10259/:0
[  563259ms] [ERROR] Failed to load resource: the server responded with a status of 404 () @ https://pokeapi.co/api/v2/pokemon-species/10260/:0
[  563264ms] [ERROR] Failed to load resource: the server responded with a status of 404 () @ https://pokeapi.co/api/v2/pokemon-species/10261/:0
[  563265ms] [ERROR] Failed to load resource: the server responded with a status of 404 () @ https://pokeapi.co/api/v2/pokemon-species/10262/:0
[  563265ms] [ERROR] Failed to load resource: the server responded with a status of 404 () @ https://pokeapi.co/api/v2/pokemon-species/10263/:0
[  563265ms] [ERROR] Failed to load resource: the server responded with a status of 404 () @ https://pokeapi.co/api/v2/pokemon-species/10264/:0
[  563266ms] [ERROR] Failed to load resource: the server responded with a status of 404 () @ https://pokeapi.co/api/v2/pokemon-species/10265/:0
[  563266ms] [ERROR] Failed to load resource: the server responded with a status of 404 () @ https://pokeapi.co/api/v2/pokemon-species/10266/:0
[  563266ms] [ERROR] Failed to load resource: the server responded with a status of 404 () @ https://pokeapi.co/api/v2/pokemon-species/10267/:0
[  563267ms] [ERROR] Failed to load resource: the server responded with a status of 404 () @ https://pokeapi.co/api/v2/pokemon-species/10268/:0
[  563268ms] [ERROR] Failed to load resource: the server responded with a status of 404 () @ https://pokeapi.co/api/v2/pokemon-species/10269/:0
[  563268ms] [ERROR] Failed to load resource: the server responded with a status of 404 () @ https://pokeapi.co/api/v2/pokemon-species/10270/:0
[  563268ms] [ERROR] Failed to load resource: the server responded with a status of 404 () @ https://pokeapi.co/api/v2/pokemon-species/10271/:0
[  563269ms] [ERROR] Failed to load resource: the server responded with a status of 404 () @ https://pokeapi.co/api/v2/pokemon-species/10272/:0
[  563269ms] [ERROR] Failed to load resource: the server responded with a status of 404 () @ https://pokeapi.co/api/v2/pokemon-species/10273/:0
[  563269ms] [ERROR] Failed to load resource: the server responded with a status of 404 () @ https://pokeapi.co/api/v2/pokemon-species/10274/:0
[  563269ms] [ERROR] Failed to load resource: the server responded with a status of 404 () @ https://pokeapi.co/api/v2/pokemon-species/10275/:0
[  563308ms] [ERROR] Failed to load resource: the server responded with a status of 404 () @ https://pokeapi.co/api/v2/pokemon-species/10276/:0
[  563312ms] [ERROR] Failed to load resource: the server responded with a status of 404 () @ https://pokeapi.co/api/v2/pokemon-species/10278/:0
[  563316ms] [ERROR] Failed to load resource: the server responded with a status of 404 () @ https://pokeapi.co/api/v2/pokemon-species/10279/:0
[  563316ms] [ERROR] Failed to load resource: the server responded with a status of 404 () @ https://pokeapi.co/api/v2/pokemon-species/10277/:0
[  563316ms] [ERROR] Failed to load resource: the server responded with a status of 404 () @ https://pokeapi.co/api/v2/pokemon-species/10280/:0
[  563316ms] [ERROR] Failed to load resource: the server responded with a status of 404 () @ https://pokeapi.co/api/v2/pokemon-species/10281/:0
[  563316ms] [ERROR] Failed to load resource: the server responded with a status of 404 () @ https://pokeapi.co/api/v2/pokemon-species/10282/:0
[  563316ms] [ERROR] Failed to load resource: the server responded with a status of 404 () @ https://pokeapi.co/api/v2/pokemon-species/10283/:0
[  563317ms] [ERROR] Failed to load resource: the server responded with a status of 404 () @ https://pokeapi.co/api/v2/pokemon-species/10284/:0
[  563317ms] [ERROR] Failed to load resource: the server responded with a status of 404 () @ https://pokeapi.co/api/v2/pokemon-species/10285/:0
[  563317ms] [ERROR] Failed to load resource: the server responded with a status of 404 () @ https://pokeapi.co/api/v2/pokemon-species/10286/:0
[  563317ms] [ERROR] Failed to load resource: the server responded with a status of 404 () @ https://pokeapi.co/api/v2/pokemon-species/10287/:0
[  563317ms] [ERROR] Failed to load resource: the server responded with a status of 404 () @ https://pokeapi.co/api/v2/pokemon-species/10288/:0
[  563318ms] [ERROR] Failed to load resource: the server responded with a status of 404 () @ https://pokeapi.co/api/v2/pokemon-species/10289/:0
[  563318ms] [ERROR] Failed to load resource: the server responded with a status of 404 () @ https://pokeapi.co/api/v2/pokemon-species/10290/:0
[  563319ms] [ERROR] Failed to load resource: the server responded with a status of 404 () @ https://pokeapi.co/api/v2/pokemon-species/10291/:0
[  563319ms] [ERROR] Failed to load resource: the server responded with a status of 404 () @ https://pokeapi.co/api/v2/pokemon-species/10292/:0
[  563319ms] [ERROR] Failed to load resource: the server responded with a status of 404 () @ https://pokeapi.co/api/v2/pokemon-species/10293/:0
[  563319ms] [ERROR] Failed to load resource: the server responded with a status of 404 () @ https://pokeapi.co/api/v2/pokemon-species/10294/:0
[  563320ms] [ERROR] Failed to load resource: the server responded with a status of 404 () @ https://pokeapi.co/api/v2/pokemon-species/10295/:0
[  563347ms] [ERROR] Failed to load resource: the server responded with a status of 404 () @ https://pokeapi.co/api/v2/pokemon-species/10299/:0
[  563349ms] [ERROR] Failed to load resource: the server responded with a status of 404 () @ https://pokeapi.co/api/v2/pokemon-species/10296/:0
[  563355ms] [ERROR] Failed to load resource: the server responded with a status of 404 () @ https://pokeapi.co/api/v2/pokemon-species/10297/:0
[  563357ms] [ERROR] Failed to load resource: the server responded with a status of 404 () @ https://pokeapi.co/api/v2/pokemon-species/10298/:0
[  563361ms] [ERROR] Failed to load resource: the server responded with a status of 404 () @ https://pokeapi.co/api/v2/pokemon-species/10300/:0
[  563363ms] [ERROR] Failed to load resource: the server responded with a status of 404 () @ https://pokeapi.co/api/v2/pokemon-species/10301/:0
[  563363ms] [ERROR] Failed to load resource: the server responded with a status of 404 () @ https://pokeapi.co/api/v2/pokemon-species/10302/:0
[  563363ms] [ERROR] Failed to load resource: the server responded with a status of 404 () @ https://pokeapi.co/api/v2/pokemon-species/10303/:0
[  563364ms] [ERROR] Failed to load resource: the server responded with a status of 404 () @ https://pokeapi.co/api/v2/pokemon-species/10304/:0
[  563364ms] [ERROR] Failed to load resource: the server responded with a status of 404 () @ https://pokeapi.co/api/v2/pokemon-species/10305/:0
[  563364ms] [ERROR] Failed to load resource: the server responded with a status of 404 () @ https://pokeapi.co/api/v2/pokemon-species/10306/:0
[  563364ms] [ERROR] Failed to load resource: the server responded with a status of 404 () @ https://pokeapi.co/api/v2/pokemon-species/10307/:0
[  563364ms] [ERROR] Failed to load resource: the server responded with a status of 404 () @ https://pokeapi.co/api/v2/pokemon-species/10308/:0
[  563364ms] [ERROR] Failed to load resource: the server responded with a status of 404 () @ https://pokeapi.co/api/v2/pokemon-species/10309/:0
[  563365ms] [ERROR] Failed to load resource: the server responded with a status of 404 () @ https://pokeapi.co/api/v2/pokemon-species/10310/:0
[  563365ms] [ERROR] Failed to load resource: the server responded with a status of 404 () @ https://pokeapi.co/api/v2/pokemon-species/10311/:0
[  563365ms] [ERROR] Failed to load resource: the server responded with a status of 404 () @ https://pokeapi.co/api/v2/pokemon-species/10312/:0
[  563366ms] [ERROR] Failed to load resource: the server responded with a status of 404 () @ https://pokeapi.co/api/v2/pokemon-species/10313/:0
[  563367ms] [ERROR] Failed to load resource: the server responded with a status of 404 () @ https://pokeapi.co/api/v2/pokemon-species/10314/:0
[  563367ms] [ERROR] Failed to load resource: the server responded with a status of 404 () @ https://pokeapi.co/api/v2/pokemon-species/10315/:0
[  563391ms] [ERROR] Failed to load resource: the server responded with a status of 404 () @ https://pokeapi.co/api/v2/pokemon-species/10316/:0
[  563397ms] [ERROR] Failed to load resource: the server responded with a status of 404 () @ https://pokeapi.co/api/v2/pokemon-species/10317/:0
[  563402ms] [ERROR] Failed to load resource: the server responded with a status of 404 () @ https://pokeapi.co/api/v2/pokemon-species/10318/:0
[  563402ms] [ERROR] Failed to load resource: the server responded with a status of 404 () @ https://pokeapi.co/api/v2/pokemon-species/10319/:0
[  563402ms] [ERROR] Failed to load resource: the server responded with a status of 404 () @ https://pokeapi.co/api/v2/pokemon-species/10320/:0
[  563402ms] [ERROR] Failed to load resource: the server responded with a status of 404 () @ https://pokeapi.co/api/v2/pokemon-species/10321/:0
[  563403ms] [ERROR] Failed to load resource: the server responded with a status of 404 () @ https://pokeapi.co/api/v2/pokemon-species/10322/:0
[  563405ms] [ERROR] Failed to load resource: the server responded with a status of 404 () @ https://pokeapi.co/api/v2/pokemon-species/10323/:0
[  563405ms] [ERROR] Failed to load resource: the server responded with a status of 404 () @ https://pokeapi.co/api/v2/pokemon-species/10324/:0
[  563405ms] [ERROR] Failed to load resource: the server responded with a status of 404 () @ https://pokeapi.co/api/v2/pokemon-species/10325/:0
[  573415ms] [ERROR] Failed to load resource: the server responded with a status of 404 () @ https://pokeapi.co/api/v2/pokemon-species/10001/:0
[  573418ms] [ERROR] Failed to load resource: the server responded with a status of 404 () @ https://pokeapi.co/api/v2/pokemon-species/10002/:0
[  573419ms] [ERROR] Failed to load resource: the server responded with a status of 404 () @ https://pokeapi.co/api/v2/pokemon-species/10003/:0
[  573419ms] [ERROR] Failed to load resource: the server responded with a status of 404 () @ https://pokeapi.co/api/v2/pokemon-species/10004/:0
[  573419ms] [ERROR] Failed to load resource: the server responded with a status of 404 () @ https://pokeapi.co/api/v2/pokemon-species/10005/:0
[  573420ms] [ERROR] Failed to load resource: the server responded with a status of 404 () @ https://pokeapi.co/api/v2/pokemon-species/10006/:0
[  573420ms] [ERROR] Failed to load resource: the server responded with a status of 404 () @ https://pokeapi.co/api/v2/pokemon-species/10007/:0
[  573420ms] [ERROR] Failed to load resource: the server responded with a status of 404 () @ https://pokeapi.co/api/v2/pokemon-species/10008/:0
[  573420ms] [ERROR] Failed to load resource: the server responded with a status of 404 () @ https://pokeapi.co/api/v2/pokemon-species/10009/:0
[  573421ms] [ERROR] Failed to load resource: the server responded with a status of 404 () @ https://pokeapi.co/api/v2/pokemon-species/10010/:0
[  573421ms] [ERROR] Failed to load resource: the server responded with a status of 404 () @ https://pokeapi.co/api/v2/pokemon-species/10011/:0
[  573421ms] [ERROR] Failed to load resource: the server responded with a status of 404 () @ https://pokeapi.co/api/v2/pokemon-species/10012/:0
[  573421ms] [ERROR] Failed to load resource: the server responded with a status of 404 () @ https://pokeapi.co/api/v2/pokemon-species/10013/:0
[  573421ms] [ERROR] Failed to load resource: the server responded with a status of 404 () @ https://pokeapi.co/api/v2/pokemon-species/10014/:0
[  573421ms] [ERROR] Failed to load resource: the server responded with a status of 404 () @ https://pokeapi.co/api/v2/pokemon-species/10015/:0
[  573448ms] [ERROR] Failed to load resource: the server responded with a status of 404 () @ https://pokeapi.co/api/v2/pokemon-species/10016/:0
[  573459ms] [ERROR] Failed to load resource: the server responded with a status of 404 () @ https://pokeapi.co/api/v2/pokemon-species/10018/:0
[  573460ms] [ERROR] Failed to load resource: the server responded with a status of 404 () @ https://pokeapi.co/api/v2/pokemon-species/10017/:0
[  573462ms] [ERROR] Failed to load resource: the server responded with a status of 404 () @ https://pokeapi.co/api/v2/pokemon-species/10019/:0
[  573465ms] [ERROR] Failed to load resource: the server responded with a status of 404 () @ https://pokeapi.co/api/v2/pokemon-species/10020/:0
[  573465ms] [ERROR] Failed to load resource: the server responded with a status of 404 () @ https://pokeapi.co/api/v2/pokemon-species/10021/:0
[  573465ms] [ERROR] Failed to load resource: the server responded with a status of 404 () @ https://pokeapi.co/api/v2/pokemon-species/10022/:0
[  573465ms] [ERROR] Failed to load resource: the server responded with a status of 404 () @ https://pokeapi.co/api/v2/pokemon-species/10023/:0
[  573465ms] [ERROR] Failed to load resource: the server responded with a status of 404 () @ https://pokeapi.co/api/v2/pokemon-species/10024/:0
[  573466ms] [ERROR] Failed to load resource: the server responded with a status of 404 () @ https://pokeapi.co/api/v2/pokemon-species/10025/:0
[  573466ms] [ERROR] Failed to load resource: the server responded with a status of 404 () @ https://pokeapi.co/api/v2/pokemon-species/10026/:0
[  573466ms] [ERROR] Failed to load resource: the server responded with a status of 404 () @ https://pokeapi.co/api/v2/pokemon-species/10027/:0
[  573466ms] [ERROR] Failed to load resource: the server responded with a status of 404 () @ https://pokeapi.co/api/v2/pokemon-species/10028/:0
[  573467ms] [ERROR] Failed to load resource: the server responded with a status of 404 () @ https://pokeapi.co/api/v2/pokemon-species/10029/:0
[  573467ms] [ERROR] Failed to load resource: the server responded with a status of 404 () @ https://pokeapi.co/api/v2/pokemon-species/10030/:0
[  573467ms] [ERROR] Failed to load resource: the server responded with a status of 404 () @ https://pokeapi.co/api/v2/pokemon-species/10031/:0
[  573467ms] [ERROR] Failed to load resource: the server responded with a status of 404 () @ https://pokeapi.co/api/v2/pokemon-species/10032/:0
[  573467ms] [ERROR] Failed to load resource: the server responded with a status of 404 () @ https://pokeapi.co/api/v2/pokemon-species/10033/:0
[  573467ms] [ERROR] Failed to load resource: the server responded with a status of 404 () @ https://pokeapi.co/api/v2/pokemon-species/10034/:0
[  573468ms] [ERROR] Failed to load resource: the server responded with a status of 404 () @ https://pokeapi.co/api/v2/pokemon-species/10035/:0
[  573491ms] [ERROR] Failed to load resource: the server responded with a status of 404 () @ https://pokeapi.co/api/v2/pokemon-species/10036/:0
[  573500ms] [ERROR] Failed to load resource: the server responded with a status of 404 () @ https://pokeapi.co/api/v2/pokemon-species/10038/:0
[  573501ms] [ERROR] Failed to load resource: the server responded with a status of 404 () @ https://pokeapi.co/api/v2/pokemon-species/10037/:0
[  573501ms] [ERROR] Failed to load resource: the server responded with a status of 404 () @ https://pokeapi.co/api/v2/pokemon-species/10039/:0
[  573502ms] [ERROR] Failed to load resource: the server responded with a status of 404 () @ https://pokeapi.co/api/v2/pokemon-species/10040/:0
[  573503ms] [ERROR] Failed to load resource: the server responded with a status of 404 () @ https://pokeapi.co/api/v2/pokemon-species/10041/:0
[  573503ms] [ERROR] Failed to load resource: the server responded with a status of 404 () @ https://pokeapi.co/api/v2/pokemon-species/10042/:0
[  573504ms] [ERROR] Failed to load resource: the server responded with a status of 404 () @ https://pokeapi.co/api/v2/pokemon-species/10043/:0
[  573505ms] [ERROR] Failed to load resource: the server responded with a status of 404 () @ https://pokeapi.co/api/v2/pokemon-species/10044/:0
[  573505ms] [ERROR] Failed to load resource: the server responded with a status of 404 () @ https://pokeapi.co/api/v2/pokemon-species/10045/:0
[  573505ms] [ERROR] Failed to load resource: the server responded with a status of 404 () @ https://pokeapi.co/api/v2/pokemon-species/10046/:0
[  573505ms] [ERROR] Failed to load resource: the server responded with a status of 404 () @ https://pokeapi.co/api/v2/pokemon-species/10047/:0
[  573506ms] [ERROR] Failed to load resource: the server responded with a status of 404 () @ https://pokeapi.co/api/v2/pokemon-species/10048/:0
[  573506ms] [ERROR] Failed to load resource: the server responded with a status of 404 () @ https://pokeapi.co/api/v2/pokemon-species/10049/:0
[  573506ms] [ERROR] Failed to load resource: the server responded with a status of 404 () @ https://pokeapi.co/api/v2/pokemon-species/10050/:0
[  573506ms] [ERROR] Failed to load resource: the server responded with a status of 404 () @ https://pokeapi.co/api/v2/pokemon-species/10051/:0
[  573506ms] [ERROR] Failed to load resource: the server responded with a status of 404 () @ https://pokeapi.co/api/v2/pokemon-species/10052/:0
[  573507ms] [ERROR] Failed to load resource: the server responded with a status of 404 () @ https://pokeapi.co/api/v2/pokemon-species/10053/:0
[  573507ms] [ERROR] Failed to load resource: the server responded with a status of 404 () @ https://pokeapi.co/api/v2/pokemon-species/10054/:0
[  573507ms] [ERROR] Failed to load resource: the server responded with a status of 404 () @ https://pokeapi.co/api/v2/pokemon-species/10055/:0
[  573529ms] [ERROR] Failed to load resource: the server responded with a status of 404 () @ https://pokeapi.co/api/v2/pokemon-species/10056/:0
[  573537ms] [ERROR] Failed to load resource: the server responded with a status of 404 () @ https://pokeapi.co/api/v2/pokemon-species/10057/:0
[  573539ms] [ERROR] Failed to load resource: the server responded with a status of 404 () @ https://pokeapi.co/api/v2/pokemon-species/10059/:0
[  573540ms] [ERROR] Failed to load resource: the server responded with a status of 404 () @ https://pokeapi.co/api/v2/pokemon-species/10060/:0
[  573542ms] [ERROR] Failed to load resource: the server responded with a status of 404 () @ https://pokeapi.co/api/v2/pokemon-species/10058/:0
[  573543ms] [ERROR] Failed to load resource: the server responded with a status of 404 () @ https://pokeapi.co/api/v2/pokemon-species/10061/:0
[  573543ms] [ERROR] Failed to load resource: the server responded with a status of 404 () @ https://pokeapi.co/api/v2/pokemon-species/10062/:0
[  573543ms] [ERROR] Failed to load resource: the server responded with a status of 404 () @ https://pokeapi.co/api/v2/pokemon-species/10063/:0
[  573543ms] [ERROR] Failed to load resource: the server responded with a status of 404 () @ https://pokeapi.co/api/v2/pokemon-species/10064/:0
[  573544ms] [ERROR] Failed to load resource: the server responded with a status of 404 () @ https://pokeapi.co/api/v2/pokemon-species/10065/:0
[  573544ms] [ERROR] Failed to load resource: the server responded with a status of 404 () @ https://pokeapi.co/api/v2/pokemon-species/10066/:0
[  573544ms] [ERROR] Failed to load resource: the server responded with a status of 404 () @ https://pokeapi.co/api/v2/pokemon-species/10067/:0
[  573544ms] [ERROR] Failed to load resource: the server responded with a status of 404 () @ https://pokeapi.co/api/v2/pokemon-species/10068/:0
[  573544ms] [ERROR] Failed to load resource: the server responded with a status of 404 () @ https://pokeapi.co/api/v2/pokemon-species/10069/:0
[  573544ms] [ERROR] Failed to load resource: the server responded with a status of 404 () @ https://pokeapi.co/api/v2/pokemon-species/10070/:0
[  573545ms] [ERROR] Failed to load resource: the server responded with a status of 404 () @ https://pokeapi.co/api/v2/pokemon-species/10071/:0
[  573545ms] [ERROR] Failed to load resource: the server responded with a status of 404 () @ https://pokeapi.co/api/v2/pokemon-species/10072/:0
[  573545ms] [ERROR] Failed to load resource: the server responded with a status of 404 () @ https://pokeapi.co/api/v2/pokemon-species/10073/:0
[  573545ms] [ERROR] Failed to load resource: the server responded with a status of 404 () @ https://pokeapi.co/api/v2/pokemon-species/10074/:0
[  573545ms] [ERROR] Failed to load resource: the server responded with a status of 404 () @ https://pokeapi.co/api/v2/pokemon-species/10075/:0
[  573567ms] [ERROR] Failed to load resource: the server responded with a status of 404 () @ https://pokeapi.co/api/v2/pokemon-species/10076/:0
[  573569ms] [ERROR] Failed to load resource: the server responded with a status of 404 () @ https://pokeapi.co/api/v2/pokemon-species/10077/:0
[  573573ms] [ERROR] Failed to load resource: the server responded with a status of 404 () @ https://pokeapi.co/api/v2/pokemon-species/10079/:0
[  573574ms] [ERROR] Failed to load resource: the server responded with a status of 404 () @ https://pokeapi.co/api/v2/pokemon-species/10080/:0
[  573575ms] [ERROR] Failed to load resource: the server responded with a status of 404 () @ https://pokeapi.co/api/v2/pokemon-species/10078/:0
[  573579ms] [ERROR] Failed to load resource: the server responded with a status of 404 () @ https://pokeapi.co/api/v2/pokemon-species/10081/:0
[  573579ms] [ERROR] Failed to load resource: the server responded with a status of 404 () @ https://pokeapi.co/api/v2/pokemon-species/10082/:0
[  573580ms] [ERROR] Failed to load resource: the server responded with a status of 404 () @ https://pokeapi.co/api/v2/pokemon-species/10083/:0
[  573580ms] [ERROR] Failed to load resource: the server responded with a status of 404 () @ https://pokeapi.co/api/v2/pokemon-species/10084/:0
[  573580ms] [ERROR] Failed to load resource: the server responded with a status of 404 () @ https://pokeapi.co/api/v2/pokemon-species/10085/:0
[  573580ms] [ERROR] Failed to load resource: the server responded with a status of 404 () @ https://pokeapi.co/api/v2/pokemon-species/10086/:0
[  573580ms] [ERROR] Failed to load resource: the server responded with a status of 404 () @ https://pokeapi.co/api/v2/pokemon-species/10087/:0
[  573580ms] [ERROR] Failed to load resource: the server responded with a status of 404 () @ https://pokeapi.co/api/v2/pokemon-species/10088/:0
[  573581ms] [ERROR] Failed to load resource: the server responded with a status of 404 () @ https://pokeapi.co/api/v2/pokemon-species/10089/:0
[  573581ms] [ERROR] Failed to load resource: the server responded with a status of 404 () @ https://pokeapi.co/api/v2/pokemon-species/10090/:0
[  573581ms] [ERROR] Failed to load resource: the server responded with a status of 404 () @ https://pokeapi.co/api/v2/pokemon-species/10091/:0
[  573581ms] [ERROR] Failed to load resource: the server responded with a status of 404 () @ https://pokeapi.co/api/v2/pokemon-species/10092/:0
[  573581ms] [ERROR] Failed to load resource: the server responded with a status of 404 () @ https://pokeapi.co/api/v2/pokemon-species/10093/:0
[  573581ms] [ERROR] Failed to load resource: the server responded with a status of 404 () @ https://pokeapi.co/api/v2/pokemon-species/10094/:0
[  573581ms] [ERROR] Failed to load resource: the server responded with a status of 404 () @ https://pokeapi.co/api/v2/pokemon-species/10095/:0
[  573604ms] [ERROR] Failed to load resource: the server responded with a status of 404 () @ https://pokeapi.co/api/v2/pokemon-species/10096/:0
[  573613ms] [ERROR] Failed to load resource: the server responded with a status of 404 () @ https://pokeapi.co/api/v2/pokemon-species/10097/:0
[  573614ms] [ERROR] Failed to load resource: the server responded with a status of 404 () @ https://pokeapi.co/api/v2/pokemon-species/10098/:0
[  573615ms] [ERROR] Failed to load resource: the server responded with a status of 404 () @ https://pokeapi.co/api/v2/pokemon-species/10099/:0
[  573616ms] [ERROR] Failed to load resource: the server responded with a status of 404 () @ https://pokeapi.co/api/v2/pokemon-species/10100/:0
[  573616ms] [ERROR] Failed to load resource: the server responded with a status of 404 () @ https://pokeapi.co/api/v2/pokemon-species/10101/:0
[  573617ms] [ERROR] Failed to load resource: the server responded with a status of 404 () @ https://pokeapi.co/api/v2/pokemon-species/10102/:0
[  573618ms] [ERROR] Failed to load resource: the server responded with a status of 404 () @ https://pokeapi.co/api/v2/pokemon-species/10103/:0
[  573619ms] [ERROR] Failed to load resource: the server responded with a status of 404 () @ https://pokeapi.co/api/v2/pokemon-species/10104/:0
[  573619ms] [ERROR] Failed to load resource: the server responded with a status of 404 () @ https://pokeapi.co/api/v2/pokemon-species/10105/:0
[  573619ms] [ERROR] Failed to load resource: the server responded with a status of 404 () @ https://pokeapi.co/api/v2/pokemon-species/10106/:0
[  573619ms] [ERROR] Failed to load resource: the server responded with a status of 404 () @ https://pokeapi.co/api/v2/pokemon-species/10107/:0
[  573619ms] [ERROR] Failed to load resource: the server responded with a status of 404 () @ https://pokeapi.co/api/v2/pokemon-species/10108/:0
[  573620ms] [ERROR] Failed to load resource: the server responded with a status of 404 () @ https://pokeapi.co/api/v2/pokemon-species/10109/:0
[  573620ms] [ERROR] Failed to load resource: the server responded with a status of 404 () @ https://pokeapi.co/api/v2/pokemon-species/10110/:0
[  573620ms] [ERROR] Failed to load resource: the server responded with a status of 404 () @ https://pokeapi.co/api/v2/pokemon-species/10111/:0
[  573620ms] [ERROR] Failed to load resource: the server responded with a status of 404 () @ https://pokeapi.co/api/v2/pokemon-species/10112/:0
[  573620ms] [ERROR] Failed to load resource: the server responded with a status of 404 () @ https://pokeapi.co/api/v2/pokemon-species/10113/:0
[  573621ms] [ERROR] Failed to load resource: the server responded with a status of 404 () @ https://pokeapi.co/api/v2/pokemon-species/10114/:0
[  573621ms] [ERROR] Failed to load resource: the server responded with a status of 404 () @ https://pokeapi.co/api/v2/pokemon-species/10115/:0
[  573640ms] [ERROR] Failed to load resource: the server responded with a status of 404 () @ https://pokeapi.co/api/v2/pokemon-species/10116/:0
[  573644ms] [ERROR] Failed to load resource: the server responded with a status of 404 () @ https://pokeapi.co/api/v2/pokemon-species/10117/:0
[  573647ms] [ERROR] Failed to load resource: the server responded with a status of 404 () @ https://pokeapi.co/api/v2/pokemon-species/10119/:0
[  573648ms] [ERROR] Failed to load resource: the server responded with a status of 404 () @ https://pokeapi.co/api/v2/pokemon-species/10120/:0
[  573651ms] [ERROR] Failed to load resource: the server responded with a status of 404 () @ https://pokeapi.co/api/v2/pokemon-species/10118/:0
[  573652ms] [ERROR] Failed to load resource: the server responded with a status of 404 () @ https://pokeapi.co/api/v2/pokemon-species/10121/:0
[  573653ms] [ERROR] Failed to load resource: the server responded with a status of 404 () @ https://pokeapi.co/api/v2/pokemon-species/10122/:0
[  573653ms] [ERROR] Failed to load resource: the server responded with a status of 404 () @ https://pokeapi.co/api/v2/pokemon-species/10123/:0
[  573653ms] [ERROR] Failed to load resource: the server responded with a status of 404 () @ https://pokeapi.co/api/v2/pokemon-species/10124/:0
[  573653ms] [ERROR] Failed to load resource: the server responded with a status of 404 () @ https://pokeapi.co/api/v2/pokemon-species/10125/:0
[  573653ms] [ERROR] Failed to load resource: the server responded with a status of 404 () @ https://pokeapi.co/api/v2/pokemon-species/10126/:0
[  573654ms] [ERROR] Failed to load resource: the server responded with a status of 404 () @ https://pokeapi.co/api/v2/pokemon-species/10127/:0
[  573654ms] [ERROR] Failed to load resource: the server responded with a status of 404 () @ https://pokeapi.co/api/v2/pokemon-species/10128/:0
[  573654ms] [ERROR] Failed to load resource: the server responded with a status of 404 () @ https://pokeapi.co/api/v2/pokemon-species/10129/:0
[  573654ms] [ERROR] Failed to load resource: the server responded with a status of 404 () @ https://pokeapi.co/api/v2/pokemon-species/10130/:0
[  573654ms] [ERROR] Failed to load resource: the server responded with a status of 404 () @ https://pokeapi.co/api/v2/pokemon-species/10131/:0
[  573655ms] [ERROR] Failed to load resource: the server responded with a status of 404 () @ https://pokeapi.co/api/v2/pokemon-species/10132/:0
[  573655ms] [ERROR] Failed to load resource: the server responded with a status of 404 () @ https://pokeapi.co/api/v2/pokemon-species/10133/:0
[  573655ms] [ERROR] Failed to load resource: the server responded with a status of 404 () @ https://pokeapi.co/api/v2/pokemon-species/10134/:0
[  573655ms] [ERROR] Failed to load resource: the server responded with a status of 404 () @ https://pokeapi.co/api/v2/pokemon-species/10135/:0
[  573677ms] [ERROR] Failed to load resource: the server responded with a status of 404 () @ https://pokeapi.co/api/v2/pokemon-species/10136/:0
[  573680ms] [ERROR] Failed to load resource: the server responded with a status of 404 () @ https://pokeapi.co/api/v2/pokemon-species/10137/:0
[  573683ms] [ERROR] Failed to load resource: the server responded with a status of 404 () @ https://pokeapi.co/api/v2/pokemon-species/10139/:0
[  573687ms] [ERROR] Failed to load resource: the server responded with a status of 404 () @ https://pokeapi.co/api/v2/pokemon-species/10138/:0
[  573688ms] [ERROR] Failed to load resource: the server responded with a status of 404 () @ https://pokeapi.co/api/v2/pokemon-species/10140/:0
[  573690ms] [ERROR] Failed to load resource: the server responded with a status of 404 () @ https://pokeapi.co/api/v2/pokemon-species/10141/:0
[  573690ms] [ERROR] Failed to load resource: the server responded with a status of 404 () @ https://pokeapi.co/api/v2/pokemon-species/10142/:0
[  573690ms] [ERROR] Failed to load resource: the server responded with a status of 404 () @ https://pokeapi.co/api/v2/pokemon-species/10143/:0
[  573690ms] [ERROR] Failed to load resource: the server responded with a status of 404 () @ https://pokeapi.co/api/v2/pokemon-species/10144/:0
[  573691ms] [ERROR] Failed to load resource: the server responded with a status of 404 () @ https://pokeapi.co/api/v2/pokemon-species/10145/:0
[  573691ms] [ERROR] Failed to load resource: the server responded with a status of 404 () @ https://pokeapi.co/api/v2/pokemon-species/10146/:0
[  573691ms] [ERROR] Failed to load resource: the server responded with a status of 404 () @ https://pokeapi.co/api/v2/pokemon-species/10147/:0
[  573691ms] [ERROR] Failed to load resource: the server responded with a status of 404 () @ https://pokeapi.co/api/v2/pokemon-species/10148/:0
[  573691ms] [ERROR] Failed to load resource: the server responded with a status of 404 () @ https://pokeapi.co/api/v2/pokemon-species/10149/:0
[  573691ms] [ERROR] Failed to load resource: the server responded with a status of 404 () @ https://pokeapi.co/api/v2/pokemon-species/10150/:0
[  573692ms] [ERROR] Failed to load resource: the server responded with a status of 404 () @ https://pokeapi.co/api/v2/pokemon-species/10151/:0
[  573692ms] [ERROR] Failed to load resource: the server responded with a status of 404 () @ https://pokeapi.co/api/v2/pokemon-species/10152/:0
[  573692ms] [ERROR] Failed to load resource: the server responded with a status of 404 () @ https://pokeapi.co/api/v2/pokemon-species/10153/:0
[  573692ms] [ERROR] Failed to load resource: the server responded with a status of 404 () @ https://pokeapi.co/api/v2/pokemon-species/10154/:0
[  573692ms] [ERROR] Failed to load resource: the server responded with a status of 404 () @ https://pokeapi.co/api/v2/pokemon-species/10155/:0
[  573714ms] [ERROR] Failed to load resource: the server responded with a status of 404 () @ https://pokeapi.co/api/v2/pokemon-species/10156/:0
[  573719ms] [ERROR] Failed to load resource: the server responded with a status of 404 () @ https://pokeapi.co/api/v2/pokemon-species/10157/:0
[  573721ms] [ERROR] Failed to load resource: the server responded with a status of 404 () @ https://pokeapi.co/api/v2/pokemon-species/10158/:0
[  573722ms] [ERROR] Failed to load resource: the server responded with a status of 404 () @ https://pokeapi.co/api/v2/pokemon-species/10159/:0
[  573723ms] [ERROR] Failed to load resource: the server responded with a status of 404 () @ https://pokeapi.co/api/v2/pokemon-species/10160/:0
[  573725ms] [ERROR] Failed to load resource: the server responded with a status of 404 () @ https://pokeapi.co/api/v2/pokemon-species/10161/:0
[  573725ms] [ERROR] Failed to load resource: the server responded with a status of 404 () @ https://pokeapi.co/api/v2/pokemon-species/10162/:0
[  573725ms] [ERROR] Failed to load resource: the server responded with a status of 404 () @ https://pokeapi.co/api/v2/pokemon-species/10163/:0
[  573725ms] [ERROR] Failed to load resource: the server responded with a status of 404 () @ https://pokeapi.co/api/v2/pokemon-species/10164/:0
[  573725ms] [ERROR] Failed to load resource: the server responded with a status of 404 () @ https://pokeapi.co/api/v2/pokemon-species/10165/:0
[  573726ms] [ERROR] Failed to load resource: the server responded with a status of 404 () @ https://pokeapi.co/api/v2/pokemon-species/10166/:0
[  573726ms] [ERROR] Failed to load resource: the server responded with a status of 404 () @ https://pokeapi.co/api/v2/pokemon-species/10167/:0
[  573726ms] [ERROR] Failed to load resource: the server responded with a status of 404 () @ https://pokeapi.co/api/v2/pokemon-species/10168/:0
[  573726ms] [ERROR] Failed to load resource: the server responded with a status of 404 () @ https://pokeapi.co/api/v2/pokemon-species/10169/:0
[  573727ms] [ERROR] Failed to load resource: the server responded with a status of 404 () @ https://pokeapi.co/api/v2/pokemon-species/10170/:0
[  573727ms] [ERROR] Failed to load resource: the server responded with a status of 404 () @ https://pokeapi.co/api/v2/pokemon-species/10171/:0
[  573727ms] [ERROR] Failed to load resource: the server responded with a status of 404 () @ https://pokeapi.co/api/v2/pokemon-species/10172/:0
[  573727ms] [ERROR] Failed to load resource: the server responded with a status of 404 () @ https://pokeapi.co/api/v2/pokemon-species/10173/:0
[  573727ms] [ERROR] Failed to load resource: the server responded with a status of 404 () @ https://pokeapi.co/api/v2/pokemon-species/10174/:0
[  573727ms] [ERROR] Failed to load resource: the server responded with a status of 404 () @ https://pokeapi.co/api/v2/pokemon-species/10175/:0
[  573751ms] [ERROR] Failed to load resource: the server responded with a status of 404 () @ https://pokeapi.co/api/v2/pokemon-species/10176/:0
[  573755ms] [ERROR] Failed to load resource: the server responded with a status of 404 () @ https://pokeapi.co/api/v2/pokemon-species/10177/:0
[  573758ms] [ERROR] Failed to load resource: the server responded with a status of 404 () @ https://pokeapi.co/api/v2/pokemon-species/10179/:0
[  573760ms] [ERROR] Failed to load resource: the server responded with a status of 404 () @ https://pokeapi.co/api/v2/pokemon-species/10180/:0
[  573762ms] [ERROR] Failed to load resource: the server responded with a status of 404 () @ https://pokeapi.co/api/v2/pokemon-species/10178/:0
[  573763ms] [ERROR] Failed to load resource: the server responded with a status of 404 () @ https://pokeapi.co/api/v2/pokemon-species/10181/:0
[  573764ms] [ERROR] Failed to load resource: the server responded with a status of 404 () @ https://pokeapi.co/api/v2/pokemon-species/10182/:0
[  573765ms] [ERROR] Failed to load resource: the server responded with a status of 404 () @ https://pokeapi.co/api/v2/pokemon-species/10183/:0
[  573765ms] [ERROR] Failed to load resource: the server responded with a status of 404 () @ https://pokeapi.co/api/v2/pokemon-species/10184/:0
[  573765ms] [ERROR] Failed to load resource: the server responded with a status of 404 () @ https://pokeapi.co/api/v2/pokemon-species/10185/:0
[  573765ms] [ERROR] Failed to load resource: the server responded with a status of 404 () @ https://pokeapi.co/api/v2/pokemon-species/10186/:0
[  573766ms] [ERROR] Failed to load resource: the server responded with a status of 404 () @ https://pokeapi.co/api/v2/pokemon-species/10187/:0
[  573766ms] [ERROR] Failed to load resource: the server responded with a status of 404 () @ https://pokeapi.co/api/v2/pokemon-species/10188/:0
[  573766ms] [ERROR] Failed to load resource: the server responded with a status of 404 () @ https://pokeapi.co/api/v2/pokemon-species/10189/:0
[  573766ms] [ERROR] Failed to load resource: the server responded with a status of 404 () @ https://pokeapi.co/api/v2/pokemon-species/10190/:0
[  573767ms] [ERROR] Failed to load resource: the server responded with a status of 404 () @ https://pokeapi.co/api/v2/pokemon-species/10191/:0
[  573767ms] [ERROR] Failed to load resource: the server responded with a status of 404 () @ https://pokeapi.co/api/v2/pokemon-species/10192/:0
[  573767ms] [ERROR] Failed to load resource: the server responded with a status of 404 () @ https://pokeapi.co/api/v2/pokemon-species/10193/:0
[  573767ms] [ERROR] Failed to load resource: the server responded with a status of 404 () @ https://pokeapi.co/api/v2/pokemon-species/10194/:0
[  573767ms] [ERROR] Failed to load resource: the server responded with a status of 404 () @ https://pokeapi.co/api/v2/pokemon-species/10195/:0
[  573787ms] [ERROR] Failed to load resource: the server responded with a status of 404 () @ https://pokeapi.co/api/v2/pokemon-species/10196/:0
[  573788ms] [ERROR] Failed to load resource: the server responded with a status of 404 () @ https://pokeapi.co/api/v2/pokemon-species/10197/:0
[  573793ms] [ERROR] Failed to load resource: the server responded with a status of 404 () @ https://pokeapi.co/api/v2/pokemon-species/10201/:0
[  573794ms] [ERROR] Failed to load resource: the server responded with a status of 404 () @ https://pokeapi.co/api/v2/pokemon-species/10202/:0
[  573794ms] [ERROR] Failed to load resource: the server responded with a status of 404 () @ https://pokeapi.co/api/v2/pokemon-species/10198/:0
[  573795ms] [ERROR] Failed to load resource: the server responded with a status of 404 () @ https://pokeapi.co/api/v2/pokemon-species/10199/:0
[  573797ms] [ERROR] Failed to load resource: the server responded with a status of 404 () @ https://pokeapi.co/api/v2/pokemon-species/10200/:0
[  573797ms] [ERROR] Failed to load resource: the server responded with a status of 404 () @ https://pokeapi.co/api/v2/pokemon-species/10203/:0
[  573797ms] [ERROR] Failed to load resource: the server responded with a status of 404 () @ https://pokeapi.co/api/v2/pokemon-species/10204/:0
[  573797ms] [ERROR] Failed to load resource: the server responded with a status of 404 () @ https://pokeapi.co/api/v2/pokemon-species/10205/:0
[  573798ms] [ERROR] Failed to load resource: the server responded with a status of 404 () @ https://pokeapi.co/api/v2/pokemon-species/10206/:0
[  573798ms] [ERROR] Failed to load resource: the server responded with a status of 404 () @ https://pokeapi.co/api/v2/pokemon-species/10207/:0
[  573798ms] [ERROR] Failed to load resource: the server responded with a status of 404 () @ https://pokeapi.co/api/v2/pokemon-species/10208/:0
[  573798ms] [ERROR] Failed to load resource: the server responded with a status of 404 () @ https://pokeapi.co/api/v2/pokemon-species/10209/:0
[  573798ms] [ERROR] Failed to load resource: the server responded with a status of 404 () @ https://pokeapi.co/api/v2/pokemon-species/10210/:0
[  573799ms] [ERROR] Failed to load resource: the server responded with a status of 404 () @ https://pokeapi.co/api/v2/pokemon-species/10211/:0
[  573799ms] [ERROR] Failed to load resource: the server responded with a status of 404 () @ https://pokeapi.co/api/v2/pokemon-species/10212/:0
[  573799ms] [ERROR] Failed to load resource: the server responded with a status of 404 () @ https://pokeapi.co/api/v2/pokemon-species/10213/:0
[  573799ms] [ERROR] Failed to load resource: the server responded with a status of 404 () @ https://pokeapi.co/api/v2/pokemon-species/10214/:0
[  573799ms] [ERROR] Failed to load resource: the server responded with a status of 404 () @ https://pokeapi.co/api/v2/pokemon-species/10215/:0
[  573823ms] [ERROR] Failed to load resource: the server responded with a status of 404 () @ https://pokeapi.co/api/v2/pokemon-species/10216/:0
[  573828ms] [ERROR] Failed to load resource: the server responded with a status of 404 () @ https://pokeapi.co/api/v2/pokemon-species/10218/:0
[  573830ms] [ERROR] Failed to load resource: the server responded with a status of 404 () @ https://pokeapi.co/api/v2/pokemon-species/10217/:0
[  573832ms] [ERROR] Failed to load resource: the server responded with a status of 404 () @ https://pokeapi.co/api/v2/pokemon-species/10219/:0
[  573833ms] [ERROR] Failed to load resource: the server responded with a status of 404 () @ https://pokeapi.co/api/v2/pokemon-species/10220/:0
[  573835ms] [ERROR] Failed to load resource: the server responded with a status of 404 () @ https://pokeapi.co/api/v2/pokemon-species/10221/:0
[  573835ms] [ERROR] Failed to load resource: the server responded with a status of 404 () @ https://pokeapi.co/api/v2/pokemon-species/10222/:0
[  573835ms] [ERROR] Failed to load resource: the server responded with a status of 404 () @ https://pokeapi.co/api/v2/pokemon-species/10223/:0
[  573835ms] [ERROR] Failed to load resource: the server responded with a status of 404 () @ https://pokeapi.co/api/v2/pokemon-species/10224/:0
[  573836ms] [ERROR] Failed to load resource: the server responded with a status of 404 () @ https://pokeapi.co/api/v2/pokemon-species/10225/:0
[  573836ms] [ERROR] Failed to load resource: the server responded with a status of 404 () @ https://pokeapi.co/api/v2/pokemon-species/10226/:0
[  573836ms] [ERROR] Failed to load resource: the server responded with a status of 404 () @ https://pokeapi.co/api/v2/pokemon-species/10227/:0
[  573836ms] [ERROR] Failed to load resource: the server responded with a status of 404 () @ https://pokeapi.co/api/v2/pokemon-species/10228/:0
[  573836ms] [ERROR] Failed to load resource: the server responded with a status of 404 () @ https://pokeapi.co/api/v2/pokemon-species/10229/:0
[  573837ms] [ERROR] Failed to load resource: the server responded with a status of 404 () @ https://pokeapi.co/api/v2/pokemon-species/10230/:0
[  573837ms] [ERROR] Failed to load resource: the server responded with a status of 404 () @ https://pokeapi.co/api/v2/pokemon-species/10231/:0
[  573837ms] [ERROR] Failed to load resource: the server responded with a status of 404 () @ https://pokeapi.co/api/v2/pokemon-species/10232/:0
[  573837ms] [ERROR] Failed to load resource: the server responded with a status of 404 () @ https://pokeapi.co/api/v2/pokemon-species/10233/:0
[  573837ms] [ERROR] Failed to load resource: the server responded with a status of 404 () @ https://pokeapi.co/api/v2/pokemon-species/10234/:0
[  573838ms] [ERROR] Failed to load resource: the server responded with a status of 404 () @ https://pokeapi.co/api/v2/pokemon-species/10235/:0
[  573861ms] [ERROR] Failed to load resource: the server responded with a status of 404 () @ https://pokeapi.co/api/v2/pokemon-species/10236/:0
[  573868ms] [ERROR] Failed to load resource: the server responded with a status of 404 () @ https://pokeapi.co/api/v2/pokemon-species/10241/:0
[  573869ms] [ERROR] Failed to load resource: the server responded with a status of 404 () @ https://pokeapi.co/api/v2/pokemon-species/10242/:0
[  573870ms] [ERROR] Failed to load resource: the server responded with a status of 404 () @ https://pokeapi.co/api/v2/pokemon-species/10237/:0
[  573871ms] [ERROR] Failed to load resource: the server responded with a status of 404 () @ https://pokeapi.co/api/v2/pokemon-species/10238/:0
[  573871ms] [ERROR] Failed to load resource: the server responded with a status of 404 () @ https://pokeapi.co/api/v2/pokemon-species/10239/:0
[  573872ms] [ERROR] Failed to load resource: the server responded with a status of 404 () @ https://pokeapi.co/api/v2/pokemon-species/10240/:0
[  573872ms] [ERROR] Failed to load resource: the server responded with a status of 404 () @ https://pokeapi.co/api/v2/pokemon-species/10243/:0
[  573873ms] [ERROR] Failed to load resource: the server responded with a status of 404 () @ https://pokeapi.co/api/v2/pokemon-species/10244/:0
[  573873ms] [ERROR] Failed to load resource: the server responded with a status of 404 () @ https://pokeapi.co/api/v2/pokemon-species/10245/:0
[  573873ms] [ERROR] Failed to load resource: the server responded with a status of 404 () @ https://pokeapi.co/api/v2/pokemon-species/10246/:0
[  573873ms] [ERROR] Failed to load resource: the server responded with a status of 404 () @ https://pokeapi.co/api/v2/pokemon-species/10247/:0
[  573873ms] [ERROR] Failed to load resource: the server responded with a status of 404 () @ https://pokeapi.co/api/v2/pokemon-species/10248/:0
[  573874ms] [ERROR] Failed to load resource: the server responded with a status of 404 () @ https://pokeapi.co/api/v2/pokemon-species/10249/:0
[  573874ms] [ERROR] Failed to load resource: the server responded with a status of 404 () @ https://pokeapi.co/api/v2/pokemon-species/10250/:0
[  573874ms] [ERROR] Failed to load resource: the server responded with a status of 404 () @ https://pokeapi.co/api/v2/pokemon-species/10251/:0
[  573874ms] [ERROR] Failed to load resource: the server responded with a status of 404 () @ https://pokeapi.co/api/v2/pokemon-species/10252/:0
[  573874ms] [ERROR] Failed to load resource: the server responded with a status of 404 () @ https://pokeapi.co/api/v2/pokemon-species/10253/:0
[  573875ms] [ERROR] Failed to load resource: the server responded with a status of 404 () @ https://pokeapi.co/api/v2/pokemon-species/10254/:0
[  573875ms] [ERROR] Failed to load resource: the server responded with a status of 404 () @ https://pokeapi.co/api/v2/pokemon-species/10255/:0
[  573896ms] [ERROR] Failed to load resource: the server responded with a status of 404 () @ https://pokeapi.co/api/v2/pokemon-species/10256/:0
[  573902ms] [ERROR] Failed to load resource: the server responded with a status of 404 () @ https://pokeapi.co/api/v2/pokemon-species/10257/:0
[  573903ms] [ERROR] Failed to load resource: the server responded with a status of 404 () @ https://pokeapi.co/api/v2/pokemon-species/10259/:0
[  573903ms] [ERROR] Failed to load resource: the server responded with a status of 404 () @ https://pokeapi.co/api/v2/pokemon-species/10260/:0
[  573904ms] [ERROR] Failed to load resource: the server responded with a status of 404 () @ https://pokeapi.co/api/v2/pokemon-species/10261/:0
[  573905ms] [ERROR] Failed to load resource: the server responded with a status of 404 () @ https://pokeapi.co/api/v2/pokemon-species/10258/:0
[  573906ms] [ERROR] Failed to load resource: the server responded with a status of 404 () @ https://pokeapi.co/api/v2/pokemon-species/10262/:0
[  573907ms] [ERROR] Failed to load resource: the server responded with a status of 404 () @ https://pokeapi.co/api/v2/pokemon-species/10263/:0
[  573908ms] [ERROR] Failed to load resource: the server responded with a status of 404 () @ https://pokeapi.co/api/v2/pokemon-species/10264/:0
[  573908ms] [ERROR] Failed to load resource: the server responded with a status of 404 () @ https://pokeapi.co/api/v2/pokemon-species/10265/:0
[  573908ms] [ERROR] Failed to load resource: the server responded with a status of 404 () @ https://pokeapi.co/api/v2/pokemon-species/10266/:0
[  573909ms] [ERROR] Failed to load resource: the server responded with a status of 404 () @ https://pokeapi.co/api/v2/pokemon-species/10267/:0
[  573909ms] [ERROR] Failed to load resource: the server responded with a status of 404 () @ https://pokeapi.co/api/v2/pokemon-species/10268/:0
[  573909ms] [ERROR] Failed to load resource: the server responded with a status of 404 () @ https://pokeapi.co/api/v2/pokemon-species/10269/:0
[  573909ms] [ERROR] Failed to load resource: the server responded with a status of 404 () @ https://pokeapi.co/api/v2/pokemon-species/10270/:0
[  573910ms] [ERROR] Failed to load resource: the server responded with a status of 404 () @ https://pokeapi.co/api/v2/pokemon-species/10271/:0
[  573910ms] [ERROR] Failed to load resource: the server responded with a status of 404 () @ https://pokeapi.co/api/v2/pokemon-species/10272/:0
[  573910ms] [ERROR] Failed to load resource: the server responded with a status of 404 () @ https://pokeapi.co/api/v2/pokemon-species/10273/:0
[  573910ms] [ERROR] Failed to load resource: the server responded with a status of 404 () @ https://pokeapi.co/api/v2/pokemon-species/10274/:0
[  573910ms] [ERROR] Failed to load resource: the server responded with a status of 404 () @ https://pokeapi.co/api/v2/pokemon-species/10275/:0
[  573935ms] [ERROR] Failed to load resource: the server responded with a status of 404 () @ https://pokeapi.co/api/v2/pokemon-species/10276/:0
[  573938ms] [ERROR] Failed to load resource: the server responded with a status of 404 () @ https://pokeapi.co/api/v2/pokemon-species/10277/:0
[  573939ms] [ERROR] Failed to load resource: the server responded with a status of 404 () @ https://pokeapi.co/api/v2/pokemon-species/10280/:0
[  573940ms] [ERROR] Failed to load resource: the server responded with a status of 404 () @ https://pokeapi.co/api/v2/pokemon-species/10281/:0
[  573941ms] [ERROR] Failed to load resource: the server responded with a status of 404 () @ https://pokeapi.co/api/v2/pokemon-species/10282/:0
[  573942ms] [ERROR] Failed to load resource: the server responded with a status of 404 () @ https://pokeapi.co/api/v2/pokemon-species/10278/:0
[  573943ms] [ERROR] Failed to load resource: the server responded with a status of 404 () @ https://pokeapi.co/api/v2/pokemon-species/10279/:0
[  573945ms] [ERROR] Failed to load resource: the server responded with a status of 404 () @ https://pokeapi.co/api/v2/pokemon-species/10283/:0
[  573945ms] [ERROR] Failed to load resource: the server responded with a status of 404 () @ https://pokeapi.co/api/v2/pokemon-species/10284/:0
[  573945ms] [ERROR] Failed to load resource: the server responded with a status of 404 () @ https://pokeapi.co/api/v2/pokemon-species/10285/:0
[  573945ms] [ERROR] Failed to load resource: the server responded with a status of 404 () @ https://pokeapi.co/api/v2/pokemon-species/10286/:0
[  573946ms] [ERROR] Failed to load resource: the server responded with a status of 404 () @ https://pokeapi.co/api/v2/pokemon-species/10287/:0
[  573946ms] [ERROR] Failed to load resource: the server responded with a status of 404 () @ https://pokeapi.co/api/v2/pokemon-species/10288/:0
[  573946ms] [ERROR] Failed to load resource: the server responded with a status of 404 () @ https://pokeapi.co/api/v2/pokemon-species/10289/:0
[  573946ms] [ERROR] Failed to load resource: the server responded with a status of 404 () @ https://pokeapi.co/api/v2/pokemon-species/10290/:0
[  573946ms] [ERROR] Failed to load resource: the server responded with a status of 404 () @ https://pokeapi.co/api/v2/pokemon-species/10291/:0
[  573947ms] [ERROR] Failed to load resource: the server responded with a status of 404 () @ https://pokeapi.co/api/v2/pokemon-species/10292/:0
[  573947ms] [ERROR] Failed to load resource: the server responded with a status of 404 () @ https://pokeapi.co/api/v2/pokemon-species/10293/:0
[  573947ms] [ERROR] Failed to load resource: the server responded with a status of 404 () @ https://pokeapi.co/api/v2/pokemon-species/10294/:0
[  573947ms] [ERROR] Failed to load resource: the server responded with a status of 404 () @ https://pokeapi.co/api/v2/pokemon-species/10295/:0
[  573969ms] [ERROR] Failed to load resource: the server responded with a status of 404 () @ https://pokeapi.co/api/v2/pokemon-species/10296/:0
[  573971ms] [ERROR] Failed to load resource: the server responded with a status of 404 () @ https://pokeapi.co/api/v2/pokemon-species/10297/:0
[  573974ms] [ERROR] Failed to load resource: the server responded with a status of 404 () @ https://pokeapi.co/api/v2/pokemon-species/10300/:0
[  573975ms] [ERROR] Failed to load resource: the server responded with a status of 404 () @ https://pokeapi.co/api/v2/pokemon-species/10301/:0
[  573976ms] [ERROR] Failed to load resource: the server responded with a status of 404 () @ https://pokeapi.co/api/v2/pokemon-species/10298/:0
[  573977ms] [ERROR] Failed to load resource: the server responded with a status of 404 () @ https://pokeapi.co/api/v2/pokemon-species/10299/:0
[  573978ms] [ERROR] Failed to load resource: the server responded with a status of 404 () @ https://pokeapi.co/api/v2/pokemon-species/10302/:0
[  573979ms] [ERROR] Failed to load resource: the server responded with a status of 404 () @ https://pokeapi.co/api/v2/pokemon-species/10303/:0
[  573979ms] [ERROR] Failed to load resource: the server responded with a status of 404 () @ https://pokeapi.co/api/v2/pokemon-species/10304/:0
[  573979ms] [ERROR] Failed to load resource: the server responded with a status of 404 () @ https://pokeapi.co/api/v2/pokemon-species/10305/:0
[  573979ms] [ERROR] Failed to load resource: the server responded with a status of 404 () @ https://pokeapi.co/api/v2/pokemon-species/10306/:0
[  573980ms] [ERROR] Failed to load resource: the server responded with a status of 404 () @ https://pokeapi.co/api/v2/pokemon-species/10307/:0
[  573980ms] [ERROR] Failed to load resource: the server responded with a status of 404 () @ https://pokeapi.co/api/v2/pokemon-species/10308/:0
[  573980ms] [ERROR] Failed to load resource: the server responded with a status of 404 () @ https://pokeapi.co/api/v2/pokemon-species/10309/:0
[  573980ms] [ERROR] Failed to load resource: the server responded with a status of 404 () @ https://pokeapi.co/api/v2/pokemon-species/10310/:0
[  573980ms] [ERROR] Failed to load resource: the server responded with a status of 404 () @ https://pokeapi.co/api/v2/pokemon-species/10311/:0
[  573981ms] [ERROR] Failed to load resource: the server responded with a status of 404 () @ https://pokeapi.co/api/v2/pokemon-species/10312/:0
[  573981ms] [ERROR] Failed to load resource: the server responded with a status of 404 () @ https://pokeapi.co/api/v2/pokemon-species/10313/:0
[  573981ms] [ERROR] Failed to load resource: the server responded with a status of 404 () @ https://pokeapi.co/api/v2/pokemon-species/10314/:0
[  573981ms] [ERROR] Failed to load resource: the server responded with a status of 404 () @ https://pokeapi.co/api/v2/pokemon-species/10315/:0
[  573999ms] [ERROR] Failed to load resource: the server responded with a status of 404 () @ https://pokeapi.co/api/v2/pokemon-species/10316/:0
[  574003ms] [ERROR] Failed to load resource: the server responded with a status of 404 () @ https://pokeapi.co/api/v2/pokemon-species/10317/:0
[  574003ms] [ERROR] Failed to load resource: the server responded with a status of 404 () @ https://pokeapi.co/api/v2/pokemon-species/10318/:0
[  574004ms] [ERROR] Failed to load resource: the server responded with a status of 404 () @ https://pokeapi.co/api/v2/pokemon-species/10319/:0
[  574004ms] [ERROR] Failed to load resource: the server responded with a status of 404 () @ https://pokeapi.co/api/v2/pokemon-species/10320/:0
[  574004ms] [ERROR] Failed to load resource: the server responded with a status of 404 () @ https://pokeapi.co/api/v2/pokemon-species/10321/:0
[  574004ms] [ERROR] Failed to load resource: the server responded with a status of 404 () @ https://pokeapi.co/api/v2/pokemon-species/10322/:0
[  574005ms] [ERROR] Failed to load resource: the server responded with a status of 404 () @ https://pokeapi.co/api/v2/pokemon-species/10323/:0
[  574005ms] [ERROR] Failed to load resource: the server responded with a status of 404 () @ https://pokeapi.co/api/v2/pokemon-species/10324/:0
[  574005ms] [ERROR] Failed to load resource: the server responded with a status of 404 () @ https://pokeapi.co/api/v2/pokemon-species/10325/:0
[  586593ms] [ERROR] Failed to load resource: the server responded with a status of 404 () @ https://pokeapi.co/api/v2/pokemon-species/10001/:0
[  586593ms] [ERROR] Failed to load resource: the server responded with a status of 404 () @ https://pokeapi.co/api/v2/pokemon-species/10002/:0
[  586594ms] [ERROR] Failed to load resource: the server responded with a status of 404 () @ https://pokeapi.co/api/v2/pokemon-species/10003/:0
[  586598ms] [ERROR] Failed to load resource: the server responded with a status of 404 () @ https://pokeapi.co/api/v2/pokemon-species/10004/:0
[  586602ms] [ERROR] Failed to load resource: the server responded with a status of 404 () @ https://pokeapi.co/api/v2/pokemon-species/10005/:0
[  586604ms] [ERROR] Failed to load resource: the server responded with a status of 404 () @ https://pokeapi.co/api/v2/pokemon-species/10006/:0
[  586608ms] [ERROR] Failed to load resource: the server responded with a status of 404 () @ https://pokeapi.co/api/v2/pokemon-species/10007/:0
[  586608ms] [ERROR] Failed to load resource: the server responded with a status of 404 () @ https://pokeapi.co/api/v2/pokemon-species/10008/:0
[  586608ms] [ERROR] Failed to load resource: the server responded with a status of 404 () @ https://pokeapi.co/api/v2/pokemon-species/10009/:0
[  586609ms] [ERROR] Failed to load resource: the server responded with a status of 404 () @ https://pokeapi.co/api/v2/pokemon-species/10010/:0
[  586609ms] [ERROR] Failed to load resource: the server responded with a status of 404 () @ https://pokeapi.co/api/v2/pokemon-species/10011/:0
[  586609ms] [ERROR] Failed to load resource: the server responded with a status of 404 () @ https://pokeapi.co/api/v2/pokemon-species/10012/:0
[  586609ms] [ERROR] Failed to load resource: the server responded with a status of 404 () @ https://pokeapi.co/api/v2/pokemon-species/10013/:0
[  586609ms] [ERROR] Failed to load resource: the server responded with a status of 404 () @ https://pokeapi.co/api/v2/pokemon-species/10014/:0
[  586609ms] [ERROR] Failed to load resource: the server responded with a status of 404 () @ https://pokeapi.co/api/v2/pokemon-species/10015/:0
[  586635ms] [ERROR] Failed to load resource: the server responded with a status of 404 () @ https://pokeapi.co/api/v2/pokemon-species/10016/:0
[  586647ms] [ERROR] Failed to load resource: the server responded with a status of 404 () @ https://pokeapi.co/api/v2/pokemon-species/10018/:0
[  586648ms] [ERROR] Failed to load resource: the server responded with a status of 404 () @ https://pokeapi.co/api/v2/pokemon-species/10017/:0
[  586650ms] [ERROR] Failed to load resource: the server responded with a status of 404 () @ https://pokeapi.co/api/v2/pokemon-species/10019/:0
[  586651ms] [ERROR] Failed to load resource: the server responded with a status of 404 () @ https://pokeapi.co/api/v2/pokemon-species/10020/:0
[  586652ms] [ERROR] Failed to load resource: the server responded with a status of 404 () @ https://pokeapi.co/api/v2/pokemon-species/10021/:0
[  586653ms] [ERROR] Failed to load resource: the server responded with a status of 404 () @ https://pokeapi.co/api/v2/pokemon-species/10022/:0
[  586654ms] [ERROR] Failed to load resource: the server responded with a status of 404 () @ https://pokeapi.co/api/v2/pokemon-species/10023/:0
[  586658ms] [ERROR] Failed to load resource: the server responded with a status of 404 () @ https://pokeapi.co/api/v2/pokemon-species/10024/:0
[  586664ms] [ERROR] Failed to load resource: the server responded with a status of 404 () @ https://pokeapi.co/api/v2/pokemon-species/10025/:0
[  586664ms] [ERROR] Failed to load resource: the server responded with a status of 404 () @ https://pokeapi.co/api/v2/pokemon-species/10026/:0
[  586665ms] [ERROR] Failed to load resource: the server responded with a status of 404 () @ https://pokeapi.co/api/v2/pokemon-species/10027/:0
[  586665ms] [ERROR] Failed to load resource: the server responded with a status of 404 () @ https://pokeapi.co/api/v2/pokemon-species/10028/:0
[  586665ms] [ERROR] Failed to load resource: the server responded with a status of 404 () @ https://pokeapi.co/api/v2/pokemon-species/10029/:0
[  586665ms] [ERROR] Failed to load resource: the server responded with a status of 404 () @ https://pokeapi.co/api/v2/pokemon-species/10030/:0
[  586665ms] [ERROR] Failed to load resource: the server responded with a status of 404 () @ https://pokeapi.co/api/v2/pokemon-species/10031/:0
[  586666ms] [ERROR] Failed to load resource: the server responded with a status of 404 () @ https://pokeapi.co/api/v2/pokemon-species/10032/:0
[  586666ms] [ERROR] Failed to load resource: the server responded with a status of 404 () @ https://pokeapi.co/api/v2/pokemon-species/10033/:0
[  586666ms] [ERROR] Failed to load resource: the server responded with a status of 404 () @ https://pokeapi.co/api/v2/pokemon-species/10034/:0
[  586666ms] [ERROR] Failed to load resource: the server responded with a status of 404 () @ https://pokeapi.co/api/v2/pokemon-species/10035/:0
[  586692ms] [ERROR] Failed to load resource: the server responded with a status of 404 () @ https://pokeapi.co/api/v2/pokemon-species/10036/:0
[  586702ms] [ERROR] Failed to load resource: the server responded with a status of 404 () @ https://pokeapi.co/api/v2/pokemon-species/10037/:0
[  586702ms] [ERROR] Failed to load resource: the server responded with a status of 404 () @ https://pokeapi.co/api/v2/pokemon-species/10038/:0
[  586703ms] [ERROR] Failed to load resource: the server responded with a status of 404 () @ https://pokeapi.co/api/v2/pokemon-species/10039/:0
[  586705ms] [ERROR] Failed to load resource: the server responded with a status of 404 () @ https://pokeapi.co/api/v2/pokemon-species/10040/:0
[  586706ms] [ERROR] Failed to load resource: the server responded with a status of 404 () @ https://pokeapi.co/api/v2/pokemon-species/10041/:0
[  586714ms] [ERROR] Failed to load resource: the server responded with a status of 404 () @ https://pokeapi.co/api/v2/pokemon-species/10042/:0
[  586720ms] [ERROR] Failed to load resource: the server responded with a status of 404 () @ https://pokeapi.co/api/v2/pokemon-species/10043/:0
[  586720ms] [ERROR] Failed to load resource: the server responded with a status of 404 () @ https://pokeapi.co/api/v2/pokemon-species/10044/:0
[  586720ms] [ERROR] Failed to load resource: the server responded with a status of 404 () @ https://pokeapi.co/api/v2/pokemon-species/10045/:0
[  586720ms] [ERROR] Failed to load resource: the server responded with a status of 404 () @ https://pokeapi.co/api/v2/pokemon-species/10046/:0
[  586720ms] [ERROR] Failed to load resource: the server responded with a status of 404 () @ https://pokeapi.co/api/v2/pokemon-species/10047/:0
[  586721ms] [ERROR] Failed to load resource: the server responded with a status of 404 () @ https://pokeapi.co/api/v2/pokemon-species/10048/:0
[  586721ms] [ERROR] Failed to load resource: the server responded with a status of 404 () @ https://pokeapi.co/api/v2/pokemon-species/10049/:0
[  586721ms] [ERROR] Failed to load resource: the server responded with a status of 404 () @ https://pokeapi.co/api/v2/pokemon-species/10050/:0
[  586721ms] [ERROR] Failed to load resource: the server responded with a status of 404 () @ https://pokeapi.co/api/v2/pokemon-species/10051/:0
[  586721ms] [ERROR] Failed to load resource: the server responded with a status of 404 () @ https://pokeapi.co/api/v2/pokemon-species/10052/:0
[  586722ms] [ERROR] Failed to load resource: the server responded with a status of 404 () @ https://pokeapi.co/api/v2/pokemon-species/10053/:0
[  586722ms] [ERROR] Failed to load resource: the server responded with a status of 404 () @ https://pokeapi.co/api/v2/pokemon-species/10054/:0
[  586722ms] [ERROR] Failed to load resource: the server responded with a status of 404 () @ https://pokeapi.co/api/v2/pokemon-species/10055/:0
[  586745ms] [ERROR] Failed to load resource: the server responded with a status of 404 () @ https://pokeapi.co/api/v2/pokemon-species/10056/:0
[  586757ms] [ERROR] Failed to load resource: the server responded with a status of 404 () @ https://pokeapi.co/api/v2/pokemon-species/10057/:0
[  586758ms] [ERROR] Failed to load resource: the server responded with a status of 404 () @ https://pokeapi.co/api/v2/pokemon-species/10058/:0
[  586758ms] [ERROR] Failed to load resource: the server responded with a status of 404 () @ https://pokeapi.co/api/v2/pokemon-species/10059/:0
[  586759ms] [ERROR] Failed to load resource: the server responded with a status of 404 () @ https://pokeapi.co/api/v2/pokemon-species/10060/:0
[  586762ms] [ERROR] Failed to load resource: the server responded with a status of 404 () @ https://pokeapi.co/api/v2/pokemon-species/10061/:0
[  586764ms] [ERROR] Failed to load resource: the server responded with a status of 404 () @ https://pokeapi.co/api/v2/pokemon-species/10062/:0
[  586764ms] [ERROR] Failed to load resource: the server responded with a status of 404 () @ https://pokeapi.co/api/v2/pokemon-species/10063/:0
[  586770ms] [ERROR] Failed to load resource: the server responded with a status of 404 () @ https://pokeapi.co/api/v2/pokemon-species/10064/:0
[  586770ms] [ERROR] Failed to load resource: the server responded with a status of 404 () @ https://pokeapi.co/api/v2/pokemon-species/10065/:0
[  586771ms] [ERROR] Failed to load resource: the server responded with a status of 404 () @ https://pokeapi.co/api/v2/pokemon-species/10066/:0
[  586776ms] [ERROR] Failed to load resource: the server responded with a status of 404 () @ https://pokeapi.co/api/v2/pokemon-species/10067/:0
[  586777ms] [ERROR] Failed to load resource: the server responded with a status of 404 () @ https://pokeapi.co/api/v2/pokemon-species/10068/:0
[  586777ms] [ERROR] Failed to load resource: the server responded with a status of 404 () @ https://pokeapi.co/api/v2/pokemon-species/10069/:0
[  586777ms] [ERROR] Failed to load resource: the server responded with a status of 404 () @ https://pokeapi.co/api/v2/pokemon-species/10070/:0
[  586777ms] [ERROR] Failed to load resource: the server responded with a status of 404 () @ https://pokeapi.co/api/v2/pokemon-species/10071/:0
[  586778ms] [ERROR] Failed to load resource: the server responded with a status of 404 () @ https://pokeapi.co/api/v2/pokemon-species/10072/:0
[  586778ms] [ERROR] Failed to load resource: the server responded with a status of 404 () @ https://pokeapi.co/api/v2/pokemon-species/10073/:0
[  586778ms] [ERROR] Failed to load resource: the server responded with a status of 404 () @ https://pokeapi.co/api/v2/pokemon-species/10074/:0
[  586779ms] [ERROR] Failed to load resource: the server responded with a status of 404 () @ https://pokeapi.co/api/v2/pokemon-species/10075/:0
[  586800ms] [ERROR] Failed to load resource: the server responded with a status of 404 () @ https://pokeapi.co/api/v2/pokemon-species/10076/:0
[  586811ms] [ERROR] Failed to load resource: the server responded with a status of 404 () @ https://pokeapi.co/api/v2/pokemon-species/10077/:0
[  586812ms] [ERROR] Failed to load resource: the server responded with a status of 404 () @ https://pokeapi.co/api/v2/pokemon-species/10081/:0
[  586813ms] [ERROR] Failed to load resource: the server responded with a status of 404 () @ https://pokeapi.co/api/v2/pokemon-species/10082/:0
[  586814ms] [ERROR] Failed to load resource: the server responded with a status of 404 () @ https://pokeapi.co/api/v2/pokemon-species/10078/:0
[  586814ms] [ERROR] Failed to load resource: the server responded with a status of 404 () @ https://pokeapi.co/api/v2/pokemon-species/10079/:0
[  586815ms] [ERROR] Failed to load resource: the server responded with a status of 404 () @ https://pokeapi.co/api/v2/pokemon-species/10080/:0
[  586816ms] [ERROR] Failed to load resource: the server responded with a status of 404 () @ https://pokeapi.co/api/v2/pokemon-species/10083/:0
[  586821ms] [ERROR] Failed to load resource: the server responded with a status of 404 () @ https://pokeapi.co/api/v2/pokemon-species/10084/:0
[  586822ms] [ERROR] Failed to load resource: the server responded with a status of 404 () @ https://pokeapi.co/api/v2/pokemon-species/10085/:0
[  586822ms] [ERROR] Failed to load resource: the server responded with a status of 404 () @ https://pokeapi.co/api/v2/pokemon-species/10086/:0
[  586828ms] [ERROR] Failed to load resource: the server responded with a status of 404 () @ https://pokeapi.co/api/v2/pokemon-species/10087/:0
[  586829ms] [ERROR] Failed to load resource: the server responded with a status of 404 () @ https://pokeapi.co/api/v2/pokemon-species/10088/:0
[  586829ms] [ERROR] Failed to load resource: the server responded with a status of 404 () @ https://pokeapi.co/api/v2/pokemon-species/10089/:0
[  586829ms] [ERROR] Failed to load resource: the server responded with a status of 404 () @ https://pokeapi.co/api/v2/pokemon-species/10090/:0
[  586829ms] [ERROR] Failed to load resource: the server responded with a status of 404 () @ https://pokeapi.co/api/v2/pokemon-species/10091/:0
[  586829ms] [ERROR] Failed to load resource: the server responded with a status of 404 () @ https://pokeapi.co/api/v2/pokemon-species/10092/:0
[  586830ms] [ERROR] Failed to load resource: the server responded with a status of 404 () @ https://pokeapi.co/api/v2/pokemon-species/10093/:0
[  586830ms] [ERROR] Failed to load resource: the server responded with a status of 404 () @ https://pokeapi.co/api/v2/pokemon-species/10094/:0
[  586830ms] [ERROR] Failed to load resource: the server responded with a status of 404 () @ https://pokeapi.co/api/v2/pokemon-species/10095/:0
[  586855ms] [ERROR] Failed to load resource: the server responded with a status of 404 () @ https://pokeapi.co/api/v2/pokemon-species/10096/:0
[  586867ms] [ERROR] Failed to load resource: the server responded with a status of 404 () @ https://pokeapi.co/api/v2/pokemon-species/10099/:0
[  586867ms] [ERROR] Failed to load resource: the server responded with a status of 404 () @ https://pokeapi.co/api/v2/pokemon-species/10100/:0
[  586868ms] [ERROR] Failed to load resource: the server responded with a status of 404 () @ https://pokeapi.co/api/v2/pokemon-species/10101/:0
[  586868ms] [ERROR] Failed to load resource: the server responded with a status of 404 () @ https://pokeapi.co/api/v2/pokemon-species/10097/:0
[  586870ms] [ERROR] Failed to load resource: the server responded with a status of 404 () @ https://pokeapi.co/api/v2/pokemon-species/10102/:0
[  586871ms] [ERROR] Failed to load resource: the server responded with a status of 404 () @ https://pokeapi.co/api/v2/pokemon-species/10098/:0
[  586872ms] [ERROR] Failed to load resource: the server responded with a status of 404 () @ https://pokeapi.co/api/v2/pokemon-species/10103/:0
[  586872ms] [ERROR] Failed to load resource: the server responded with a status of 404 () @ https://pokeapi.co/api/v2/pokemon-species/10104/:0
[  586874ms] [ERROR] Failed to load resource: the server responded with a status of 404 () @ https://pokeapi.co/api/v2/pokemon-species/10105/:0
[  586877ms] [ERROR] Failed to load resource: the server responded with a status of 404 () @ https://pokeapi.co/api/v2/pokemon-species/10106/:0
[  586877ms] [ERROR] Failed to load resource: the server responded with a status of 404 () @ https://pokeapi.co/api/v2/pokemon-species/10107/:0
[  586878ms] [ERROR] Failed to load resource: the server responded with a status of 404 () @ https://pokeapi.co/api/v2/pokemon-species/10108/:0
[  586881ms] [ERROR] Failed to load resource: the server responded with a status of 404 () @ https://pokeapi.co/api/v2/pokemon-species/10109/:0
[  586881ms] [ERROR] Failed to load resource: the server responded with a status of 404 () @ https://pokeapi.co/api/v2/pokemon-species/10110/:0
[  586882ms] [ERROR] Failed to load resource: the server responded with a status of 404 () @ https://pokeapi.co/api/v2/pokemon-species/10111/:0
[  586882ms] [ERROR] Failed to load resource: the server responded with a status of 404 () @ https://pokeapi.co/api/v2/pokemon-species/10112/:0
[  586882ms] [ERROR] Failed to load resource: the server responded with a status of 404 () @ https://pokeapi.co/api/v2/pokemon-species/10113/:0
[  586882ms] [ERROR] Failed to load resource: the server responded with a status of 404 () @ https://pokeapi.co/api/v2/pokemon-species/10114/:0
[  586882ms] [ERROR] Failed to load resource: the server responded with a status of 404 () @ https://pokeapi.co/api/v2/pokemon-species/10115/:0
[  586908ms] [ERROR] Failed to load resource: the server responded with a status of 404 () @ https://pokeapi.co/api/v2/pokemon-species/10116/:0
[  586916ms] [ERROR] Failed to load resource: the server responded with a status of 404 () @ https://pokeapi.co/api/v2/pokemon-species/10117/:0
[  586917ms] [ERROR] Failed to load resource: the server responded with a status of 404 () @ https://pokeapi.co/api/v2/pokemon-species/10120/:0
[  586918ms] [ERROR] Failed to load resource: the server responded with a status of 404 () @ https://pokeapi.co/api/v2/pokemon-species/10121/:0
[  586919ms] [ERROR] Failed to load resource: the server responded with a status of 404 () @ https://pokeapi.co/api/v2/pokemon-species/10122/:0
[  586920ms] [ERROR] Failed to load resource: the server responded with a status of 404 () @ https://pokeapi.co/api/v2/pokemon-species/10118/:0
[  586920ms] [ERROR] Failed to load resource: the server responded with a status of 404 () @ https://pokeapi.co/api/v2/pokemon-species/10119/:0
[  586922ms] [ERROR] Failed to load resource: the server responded with a status of 404 () @ https://pokeapi.co/api/v2/pokemon-species/10123/:0
[  586923ms] [ERROR] Failed to load resource: the server responded with a status of 404 () @ https://pokeapi.co/api/v2/pokemon-species/10124/:0
[  586932ms] [ERROR] Failed to load resource: the server responded with a status of 404 () @ https://pokeapi.co/api/v2/pokemon-species/10125/:0
[  586932ms] [ERROR] Failed to load resource: the server responded with a status of 404 () @ https://pokeapi.co/api/v2/pokemon-species/10126/:0
[  586932ms] [ERROR] Failed to load resource: the server responded with a status of 404 () @ https://pokeapi.co/api/v2/pokemon-species/10127/:0
[  586932ms] [ERROR] Failed to load resource: the server responded with a status of 404 () @ https://pokeapi.co/api/v2/pokemon-species/10128/:0
[  586933ms] [ERROR] Failed to load resource: the server responded with a status of 404 () @ https://pokeapi.co/api/v2/pokemon-species/10129/:0
[  586933ms] [ERROR] Failed to load resource: the server responded with a status of 404 () @ https://pokeapi.co/api/v2/pokemon-species/10130/:0
[  586933ms] [ERROR] Failed to load resource: the server responded with a status of 404 () @ https://pokeapi.co/api/v2/pokemon-species/10131/:0
[  586933ms] [ERROR] Failed to load resource: the server responded with a status of 404 () @ https://pokeapi.co/api/v2/pokemon-species/10132/:0
[  586933ms] [ERROR] Failed to load resource: the server responded with a status of 404 () @ https://pokeapi.co/api/v2/pokemon-species/10133/:0
[  586934ms] [ERROR] Failed to load resource: the server responded with a status of 404 () @ https://pokeapi.co/api/v2/pokemon-species/10134/:0
[  586934ms] [ERROR] Failed to load resource: the server responded with a status of 404 () @ https://pokeapi.co/api/v2/pokemon-species/10135/:0
[  586957ms] [ERROR] Failed to load resource: the server responded with a status of 404 () @ https://pokeapi.co/api/v2/pokemon-species/10136/:0
[  586967ms] [ERROR] Failed to load resource: the server responded with a status of 404 () @ https://pokeapi.co/api/v2/pokemon-species/10140/:0
[  586968ms] [ERROR] Failed to load resource: the server responded with a status of 404 () @ https://pokeapi.co/api/v2/pokemon-species/10137/:0
[  586968ms] [ERROR] Failed to load resource: the server responded with a status of 404 () @ https://pokeapi.co/api/v2/pokemon-species/10141/:0
[  586969ms] [ERROR] Failed to load resource: the server responded with a status of 404 () @ https://pokeapi.co/api/v2/pokemon-species/10138/:0
[  586970ms] [ERROR] Failed to load resource: the server responded with a status of 404 () @ https://pokeapi.co/api/v2/pokemon-species/10139/:0
[  586970ms] [ERROR] Failed to load resource: the server responded with a status of 404 () @ https://pokeapi.co/api/v2/pokemon-species/10142/:0
[  586972ms] [ERROR] Failed to load resource: the server responded with a status of 404 () @ https://pokeapi.co/api/v2/pokemon-species/10143/:0
[  586977ms] [ERROR] Failed to load resource: the server responded with a status of 404 () @ https://pokeapi.co/api/v2/pokemon-species/10144/:0
[  586983ms] [ERROR] Failed to load resource: the server responded with a status of 404 () @ https://pokeapi.co/api/v2/pokemon-species/10145/:0
[  586984ms] [ERROR] Failed to load resource: the server responded with a status of 404 () @ https://pokeapi.co/api/v2/pokemon-species/10146/:0
[  586984ms] [ERROR] Failed to load resource: the server responded with a status of 404 () @ https://pokeapi.co/api/v2/pokemon-species/10147/:0
[  586984ms] [ERROR] Failed to load resource: the server responded with a status of 404 () @ https://pokeapi.co/api/v2/pokemon-species/10148/:0
[  586984ms] [ERROR] Failed to load resource: the server responded with a status of 404 () @ https://pokeapi.co/api/v2/pokemon-species/10149/:0
[  586984ms] [ERROR] Failed to load resource: the server responded with a status of 404 () @ https://pokeapi.co/api/v2/pokemon-species/10150/:0
[  586985ms] [ERROR] Failed to load resource: the server responded with a status of 404 () @ https://pokeapi.co/api/v2/pokemon-species/10151/:0
[  586985ms] [ERROR] Failed to load resource: the server responded with a status of 404 () @ https://pokeapi.co/api/v2/pokemon-species/10152/:0
[  586985ms] [ERROR] Failed to load resource: the server responded with a status of 404 () @ https://pokeapi.co/api/v2/pokemon-species/10153/:0
[  586985ms] [ERROR] Failed to load resource: the server responded with a status of 404 () @ https://pokeapi.co/api/v2/pokemon-species/10154/:0
[  586985ms] [ERROR] Failed to load resource: the server responded with a status of 404 () @ https://pokeapi.co/api/v2/pokemon-species/10155/:0
[  587011ms] [ERROR] Failed to load resource: the server responded with a status of 404 () @ https://pokeapi.co/api/v2/pokemon-species/10156/:0
[  587019ms] [ERROR] Failed to load resource: the server responded with a status of 404 () @ https://pokeapi.co/api/v2/pokemon-species/10157/:0
[  587020ms] [ERROR] Failed to load resource: the server responded with a status of 404 () @ https://pokeapi.co/api/v2/pokemon-species/10158/:0
[  587022ms] [ERROR] Failed to load resource: the server responded with a status of 404 () @ https://pokeapi.co/api/v2/pokemon-species/10159/:0
[  587023ms] [ERROR] Failed to load resource: the server responded with a status of 404 () @ https://pokeapi.co/api/v2/pokemon-species/10160/:0
[  587027ms] [ERROR] Failed to load resource: the server responded with a status of 404 () @ https://pokeapi.co/api/v2/pokemon-species/10161/:0
[  587036ms] [ERROR] Failed to load resource: the server responded with a status of 404 () @ https://pokeapi.co/api/v2/pokemon-species/10162/:0
[  587036ms] [ERROR] Failed to load resource: the server responded with a status of 404 () @ https://pokeapi.co/api/v2/pokemon-species/10163/:0
[  587036ms] [ERROR] Failed to load resource: the server responded with a status of 404 () @ https://pokeapi.co/api/v2/pokemon-species/10164/:0
[  587036ms] [ERROR] Failed to load resource: the server responded with a status of 404 () @ https://pokeapi.co/api/v2/pokemon-species/10165/:0
[  587036ms] [ERROR] Failed to load resource: the server responded with a status of 404 () @ https://pokeapi.co/api/v2/pokemon-species/10166/:0
[  587037ms] [ERROR] Failed to load resource: the server responded with a status of 404 () @ https://pokeapi.co/api/v2/pokemon-species/10167/:0
[  587037ms] [ERROR] Failed to load resource: the server responded with a status of 404 () @ https://pokeapi.co/api/v2/pokemon-species/10168/:0
[  587037ms] [ERROR] Failed to load resource: the server responded with a status of 404 () @ https://pokeapi.co/api/v2/pokemon-species/10169/:0
[  587037ms] [ERROR] Failed to load resource: the server responded with a status of 404 () @ https://pokeapi.co/api/v2/pokemon-species/10170/:0
[  587037ms] [ERROR] Failed to load resource: the server responded with a status of 404 () @ https://pokeapi.co/api/v2/pokemon-species/10171/:0
[  587037ms] [ERROR] Failed to load resource: the server responded with a status of 404 () @ https://pokeapi.co/api/v2/pokemon-species/10172/:0
[  587038ms] [ERROR] Failed to load resource: the server responded with a status of 404 () @ https://pokeapi.co/api/v2/pokemon-species/10173/:0
[  587038ms] [ERROR] Failed to load resource: the server responded with a status of 404 () @ https://pokeapi.co/api/v2/pokemon-species/10174/:0
[  587038ms] [ERROR] Failed to load resource: the server responded with a status of 404 () @ https://pokeapi.co/api/v2/pokemon-species/10175/:0
[  587060ms] [ERROR] Failed to load resource: the server responded with a status of 404 () @ https://pokeapi.co/api/v2/pokemon-species/10176/:0
[  587069ms] [ERROR] Failed to load resource: the server responded with a status of 404 () @ https://pokeapi.co/api/v2/pokemon-species/10177/:0
[  587069ms] [ERROR] Failed to load resource: the server responded with a status of 404 () @ https://pokeapi.co/api/v2/pokemon-species/10181/:0
[  587071ms] [ERROR] Failed to load resource: the server responded with a status of 404 () @ https://pokeapi.co/api/v2/pokemon-species/10182/:0
[  587072ms] [ERROR] Failed to load resource: the server responded with a status of 404 () @ https://pokeapi.co/api/v2/pokemon-species/10178/:0
[  587072ms] [ERROR] Failed to load resource: the server responded with a status of 404 () @ https://pokeapi.co/api/v2/pokemon-species/10179/:0
[  587072ms] [ERROR] Failed to load resource: the server responded with a status of 404 () @ https://pokeapi.co/api/v2/pokemon-species/10180/:0
[  587077ms] [ERROR] Failed to load resource: the server responded with a status of 404 () @ https://pokeapi.co/api/v2/pokemon-species/10183/:0
[  587078ms] [ERROR] Failed to load resource: the server responded with a status of 404 () @ https://pokeapi.co/api/v2/pokemon-species/10184/:0
[  587078ms] [ERROR] Failed to load resource: the server responded with a status of 404 () @ https://pokeapi.co/api/v2/pokemon-species/10185/:0
[  587083ms] [ERROR] Failed to load resource: the server responded with a status of 404 () @ https://pokeapi.co/api/v2/pokemon-species/10186/:0
[  587083ms] [ERROR] Failed to load resource: the server responded with a status of 404 () @ https://pokeapi.co/api/v2/pokemon-species/10187/:0
[  587083ms] [ERROR] Failed to load resource: the server responded with a status of 404 () @ https://pokeapi.co/api/v2/pokemon-species/10188/:0
[  587084ms] [ERROR] Failed to load resource: the server responded with a status of 404 () @ https://pokeapi.co/api/v2/pokemon-species/10189/:0
[  587084ms] [ERROR] Failed to load resource: the server responded with a status of 404 () @ https://pokeapi.co/api/v2/pokemon-species/10190/:0
[  587084ms] [ERROR] Failed to load resource: the server responded with a status of 404 () @ https://pokeapi.co/api/v2/pokemon-species/10191/:0
[  587084ms] [ERROR] Failed to load resource: the server responded with a status of 404 () @ https://pokeapi.co/api/v2/pokemon-species/10192/:0
[  587084ms] [ERROR] Failed to load resource: the server responded with a status of 404 () @ https://pokeapi.co/api/v2/pokemon-species/10193/:0
[  587085ms] [ERROR] Failed to load resource: the server responded with a status of 404 () @ https://pokeapi.co/api/v2/pokemon-species/10194/:0
[  587085ms] [ERROR] Failed to load resource: the server responded with a status of 404 () @ https://pokeapi.co/api/v2/pokemon-species/10195/:0
[  587106ms] [ERROR] Failed to load resource: the server responded with a status of 404 () @ https://pokeapi.co/api/v2/pokemon-species/10196/:0
[  587112ms] [ERROR] Failed to load resource: the server responded with a status of 404 () @ https://pokeapi.co/api/v2/pokemon-species/10197/:0
[  587114ms] [ERROR] Failed to load resource: the server responded with a status of 404 () @ https://pokeapi.co/api/v2/pokemon-species/10201/:0
[  587115ms] [ERROR] Failed to load resource: the server responded with a status of 404 () @ https://pokeapi.co/api/v2/pokemon-species/10202/:0
[  587118ms] [ERROR] Failed to load resource: the server responded with a status of 404 () @ https://pokeapi.co/api/v2/pokemon-species/10203/:0
[  587118ms] [ERROR] Failed to load resource: the server responded with a status of 404 () @ https://pokeapi.co/api/v2/pokemon-species/10198/:0
[  587128ms] [ERROR] Failed to load resource: the server responded with a status of 404 () @ https://pokeapi.co/api/v2/pokemon-species/10199/:0
[  587130ms] [ERROR] Failed to load resource: the server responded with a status of 404 () @ https://pokeapi.co/api/v2/pokemon-species/10200/:0
[  587130ms] [ERROR] Failed to load resource: the server responded with a status of 404 () @ https://pokeapi.co/api/v2/pokemon-species/10204/:0
[  587130ms] [ERROR] Failed to load resource: the server responded with a status of 404 () @ https://pokeapi.co/api/v2/pokemon-species/10205/:0
[  587131ms] [ERROR] Failed to load resource: the server responded with a status of 404 () @ https://pokeapi.co/api/v2/pokemon-species/10206/:0
[  587131ms] [ERROR] Failed to load resource: the server responded with a status of 404 () @ https://pokeapi.co/api/v2/pokemon-species/10207/:0
[  587131ms] [ERROR] Failed to load resource: the server responded with a status of 404 () @ https://pokeapi.co/api/v2/pokemon-species/10208/:0
[  587131ms] [ERROR] Failed to load resource: the server responded with a status of 404 () @ https://pokeapi.co/api/v2/pokemon-species/10209/:0
[  587132ms] [ERROR] Failed to load resource: the server responded with a status of 404 () @ https://pokeapi.co/api/v2/pokemon-species/10210/:0
[  587132ms] [ERROR] Failed to load resource: the server responded with a status of 404 () @ https://pokeapi.co/api/v2/pokemon-species/10211/:0
[  587132ms] [ERROR] Failed to load resource: the server responded with a status of 404 () @ https://pokeapi.co/api/v2/pokemon-species/10212/:0
[  587132ms] [ERROR] Failed to load resource: the server responded with a status of 404 () @ https://pokeapi.co/api/v2/pokemon-species/10213/:0
[  587132ms] [ERROR] Failed to load resource: the server responded with a status of 404 () @ https://pokeapi.co/api/v2/pokemon-species/10214/:0
[  587132ms] [ERROR] Failed to load resource: the server responded with a status of 404 () @ https://pokeapi.co/api/v2/pokemon-species/10215/:0
[  587158ms] [ERROR] Failed to load resource: the server responded with a status of 404 () @ https://pokeapi.co/api/v2/pokemon-species/10216/:0
[  587164ms] [ERROR] Failed to load resource: the server responded with a status of 404 () @ https://pokeapi.co/api/v2/pokemon-species/10220/:0
[  587167ms] [ERROR] Failed to load resource: the server responded with a status of 404 () @ https://pokeapi.co/api/v2/pokemon-species/10221/:0
[  587170ms] [ERROR] Failed to load resource: the server responded with a status of 404 () @ https://pokeapi.co/api/v2/pokemon-species/10217/:0
[  587171ms] [ERROR] Failed to load resource: the server responded with a status of 404 () @ https://pokeapi.co/api/v2/pokemon-species/10222/:0
[  587171ms] [ERROR] Failed to load resource: the server responded with a status of 404 () @ https://pokeapi.co/api/v2/pokemon-species/10223/:0
[  587172ms] [ERROR] Failed to load resource: the server responded with a status of 404 () @ https://pokeapi.co/api/v2/pokemon-species/10218/:0
[  587172ms] [ERROR] Failed to load resource: the server responded with a status of 404 () @ https://pokeapi.co/api/v2/pokemon-species/10219/:0
[  587172ms] [ERROR] Failed to load resource: the server responded with a status of 404 () @ https://pokeapi.co/api/v2/pokemon-species/10224/:0
[  587173ms] [ERROR] Failed to load resource: the server responded with a status of 404 () @ https://pokeapi.co/api/v2/pokemon-species/10225/:0
[  587180ms] [ERROR] Failed to load resource: the server responded with a status of 404 () @ https://pokeapi.co/api/v2/pokemon-species/10226/:0
[  587186ms] [ERROR] Failed to load resource: the server responded with a status of 404 () @ https://pokeapi.co/api/v2/pokemon-species/10227/:0
[  587186ms] [ERROR] Failed to load resource: the server responded with a status of 404 () @ https://pokeapi.co/api/v2/pokemon-species/10228/:0
[  587187ms] [ERROR] Failed to load resource: the server responded with a status of 404 () @ https://pokeapi.co/api/v2/pokemon-species/10229/:0
[  587187ms] [ERROR] Failed to load resource: the server responded with a status of 404 () @ https://pokeapi.co/api/v2/pokemon-species/10230/:0
[  587187ms] [ERROR] Failed to load resource: the server responded with a status of 404 () @ https://pokeapi.co/api/v2/pokemon-species/10231/:0
[  587187ms] [ERROR] Failed to load resource: the server responded with a status of 404 () @ https://pokeapi.co/api/v2/pokemon-species/10232/:0
[  587188ms] [ERROR] Failed to load resource: the server responded with a status of 404 () @ https://pokeapi.co/api/v2/pokemon-species/10233/:0
[  587188ms] [ERROR] Failed to load resource: the server responded with a status of 404 () @ https://pokeapi.co/api/v2/pokemon-species/10234/:0
[  587188ms] [ERROR] Failed to load resource: the server responded with a status of 404 () @ https://pokeapi.co/api/v2/pokemon-species/10235/:0
[  587222ms] [ERROR] Failed to load resource: the server responded with a status of 404 () @ https://pokeapi.co/api/v2/pokemon-species/10236/:0
[  587222ms] [ERROR] Failed to load resource: the server responded with a status of 404 () @ https://pokeapi.co/api/v2/pokemon-species/10237/:0
[  587224ms] [ERROR] Failed to load resource: the server responded with a status of 404 () @ https://pokeapi.co/api/v2/pokemon-species/10238/:0
[  587225ms] [ERROR] Failed to load resource: the server responded with a status of 404 () @ https://pokeapi.co/api/v2/pokemon-species/10239/:0
[  587225ms] [ERROR] Failed to load resource: the server responded with a status of 404 () @ https://pokeapi.co/api/v2/pokemon-species/10240/:0
[  587231ms] [ERROR] Failed to load resource: the server responded with a status of 404 () @ https://pokeapi.co/api/v2/pokemon-species/10246/:0
[  587232ms] [ERROR] Failed to load resource: the server responded with a status of 404 () @ https://pokeapi.co/api/v2/pokemon-species/10247/:0
[  587243ms] [ERROR] Failed to load resource: the server responded with a status of 404 () @ https://pokeapi.co/api/v2/pokemon-species/10248/:0
[  587244ms] [ERROR] Failed to load resource: the server responded with a status of 404 () @ https://pokeapi.co/api/v2/pokemon-species/10249/:0
[  587250ms] [ERROR] Failed to load resource: the server responded with a status of 404 () @ https://pokeapi.co/api/v2/pokemon-species/10250/:0
[  587250ms] [ERROR] Failed to load resource: the server responded with a status of 404 () @ https://pokeapi.co/api/v2/pokemon-species/10241/:0
[  587250ms] [ERROR] Failed to load resource: the server responded with a status of 404 () @ https://pokeapi.co/api/v2/pokemon-species/10242/:0
[  587250ms] [ERROR] Failed to load resource: the server responded with a status of 404 () @ https://pokeapi.co/api/v2/pokemon-species/10243/:0
[  587250ms] [ERROR] Failed to load resource: the server responded with a status of 404 () @ https://pokeapi.co/api/v2/pokemon-species/10244/:0
[  587251ms] [ERROR] Failed to load resource: the server responded with a status of 404 () @ https://pokeapi.co/api/v2/pokemon-species/10245/:0
[  587251ms] [ERROR] Failed to load resource: the server responded with a status of 404 () @ https://pokeapi.co/api/v2/pokemon-species/10251/:0
[  587251ms] [ERROR] Failed to load resource: the server responded with a status of 404 () @ https://pokeapi.co/api/v2/pokemon-species/10252/:0
[  587251ms] [ERROR] Failed to load resource: the server responded with a status of 404 () @ https://pokeapi.co/api/v2/pokemon-species/10253/:0
[  587251ms] [ERROR] Failed to load resource: the server responded with a status of 404 () @ https://pokeapi.co/api/v2/pokemon-species/10254/:0
[  587252ms] [ERROR] Failed to load resource: the server responded with a status of 404 () @ https://pokeapi.co/api/v2/pokemon-species/10255/:0
[  587278ms] [ERROR] Failed to load resource: the server responded with a status of 404 () @ https://pokeapi.co/api/v2/pokemon-species/10256/:0
[  587283ms] [ERROR] Failed to load resource: the server responded with a status of 404 () @ https://pokeapi.co/api/v2/pokemon-species/10257/:0
[  587286ms] [ERROR] Failed to load resource: the server responded with a status of 404 () @ https://pokeapi.co/api/v2/pokemon-species/10261/:0
[  587288ms] [ERROR] Failed to load resource: the server responded with a status of 404 () @ https://pokeapi.co/api/v2/pokemon-species/10262/:0
[  587290ms] [ERROR] Failed to load resource: the server responded with a status of 404 () @ https://pokeapi.co/api/v2/pokemon-species/10258/:0
[  587290ms] [ERROR] Failed to load resource: the server responded with a status of 404 () @ https://pokeapi.co/api/v2/pokemon-species/10259/:0
[  587291ms] [ERROR] Failed to load resource: the server responded with a status of 404 () @ https://pokeapi.co/api/v2/pokemon-species/10260/:0
[  587291ms] [ERROR] Failed to load resource: the server responded with a status of 404 () @ https://pokeapi.co/api/v2/pokemon-species/10263/:0
[  587291ms] [ERROR] Failed to load resource: the server responded with a status of 404 () @ https://pokeapi.co/api/v2/pokemon-species/10264/:0
[  587291ms] [ERROR] Failed to load resource: the server responded with a status of 404 () @ https://pokeapi.co/api/v2/pokemon-species/10265/:0
[  587291ms] [ERROR] Failed to load resource: the server responded with a status of 404 () @ https://pokeapi.co/api/v2/pokemon-species/10266/:0
[  587292ms] [ERROR] Failed to load resource: the server responded with a status of 404 () @ https://pokeapi.co/api/v2/pokemon-species/10267/:0
[  587292ms] [ERROR] Failed to load resource: the server responded with a status of 404 () @ https://pokeapi.co/api/v2/pokemon-species/10268/:0
[  587292ms] [ERROR] Failed to load resource: the server responded with a status of 404 () @ https://pokeapi.co/api/v2/pokemon-species/10269/:0
[  587293ms] [ERROR] Failed to load resource: the server responded with a status of 404 () @ https://pokeapi.co/api/v2/pokemon-species/10270/:0
[  587294ms] [ERROR] Failed to load resource: the server responded with a status of 404 () @ https://pokeapi.co/api/v2/pokemon-species/10271/:0
[  587294ms] [ERROR] Failed to load resource: the server responded with a status of 404 () @ https://pokeapi.co/api/v2/pokemon-species/10272/:0
[  587295ms] [ERROR] Failed to load resource: the server responded with a status of 404 () @ https://pokeapi.co/api/v2/pokemon-species/10273/:0
[  587296ms] [ERROR] Failed to load resource: the server responded with a status of 404 () @ https://pokeapi.co/api/v2/pokemon-species/10274/:0
[  587296ms] [ERROR] Failed to load resource: the server responded with a status of 404 () @ https://pokeapi.co/api/v2/pokemon-species/10275/:0
[  587319ms] [ERROR] Failed to load resource: the server responded with a status of 404 () @ https://pokeapi.co/api/v2/pokemon-species/10276/:0
[  587321ms] [ERROR] Failed to load resource: the server responded with a status of 404 () @ https://pokeapi.co/api/v2/pokemon-species/10277/:0
[  587326ms] [ERROR] Failed to load resource: the server responded with a status of 404 () @ https://pokeapi.co/api/v2/pokemon-species/10279/:0
[  587326ms] [ERROR] Failed to load resource: the server responded with a status of 404 () @ https://pokeapi.co/api/v2/pokemon-species/10280/:0
[  587327ms] [ERROR] Failed to load resource: the server responded with a status of 404 () @ https://pokeapi.co/api/v2/pokemon-species/10278/:0
[  587328ms] [ERROR] Failed to load resource: the server responded with a status of 404 () @ https://pokeapi.co/api/v2/pokemon-species/10281/:0
[  587333ms] [ERROR] Failed to load resource: the server responded with a status of 404 () @ https://pokeapi.co/api/v2/pokemon-species/10282/:0
[  587336ms] [ERROR] Failed to load resource: the server responded with a status of 404 () @ https://pokeapi.co/api/v2/pokemon-species/10283/:0
[  587339ms] [ERROR] Failed to load resource: the server responded with a status of 404 () @ https://pokeapi.co/api/v2/pokemon-species/10284/:0
[  587340ms] [ERROR] Failed to load resource: the server responded with a status of 404 () @ https://pokeapi.co/api/v2/pokemon-species/10285/:0
[  587340ms] [ERROR] Failed to load resource: the server responded with a status of 404 () @ https://pokeapi.co/api/v2/pokemon-species/10286/:0
[  587340ms] [ERROR] Failed to load resource: the server responded with a status of 404 () @ https://pokeapi.co/api/v2/pokemon-species/10287/:0
[  587340ms] [ERROR] Failed to load resource: the server responded with a status of 404 () @ https://pokeapi.co/api/v2/pokemon-species/10288/:0
[  587340ms] [ERROR] Failed to load resource: the server responded with a status of 404 () @ https://pokeapi.co/api/v2/pokemon-species/10289/:0
[  587341ms] [ERROR] Failed to load resource: the server responded with a status of 404 () @ https://pokeapi.co/api/v2/pokemon-species/10290/:0
[  587342ms] [ERROR] Failed to load resource: the server responded with a status of 404 () @ https://pokeapi.co/api/v2/pokemon-species/10291/:0
[  587342ms] [ERROR] Failed to load resource: the server responded with a status of 404 () @ https://pokeapi.co/api/v2/pokemon-species/10292/:0
[  587342ms] [ERROR] Failed to load resource: the server responded with a status of 404 () @ https://pokeapi.co/api/v2/pokemon-species/10293/:0
[  587344ms] [ERROR] Failed to load resource: the server responded with a status of 404 () @ https://pokeapi.co/api/v2/pokemon-species/10294/:0
[  587344ms] [ERROR] Failed to load resource: the server responded with a status of 404 () @ https://pokeapi.co/api/v2/pokemon-species/10295/:0
[  587367ms] [ERROR] Failed to load resource: the server responded with a status of 404 () @ https://pokeapi.co/api/v2/pokemon-species/10296/:0
[  587372ms] [ERROR] Failed to load resource: the server responded with a status of 404 () @ https://pokeapi.co/api/v2/pokemon-species/10297/:0
[  587373ms] [ERROR] Failed to load resource: the server responded with a status of 404 () @ https://pokeapi.co/api/v2/pokemon-species/10300/:0
[  587375ms] [ERROR] Failed to load resource: the server responded with a status of 404 () @ https://pokeapi.co/api/v2/pokemon-species/10301/:0
[  587375ms] [ERROR] Failed to load resource: the server responded with a status of 404 () @ https://pokeapi.co/api/v2/pokemon-species/10302/:0
[  587376ms] [ERROR] Failed to load resource: the server responded with a status of 404 () @ https://pokeapi.co/api/v2/pokemon-species/10298/:0
[  587377ms] [ERROR] Failed to load resource: the server responded with a status of 404 () @ https://pokeapi.co/api/v2/pokemon-species/10299/:0
[  587383ms] [ERROR] Failed to load resource: the server responded with a status of 404 () @ https://pokeapi.co/api/v2/pokemon-species/10303/:0
[  587383ms] [ERROR] Failed to load resource: the server responded with a status of 404 () @ https://pokeapi.co/api/v2/pokemon-species/10304/:0
[  587388ms] [ERROR] Failed to load resource: the server responded with a status of 404 () @ https://pokeapi.co/api/v2/pokemon-species/10305/:0
[  587388ms] [ERROR] Failed to load resource: the server responded with a status of 404 () @ https://pokeapi.co/api/v2/pokemon-species/10306/:0
[  587388ms] [ERROR] Failed to load resource: the server responded with a status of 404 () @ https://pokeapi.co/api/v2/pokemon-species/10307/:0
[  587388ms] [ERROR] Failed to load resource: the server responded with a status of 404 () @ https://pokeapi.co/api/v2/pokemon-species/10308/:0
[  587388ms] [ERROR] Failed to load resource: the server responded with a status of 404 () @ https://pokeapi.co/api/v2/pokemon-species/10309/:0
[  587388ms] [ERROR] Failed to load resource: the server responded with a status of 404 () @ https://pokeapi.co/api/v2/pokemon-species/10310/:0
[  587389ms] [ERROR] Failed to load resource: the server responded with a status of 404 () @ https://pokeapi.co/api/v2/pokemon-species/10311/:0
[  587389ms] [ERROR] Failed to load resource: the server responded with a status of 404 () @ https://pokeapi.co/api/v2/pokemon-species/10312/:0
[  587389ms] [ERROR] Failed to load resource: the server responded with a status of 404 () @ https://pokeapi.co/api/v2/pokemon-species/10313/:0
[  587389ms] [ERROR] Failed to load resource: the server responded with a status of 404 () @ https://pokeapi.co/api/v2/pokemon-species/10314/:0
[  587389ms] [ERROR] Failed to load resource: the server responded with a status of 404 () @ https://pokeapi.co/api/v2/pokemon-species/10315/:0
[  587404ms] [ERROR] Failed to load resource: the server responded with a status of 404 () @ https://pokeapi.co/api/v2/pokemon-species/10316/:0
[  587407ms] [ERROR] Failed to load resource: the server responded with a status of 404 () @ https://pokeapi.co/api/v2/pokemon-species/10321/:0
[  587410ms] [ERROR] Failed to load resource: the server responded with a status of 404 () @ https://pokeapi.co/api/v2/pokemon-species/10317/:0
[  587411ms] [ERROR] Failed to load resource: the server responded with a status of 404 () @ https://pokeapi.co/api/v2/pokemon-species/10322/:0
[  587413ms] [ERROR] Failed to load resource: the server responded with a status of 404 () @ https://pokeapi.co/api/v2/pokemon-species/10318/:0
[  587413ms] [ERROR] Failed to load resource: the server responded with a status of 404 () @ https://pokeapi.co/api/v2/pokemon-species/10319/:0
[  587413ms] [ERROR] Failed to load resource: the server responded with a status of 404 () @ https://pokeapi.co/api/v2/pokemon-species/10320/:0
[  587413ms] [ERROR] Failed to load resource: the server responded with a status of 404 () @ https://pokeapi.co/api/v2/pokemon-species/10323/:0
[  587414ms] [ERROR] Failed to load resource: the server responded with a status of 404 () @ https://pokeapi.co/api/v2/pokemon-species/10324/:0
[  587414ms] [ERROR] Failed to load resource: the server responded with a status of 404 () @ https://pokeapi.co/api/v2/pokemon-species/10325/:0
[  595104ms] [ERROR] Failed to load resource: the server responded with a status of 404 () @ https://pokeapi.co/api/v2/pokemon-species/10001/:0
[  595105ms] [ERROR] Failed to load resource: the server responded with a status of 404 () @ https://pokeapi.co/api/v2/pokemon-species/10002/:0
[  595106ms] [ERROR] Failed to load resource: the server responded with a status of 404 () @ https://pokeapi.co/api/v2/pokemon-species/10003/:0
[  595108ms] [ERROR] Failed to load resource: the server responded with a status of 404 () @ https://pokeapi.co/api/v2/pokemon-species/10004/:0
[  595109ms] [ERROR] Failed to load resource: the server responded with a status of 404 () @ https://pokeapi.co/api/v2/pokemon-species/10005/:0
[  595109ms] [ERROR] Failed to load resource: the server responded with a status of 404 () @ https://pokeapi.co/api/v2/pokemon-species/10006/:0
[  595109ms] [ERROR] Failed to load resource: the server responded with a status of 404 () @ https://pokeapi.co/api/v2/pokemon-species/10007/:0
[  595110ms] [ERROR] Failed to load resource: the server responded with a status of 404 () @ https://pokeapi.co/api/v2/pokemon-species/10008/:0
[  595110ms] [ERROR] Failed to load resource: the server responded with a status of 404 () @ https://pokeapi.co/api/v2/pokemon-species/10009/:0
[  595110ms] [ERROR] Failed to load resource: the server responded with a status of 404 () @ https://pokeapi.co/api/v2/pokemon-species/10010/:0
[  595110ms] [ERROR] Failed to load resource: the server responded with a status of 404 () @ https://pokeapi.co/api/v2/pokemon-species/10011/:0
[  595111ms] [ERROR] Failed to load resource: the server responded with a status of 404 () @ https://pokeapi.co/api/v2/pokemon-species/10012/:0
[  595111ms] [ERROR] Failed to load resource: the server responded with a status of 404 () @ https://pokeapi.co/api/v2/pokemon-species/10013/:0
[  595111ms] [ERROR] Failed to load resource: the server responded with a status of 404 () @ https://pokeapi.co/api/v2/pokemon-species/10014/:0
[  595111ms] [ERROR] Failed to load resource: the server responded with a status of 404 () @ https://pokeapi.co/api/v2/pokemon-species/10015/:0
[  595144ms] [ERROR] Failed to load resource: the server responded with a status of 404 () @ https://pokeapi.co/api/v2/pokemon-species/10016/:0
[  595157ms] [ERROR] Failed to load resource: the server responded with a status of 404 () @ https://pokeapi.co/api/v2/pokemon-species/10019/:0
[  595158ms] [ERROR] Failed to load resource: the server responded with a status of 404 () @ https://pokeapi.co/api/v2/pokemon-species/10017/:0
[  595158ms] [ERROR] Failed to load resource: the server responded with a status of 404 () @ https://pokeapi.co/api/v2/pokemon-species/10020/:0
[  595159ms] [ERROR] Failed to load resource: the server responded with a status of 404 () @ https://pokeapi.co/api/v2/pokemon-species/10021/:0
[  595161ms] [ERROR] Failed to load resource: the server responded with a status of 404 () @ https://pokeapi.co/api/v2/pokemon-species/10022/:0
[  595161ms] [ERROR] Failed to load resource: the server responded with a status of 404 () @ https://pokeapi.co/api/v2/pokemon-species/10018/:0
[  595162ms] [ERROR] Failed to load resource: the server responded with a status of 404 () @ https://pokeapi.co/api/v2/pokemon-species/10023/:0
[  595164ms] [ERROR] Failed to load resource: the server responded with a status of 404 () @ https://pokeapi.co/api/v2/pokemon-species/10024/:0
[  595164ms] [ERROR] Failed to load resource: the server responded with a status of 404 () @ https://pokeapi.co/api/v2/pokemon-species/10025/:0
[  595164ms] [ERROR] Failed to load resource: the server responded with a status of 404 () @ https://pokeapi.co/api/v2/pokemon-species/10026/:0
[  595165ms] [ERROR] Failed to load resource: the server responded with a status of 404 () @ https://pokeapi.co/api/v2/pokemon-species/10027/:0
[  595165ms] [ERROR] Failed to load resource: the server responded with a status of 404 () @ https://pokeapi.co/api/v2/pokemon-species/10028/:0
[  595165ms] [ERROR] Failed to load resource: the server responded with a status of 404 () @ https://pokeapi.co/api/v2/pokemon-species/10029/:0
[  595166ms] [ERROR] Failed to load resource: the server responded with a status of 404 () @ https://pokeapi.co/api/v2/pokemon-species/10030/:0
[  595166ms] [ERROR] Failed to load resource: the server responded with a status of 404 () @ https://pokeapi.co/api/v2/pokemon-species/10031/:0
[  595166ms] [ERROR] Failed to load resource: the server responded with a status of 404 () @ https://pokeapi.co/api/v2/pokemon-species/10032/:0
[  595166ms] [ERROR] Failed to load resource: the server responded with a status of 404 () @ https://pokeapi.co/api/v2/pokemon-species/10033/:0
[  595167ms] [ERROR] Failed to load resource: the server responded with a status of 404 () @ https://pokeapi.co/api/v2/pokemon-species/10034/:0
[  595167ms] [ERROR] Failed to load resource: the server responded with a status of 404 () @ https://pokeapi.co/api/v2/pokemon-species/10035/:0
[  595195ms] [ERROR] Failed to load resource: the server responded with a status of 404 () @ https://pokeapi.co/api/v2/pokemon-species/10036/:0
[  595204ms] [ERROR] Failed to load resource: the server responded with a status of 404 () @ https://pokeapi.co/api/v2/pokemon-species/10037/:0
[  595205ms] [ERROR] Failed to load resource: the server responded with a status of 404 () @ https://pokeapi.co/api/v2/pokemon-species/10040/:0
[  595206ms] [ERROR] Failed to load resource: the server responded with a status of 404 () @ https://pokeapi.co/api/v2/pokemon-species/10041/:0
[  595207ms] [ERROR] Failed to load resource: the server responded with a status of 404 () @ https://pokeapi.co/api/v2/pokemon-species/10038/:0
[  595207ms] [ERROR] Failed to load resource: the server responded with a status of 404 () @ https://pokeapi.co/api/v2/pokemon-species/10042/:0
[  595208ms] [ERROR] Failed to load resource: the server responded with a status of 404 () @ https://pokeapi.co/api/v2/pokemon-species/10039/:0
[  595210ms] [ERROR] Failed to load resource: the server responded with a status of 404 () @ https://pokeapi.co/api/v2/pokemon-species/10043/:0
[  595210ms] [ERROR] Failed to load resource: the server responded with a status of 404 () @ https://pokeapi.co/api/v2/pokemon-species/10044/:0
[  595210ms] [ERROR] Failed to load resource: the server responded with a status of 404 () @ https://pokeapi.co/api/v2/pokemon-species/10045/:0
[  595210ms] [ERROR] Failed to load resource: the server responded with a status of 404 () @ https://pokeapi.co/api/v2/pokemon-species/10046/:0
[  595211ms] [ERROR] Failed to load resource: the server responded with a status of 404 () @ https://pokeapi.co/api/v2/pokemon-species/10047/:0
[  595211ms] [ERROR] Failed to load resource: the server responded with a status of 404 () @ https://pokeapi.co/api/v2/pokemon-species/10048/:0
[  595211ms] [ERROR] Failed to load resource: the server responded with a status of 404 () @ https://pokeapi.co/api/v2/pokemon-species/10049/:0
[  595211ms] [ERROR] Failed to load resource: the server responded with a status of 404 () @ https://pokeapi.co/api/v2/pokemon-species/10050/:0
[  595211ms] [ERROR] Failed to load resource: the server responded with a status of 404 () @ https://pokeapi.co/api/v2/pokemon-species/10051/:0
[  595212ms] [ERROR] Failed to load resource: the server responded with a status of 404 () @ https://pokeapi.co/api/v2/pokemon-species/10052/:0
[  595212ms] [ERROR] Failed to load resource: the server responded with a status of 404 () @ https://pokeapi.co/api/v2/pokemon-species/10053/:0
[  595212ms] [ERROR] Failed to load resource: the server responded with a status of 404 () @ https://pokeapi.co/api/v2/pokemon-species/10054/:0
[  595212ms] [ERROR] Failed to load resource: the server responded with a status of 404 () @ https://pokeapi.co/api/v2/pokemon-species/10055/:0
[  595233ms] [ERROR] Failed to load resource: the server responded with a status of 404 () @ https://pokeapi.co/api/v2/pokemon-species/10056/:0
[  595235ms] [ERROR] Failed to load resource: the server responded with a status of 404 () @ https://pokeapi.co/api/v2/pokemon-species/10057/:0
[  595244ms] [ERROR] Failed to load resource: the server responded with a status of 404 () @ https://pokeapi.co/api/v2/pokemon-species/10058/:0
[  595245ms] [ERROR] Failed to load resource: the server responded with a status of 404 () @ https://pokeapi.co/api/v2/pokemon-species/10059/:0
[  595246ms] [ERROR] Failed to load resource: the server responded with a status of 404 () @ https://pokeapi.co/api/v2/pokemon-species/10060/:0
[  595247ms] [ERROR] Failed to load resource: the server responded with a status of 404 () @ https://pokeapi.co/api/v2/pokemon-species/10061/:0
[  595247ms] [ERROR] Failed to load resource: the server responded with a status of 404 () @ https://pokeapi.co/api/v2/pokemon-species/10062/:0
[  595248ms] [ERROR] Failed to load resource: the server responded with a status of 404 () @ https://pokeapi.co/api/v2/pokemon-species/10063/:0
[  595248ms] [ERROR] Failed to load resource: the server responded with a status of 404 () @ https://pokeapi.co/api/v2/pokemon-species/10064/:0
[  595248ms] [ERROR] Failed to load resource: the server responded with a status of 404 () @ https://pokeapi.co/api/v2/pokemon-species/10065/:0
[  595248ms] [ERROR] Failed to load resource: the server responded with a status of 404 () @ https://pokeapi.co/api/v2/pokemon-species/10066/:0
[  595248ms] [ERROR] Failed to load resource: the server responded with a status of 404 () @ https://pokeapi.co/api/v2/pokemon-species/10067/:0
[  595248ms] [ERROR] Failed to load resource: the server responded with a status of 404 () @ https://pokeapi.co/api/v2/pokemon-species/10068/:0
[  595249ms] [ERROR] Failed to load resource: the server responded with a status of 404 () @ https://pokeapi.co/api/v2/pokemon-species/10069/:0
[  595249ms] [ERROR] Failed to load resource: the server responded with a status of 404 () @ https://pokeapi.co/api/v2/pokemon-species/10070/:0
[  595249ms] [ERROR] Failed to load resource: the server responded with a status of 404 () @ https://pokeapi.co/api/v2/pokemon-species/10071/:0
[  595249ms] [ERROR] Failed to load resource: the server responded with a status of 404 () @ https://pokeapi.co/api/v2/pokemon-species/10072/:0
[  595249ms] [ERROR] Failed to load resource: the server responded with a status of 404 () @ https://pokeapi.co/api/v2/pokemon-species/10073/:0
[  595249ms] [ERROR] Failed to load resource: the server responded with a status of 404 () @ https://pokeapi.co/api/v2/pokemon-species/10074/:0
[  595250ms] [ERROR] Failed to load resource: the server responded with a status of 404 () @ https://pokeapi.co/api/v2/pokemon-species/10075/:0
[  595270ms] [ERROR] Failed to load resource: the server responded with a status of 404 () @ https://pokeapi.co/api/v2/pokemon-species/10076/:0
[  595277ms] [ERROR] Failed to load resource: the server responded with a status of 404 () @ https://pokeapi.co/api/v2/pokemon-species/10080/:0
[  595278ms] [ERROR] Failed to load resource: the server responded with a status of 404 () @ https://pokeapi.co/api/v2/pokemon-species/10081/:0
[  595278ms] [ERROR] Failed to load resource: the server responded with a status of 404 () @ https://pokeapi.co/api/v2/pokemon-species/10077/:0
[  595279ms] [ERROR] Failed to load resource: the server responded with a status of 404 () @ https://pokeapi.co/api/v2/pokemon-species/10078/:0
[  595279ms] [ERROR] Failed to load resource: the server responded with a status of 404 () @ https://pokeapi.co/api/v2/pokemon-species/10082/:0
[  595280ms] [ERROR] Failed to load resource: the server responded with a status of 404 () @ https://pokeapi.co/api/v2/pokemon-species/10079/:0
[  595281ms] [ERROR] Failed to load resource: the server responded with a status of 404 () @ https://pokeapi.co/api/v2/pokemon-species/10083/:0
[  595283ms] [ERROR] Failed to load resource: the server responded with a status of 404 () @ https://pokeapi.co/api/v2/pokemon-species/10084/:0
[  595283ms] [ERROR] Failed to load resource: the server responded with a status of 404 () @ https://pokeapi.co/api/v2/pokemon-species/10085/:0
[  595283ms] [ERROR] Failed to load resource: the server responded with a status of 404 () @ https://pokeapi.co/api/v2/pokemon-species/10086/:0
[  595284ms] [ERROR] Failed to load resource: the server responded with a status of 404 () @ https://pokeapi.co/api/v2/pokemon-species/10087/:0
[  595284ms] [ERROR] Failed to load resource: the server responded with a status of 404 () @ https://pokeapi.co/api/v2/pokemon-species/10088/:0
[  595284ms] [ERROR] Failed to load resource: the server responded with a status of 404 () @ https://pokeapi.co/api/v2/pokemon-species/10089/:0
[  595284ms] [ERROR] Failed to load resource: the server responded with a status of 404 () @ https://pokeapi.co/api/v2/pokemon-species/10090/:0
[  595284ms] [ERROR] Failed to load resource: the server responded with a status of 404 () @ https://pokeapi.co/api/v2/pokemon-species/10091/:0
[  595285ms] [ERROR] Failed to load resource: the server responded with a status of 404 () @ https://pokeapi.co/api/v2/pokemon-species/10092/:0
[  595285ms] [ERROR] Failed to load resource: the server responded with a status of 404 () @ https://pokeapi.co/api/v2/pokemon-species/10093/:0
[  595285ms] [ERROR] Failed to load resource: the server responded with a status of 404 () @ https://pokeapi.co/api/v2/pokemon-species/10094/:0
[  595285ms] [ERROR] Failed to load resource: the server responded with a status of 404 () @ https://pokeapi.co/api/v2/pokemon-species/10095/:0
[  595308ms] [ERROR] Failed to load resource: the server responded with a status of 404 () @ https://pokeapi.co/api/v2/pokemon-species/10096/:0
[  595311ms] [ERROR] Failed to load resource: the server responded with a status of 404 () @ https://pokeapi.co/api/v2/pokemon-species/10097/:0
[  595321ms] [ERROR] Failed to load resource: the server responded with a status of 404 () @ https://pokeapi.co/api/v2/pokemon-species/10098/:0
[  595321ms] [ERROR] Failed to load resource: the server responded with a status of 404 () @ https://pokeapi.co/api/v2/pokemon-species/10099/:0
[  595323ms] [ERROR] Failed to load resource: the server responded with a status of 404 () @ https://pokeapi.co/api/v2/pokemon-species/10100/:0
[  595325ms] [ERROR] Failed to load resource: the server responded with a status of 404 () @ https://pokeapi.co/api/v2/pokemon-species/10101/:0
[  595325ms] [ERROR] Failed to load resource: the server responded with a status of 404 () @ https://pokeapi.co/api/v2/pokemon-species/10102/:0
[  595325ms] [ERROR] Failed to load resource: the server responded with a status of 404 () @ https://pokeapi.co/api/v2/pokemon-species/10103/:0
[  595325ms] [ERROR] Failed to load resource: the server responded with a status of 404 () @ https://pokeapi.co/api/v2/pokemon-species/10104/:0
[  595325ms] [ERROR] Failed to load resource: the server responded with a status of 404 () @ https://pokeapi.co/api/v2/pokemon-species/10105/:0
[  595326ms] [ERROR] Failed to load resource: the server responded with a status of 404 () @ https://pokeapi.co/api/v2/pokemon-species/10106/:0
[  595326ms] [ERROR] Failed to load resource: the server responded with a status of 404 () @ https://pokeapi.co/api/v2/pokemon-species/10107/:0
[  595326ms] [ERROR] Failed to load resource: the server responded with a status of 404 () @ https://pokeapi.co/api/v2/pokemon-species/10108/:0
[  595326ms] [ERROR] Failed to load resource: the server responded with a status of 404 () @ https://pokeapi.co/api/v2/pokemon-species/10109/:0
[  595326ms] [ERROR] Failed to load resource: the server responded with a status of 404 () @ https://pokeapi.co/api/v2/pokemon-species/10110/:0
[  595326ms] [ERROR] Failed to load resource: the server responded with a status of 404 () @ https://pokeapi.co/api/v2/pokemon-species/10111/:0
[  595327ms] [ERROR] Failed to load resource: the server responded with a status of 404 () @ https://pokeapi.co/api/v2/pokemon-species/10112/:0
[  595327ms] [ERROR] Failed to load resource: the server responded with a status of 404 () @ https://pokeapi.co/api/v2/pokemon-species/10113/:0
[  595327ms] [ERROR] Failed to load resource: the server responded with a status of 404 () @ https://pokeapi.co/api/v2/pokemon-species/10114/:0
[  595327ms] [ERROR] Failed to load resource: the server responded with a status of 404 () @ https://pokeapi.co/api/v2/pokemon-species/10115/:0
[  595353ms] [ERROR] Failed to load resource: the server responded with a status of 404 () @ https://pokeapi.co/api/v2/pokemon-species/10116/:0
[  595370ms] [ERROR] Failed to load resource: the server responded with a status of 404 () @ https://pokeapi.co/api/v2/pokemon-species/10117/:0
[  595373ms] [ERROR] Failed to load resource: the server responded with a status of 404 () @ https://pokeapi.co/api/v2/pokemon-species/10118/:0
[  595373ms] [ERROR] Failed to load resource: the server responded with a status of 404 () @ https://pokeapi.co/api/v2/pokemon-species/10119/:0
[  595374ms] [ERROR] Failed to load resource: the server responded with a status of 404 () @ https://pokeapi.co/api/v2/pokemon-species/10120/:0
[  595374ms] [ERROR] Failed to load resource: the server responded with a status of 404 () @ https://pokeapi.co/api/v2/pokemon-species/10121/:0
[  595374ms] [ERROR] Failed to load resource: the server responded with a status of 404 () @ https://pokeapi.co/api/v2/pokemon-species/10122/:0
[  595375ms] [ERROR] Failed to load resource: the server responded with a status of 404 () @ https://pokeapi.co/api/v2/pokemon-species/10123/:0
[  595376ms] [ERROR] Failed to load resource: the server responded with a status of 404 () @ https://pokeapi.co/api/v2/pokemon-species/10124/:0
[  595377ms] [ERROR] Failed to load resource: the server responded with a status of 404 () @ https://pokeapi.co/api/v2/pokemon-species/10125/:0
[  595378ms] [ERROR] Failed to load resource: the server responded with a status of 404 () @ https://pokeapi.co/api/v2/pokemon-species/10126/:0
[  595378ms] [ERROR] Failed to load resource: the server responded with a status of 404 () @ https://pokeapi.co/api/v2/pokemon-species/10127/:0
[  595378ms] [ERROR] Failed to load resource: the server responded with a status of 404 () @ https://pokeapi.co/api/v2/pokemon-species/10128/:0
[  595379ms] [ERROR] Failed to load resource: the server responded with a status of 404 () @ https://pokeapi.co/api/v2/pokemon-species/10129/:0
[  595379ms] [ERROR] Failed to load resource: the server responded with a status of 404 () @ https://pokeapi.co/api/v2/pokemon-species/10130/:0
[  595379ms] [ERROR] Failed to load resource: the server responded with a status of 404 () @ https://pokeapi.co/api/v2/pokemon-species/10131/:0
[  595380ms] [ERROR] Failed to load resource: the server responded with a status of 404 () @ https://pokeapi.co/api/v2/pokemon-species/10132/:0
[  595380ms] [ERROR] Failed to load resource: the server responded with a status of 404 () @ https://pokeapi.co/api/v2/pokemon-species/10133/:0
[  595380ms] [ERROR] Failed to load resource: the server responded with a status of 404 () @ https://pokeapi.co/api/v2/pokemon-species/10134/:0
[  595381ms] [ERROR] Failed to load resource: the server responded with a status of 404 () @ https://pokeapi.co/api/v2/pokemon-species/10135/:0
[  595441ms] [ERROR] Failed to load resource: the server responded with a status of 404 () @ https://pokeapi.co/api/v2/pokemon-species/10136/:0
[  595450ms] [ERROR] Failed to load resource: the server responded with a status of 404 () @ https://pokeapi.co/api/v2/pokemon-species/10137/:0
[  595452ms] [ERROR] Failed to load resource: the server responded with a status of 404 () @ https://pokeapi.co/api/v2/pokemon-species/10138/:0
[  595466ms] [ERROR] Failed to load resource: the server responded with a status of 404 () @ https://pokeapi.co/api/v2/pokemon-species/10139/:0
[  595466ms] [ERROR] Failed to load resource: the server responded with a status of 404 () @ https://pokeapi.co/api/v2/pokemon-species/10140/:0
[  595466ms] [ERROR] Failed to load resource: the server responded with a status of 404 () @ https://pokeapi.co/api/v2/pokemon-species/10141/:0
[  595466ms] [ERROR] Failed to load resource: the server responded with a status of 404 () @ https://pokeapi.co/api/v2/pokemon-species/10142/:0
[  595466ms] [ERROR] Failed to load resource: the server responded with a status of 404 () @ https://pokeapi.co/api/v2/pokemon-species/10143/:0
[  595467ms] [ERROR] Failed to load resource: the server responded with a status of 404 () @ https://pokeapi.co/api/v2/pokemon-species/10144/:0
[  595467ms] [ERROR] Failed to load resource: the server responded with a status of 404 () @ https://pokeapi.co/api/v2/pokemon-species/10145/:0
[  595467ms] [ERROR] Failed to load resource: the server responded with a status of 404 () @ https://pokeapi.co/api/v2/pokemon-species/10146/:0
[  595467ms] [ERROR] Failed to load resource: the server responded with a status of 404 () @ https://pokeapi.co/api/v2/pokemon-species/10147/:0
[  595467ms] [ERROR] Failed to load resource: the server responded with a status of 404 () @ https://pokeapi.co/api/v2/pokemon-species/10148/:0
[  595467ms] [ERROR] Failed to load resource: the server responded with a status of 404 () @ https://pokeapi.co/api/v2/pokemon-species/10149/:0
[  595468ms] [ERROR] Failed to load resource: the server responded with a status of 404 () @ https://pokeapi.co/api/v2/pokemon-species/10150/:0
[  595468ms] [ERROR] Failed to load resource: the server responded with a status of 404 () @ https://pokeapi.co/api/v2/pokemon-species/10151/:0
[  595468ms] [ERROR] Failed to load resource: the server responded with a status of 404 () @ https://pokeapi.co/api/v2/pokemon-species/10152/:0
[  595468ms] [ERROR] Failed to load resource: the server responded with a status of 404 () @ https://pokeapi.co/api/v2/pokemon-species/10153/:0
[  595468ms] [ERROR] Failed to load resource: the server responded with a status of 404 () @ https://pokeapi.co/api/v2/pokemon-species/10154/:0
[  595469ms] [ERROR] Failed to load resource: the server responded with a status of 404 () @ https://pokeapi.co/api/v2/pokemon-species/10155/:0
[  595500ms] [ERROR] Failed to load resource: the server responded with a status of 404 () @ https://pokeapi.co/api/v2/pokemon-species/10157/:0
[  595500ms] [ERROR] Failed to load resource: the server responded with a status of 404 () @ https://pokeapi.co/api/v2/pokemon-species/10156/:0
[  595503ms] [ERROR] Failed to load resource: the server responded with a status of 404 () @ https://pokeapi.co/api/v2/pokemon-species/10158/:0
[  595504ms] [ERROR] Failed to load resource: the server responded with a status of 404 () @ https://pokeapi.co/api/v2/pokemon-species/10159/:0
[  595518ms] [ERROR] Failed to load resource: the server responded with a status of 404 () @ https://pokeapi.co/api/v2/pokemon-species/10160/:0
[  595518ms] [ERROR] Failed to load resource: the server responded with a status of 404 () @ https://pokeapi.co/api/v2/pokemon-species/10161/:0
[  595519ms] [ERROR] Failed to load resource: the server responded with a status of 404 () @ https://pokeapi.co/api/v2/pokemon-species/10162/:0
[  595519ms] [ERROR] Failed to load resource: the server responded with a status of 404 () @ https://pokeapi.co/api/v2/pokemon-species/10163/:0
[  595519ms] [ERROR] Failed to load resource: the server responded with a status of 404 () @ https://pokeapi.co/api/v2/pokemon-species/10164/:0
[  595519ms] [ERROR] Failed to load resource: the server responded with a status of 404 () @ https://pokeapi.co/api/v2/pokemon-species/10165/:0
[  595519ms] [ERROR] Failed to load resource: the server responded with a status of 404 () @ https://pokeapi.co/api/v2/pokemon-species/10166/:0
[  595520ms] [ERROR] Failed to load resource: the server responded with a status of 404 () @ https://pokeapi.co/api/v2/pokemon-species/10167/:0
[  595520ms] [ERROR] Failed to load resource: the server responded with a status of 404 () @ https://pokeapi.co/api/v2/pokemon-species/10168/:0
[  595520ms] [ERROR] Failed to load resource: the server responded with a status of 404 () @ https://pokeapi.co/api/v2/pokemon-species/10169/:0
[  595520ms] [ERROR] Failed to load resource: the server responded with a status of 404 () @ https://pokeapi.co/api/v2/pokemon-species/10170/:0
[  595520ms] [ERROR] Failed to load resource: the server responded with a status of 404 () @ https://pokeapi.co/api/v2/pokemon-species/10171/:0
[  595521ms] [ERROR] Failed to load resource: the server responded with a status of 404 () @ https://pokeapi.co/api/v2/pokemon-species/10172/:0
[  595521ms] [ERROR] Failed to load resource: the server responded with a status of 404 () @ https://pokeapi.co/api/v2/pokemon-species/10173/:0
[  595521ms] [ERROR] Failed to load resource: the server responded with a status of 404 () @ https://pokeapi.co/api/v2/pokemon-species/10174/:0
[  595521ms] [ERROR] Failed to load resource: the server responded with a status of 404 () @ https://pokeapi.co/api/v2/pokemon-species/10175/:0
[  595549ms] [ERROR] Failed to load resource: the server responded with a status of 404 () @ https://pokeapi.co/api/v2/pokemon-species/10176/:0
[  595553ms] [ERROR] Failed to load resource: the server responded with a status of 404 () @ https://pokeapi.co/api/v2/pokemon-species/10177/:0
[  595559ms] [ERROR] Failed to load resource: the server responded with a status of 404 () @ https://pokeapi.co/api/v2/pokemon-species/10178/:0
[  595570ms] [ERROR] Failed to load resource: the server responded with a status of 404 () @ https://pokeapi.co/api/v2/pokemon-species/10179/:0
[  595570ms] [ERROR] Failed to load resource: the server responded with a status of 404 () @ https://pokeapi.co/api/v2/pokemon-species/10180/:0
[  595571ms] [ERROR] Failed to load resource: the server responded with a status of 404 () @ https://pokeapi.co/api/v2/pokemon-species/10181/:0
[  595571ms] [ERROR] Failed to load resource: the server responded with a status of 404 () @ https://pokeapi.co/api/v2/pokemon-species/10182/:0
[  595571ms] [ERROR] Failed to load resource: the server responded with a status of 404 () @ https://pokeapi.co/api/v2/pokemon-species/10183/:0
[  595571ms] [ERROR] Failed to load resource: the server responded with a status of 404 () @ https://pokeapi.co/api/v2/pokemon-species/10184/:0
[  595571ms] [ERROR] Failed to load resource: the server responded with a status of 404 () @ https://pokeapi.co/api/v2/pokemon-species/10185/:0
[  595571ms] [ERROR] Failed to load resource: the server responded with a status of 404 () @ https://pokeapi.co/api/v2/pokemon-species/10186/:0
[  595572ms] [ERROR] Failed to load resource: the server responded with a status of 404 () @ https://pokeapi.co/api/v2/pokemon-species/10187/:0
[  595572ms] [ERROR] Failed to load resource: the server responded with a status of 404 () @ https://pokeapi.co/api/v2/pokemon-species/10188/:0
[  595572ms] [ERROR] Failed to load resource: the server responded with a status of 404 () @ https://pokeapi.co/api/v2/pokemon-species/10189/:0
[  595572ms] [ERROR] Failed to load resource: the server responded with a status of 404 () @ https://pokeapi.co/api/v2/pokemon-species/10190/:0
[  595572ms] [ERROR] Failed to load resource: the server responded with a status of 404 () @ https://pokeapi.co/api/v2/pokemon-species/10191/:0
[  595572ms] [ERROR] Failed to load resource: the server responded with a status of 404 () @ https://pokeapi.co/api/v2/pokemon-species/10192/:0
[  595572ms] [ERROR] Failed to load resource: the server responded with a status of 404 () @ https://pokeapi.co/api/v2/pokemon-species/10193/:0
[  595573ms] [ERROR] Failed to load resource: the server responded with a status of 404 () @ https://pokeapi.co/api/v2/pokemon-species/10194/:0
[  595573ms] [ERROR] Failed to load resource: the server responded with a status of 404 () @ https://pokeapi.co/api/v2/pokemon-species/10195/:0
[  595602ms] [ERROR] Failed to load resource: the server responded with a status of 404 () @ https://pokeapi.co/api/v2/pokemon-species/10196/:0
[  595603ms] [ERROR] Failed to load resource: the server responded with a status of 404 () @ https://pokeapi.co/api/v2/pokemon-species/10197/:0
[  595605ms] [ERROR] Failed to load resource: the server responded with a status of 404 () @ https://pokeapi.co/api/v2/pokemon-species/10198/:0
[  595612ms] [ERROR] Failed to load resource: the server responded with a status of 404 () @ https://pokeapi.co/api/v2/pokemon-species/10199/:0
[  595624ms] [ERROR] Failed to load resource: the server responded with a status of 404 () @ https://pokeapi.co/api/v2/pokemon-species/10200/:0
[  595625ms] [ERROR] Failed to load resource: the server responded with a status of 404 () @ https://pokeapi.co/api/v2/pokemon-species/10201/:0
[  595625ms] [ERROR] Failed to load resource: the server responded with a status of 404 () @ https://pokeapi.co/api/v2/pokemon-species/10202/:0
[  595626ms] [ERROR] Failed to load resource: the server responded with a status of 404 () @ https://pokeapi.co/api/v2/pokemon-species/10203/:0
[  595626ms] [ERROR] Failed to load resource: the server responded with a status of 404 () @ https://pokeapi.co/api/v2/pokemon-species/10204/:0
[  595626ms] [ERROR] Failed to load resource: the server responded with a status of 404 () @ https://pokeapi.co/api/v2/pokemon-species/10205/:0
[  595626ms] [ERROR] Failed to load resource: the server responded with a status of 404 () @ https://pokeapi.co/api/v2/pokemon-species/10206/:0
[  595626ms] [ERROR] Failed to load resource: the server responded with a status of 404 () @ https://pokeapi.co/api/v2/pokemon-species/10207/:0
[  595626ms] [ERROR] Failed to load resource: the server responded with a status of 404 () @ https://pokeapi.co/api/v2/pokemon-species/10208/:0
[  595627ms] [ERROR] Failed to load resource: the server responded with a status of 404 () @ https://pokeapi.co/api/v2/pokemon-species/10209/:0
[  595627ms] [ERROR] Failed to load resource: the server responded with a status of 404 () @ https://pokeapi.co/api/v2/pokemon-species/10210/:0
[  595627ms] [ERROR] Failed to load resource: the server responded with a status of 404 () @ https://pokeapi.co/api/v2/pokemon-species/10211/:0
[  595627ms] [ERROR] Failed to load resource: the server responded with a status of 404 () @ https://pokeapi.co/api/v2/pokemon-species/10212/:0
[  595627ms] [ERROR] Failed to load resource: the server responded with a status of 404 () @ https://pokeapi.co/api/v2/pokemon-species/10213/:0
[  595628ms] [ERROR] Failed to load resource: the server responded with a status of 404 () @ https://pokeapi.co/api/v2/pokemon-species/10214/:0
[  595628ms] [ERROR] Failed to load resource: the server responded with a status of 404 () @ https://pokeapi.co/api/v2/pokemon-species/10215/:0
[  595654ms] [ERROR] Failed to load resource: the server responded with a status of 404 () @ https://pokeapi.co/api/v2/pokemon-species/10216/:0
[  595660ms] [ERROR] Failed to load resource: the server responded with a status of 404 () @ https://pokeapi.co/api/v2/pokemon-species/10217/:0
[  595663ms] [ERROR] Failed to load resource: the server responded with a status of 404 () @ https://pokeapi.co/api/v2/pokemon-species/10218/:0
[  595671ms] [ERROR] Failed to load resource: the server responded with a status of 404 () @ https://pokeapi.co/api/v2/pokemon-species/10219/:0
[  595683ms] [ERROR] Failed to load resource: the server responded with a status of 404 () @ https://pokeapi.co/api/v2/pokemon-species/10220/:0
[  595683ms] [ERROR] Failed to load resource: the server responded with a status of 404 () @ https://pokeapi.co/api/v2/pokemon-species/10221/:0
[  595683ms] [ERROR] Failed to load resource: the server responded with a status of 404 () @ https://pokeapi.co/api/v2/pokemon-species/10222/:0
[  595683ms] [ERROR] Failed to load resource: the server responded with a status of 404 () @ https://pokeapi.co/api/v2/pokemon-species/10223/:0
[  595684ms] [ERROR] Failed to load resource: the server responded with a status of 404 () @ https://pokeapi.co/api/v2/pokemon-species/10224/:0
[  595684ms] [ERROR] Failed to load resource: the server responded with a status of 404 () @ https://pokeapi.co/api/v2/pokemon-species/10225/:0
[  595684ms] [ERROR] Failed to load resource: the server responded with a status of 404 () @ https://pokeapi.co/api/v2/pokemon-species/10226/:0
[  595684ms] [ERROR] Failed to load resource: the server responded with a status of 404 () @ https://pokeapi.co/api/v2/pokemon-species/10227/:0
[  595684ms] [ERROR] Failed to load resource: the server responded with a status of 404 () @ https://pokeapi.co/api/v2/pokemon-species/10228/:0
[  595685ms] [ERROR] Failed to load resource: the server responded with a status of 404 () @ https://pokeapi.co/api/v2/pokemon-species/10229/:0
[  595685ms] [ERROR] Failed to load resource: the server responded with a status of 404 () @ https://pokeapi.co/api/v2/pokemon-species/10230/:0
[  595685ms] [ERROR] Failed to load resource: the server responded with a status of 404 () @ https://pokeapi.co/api/v2/pokemon-species/10231/:0
[  595685ms] [ERROR] Failed to load resource: the server responded with a status of 404 () @ https://pokeapi.co/api/v2/pokemon-species/10232/:0
[  595685ms] [ERROR] Failed to load resource: the server responded with a status of 404 () @ https://pokeapi.co/api/v2/pokemon-species/10233/:0
[  595685ms] [ERROR] Failed to load resource: the server responded with a status of 404 () @ https://pokeapi.co/api/v2/pokemon-species/10234/:0
[  595686ms] [ERROR] Failed to load resource: the server responded with a status of 404 () @ https://pokeapi.co/api/v2/pokemon-species/10235/:0
[  595716ms] [ERROR] Failed to load resource: the server responded with a status of 404 () @ https://pokeapi.co/api/v2/pokemon-species/10236/:0
[  595717ms] [ERROR] Failed to load resource: the server responded with a status of 404 () @ https://pokeapi.co/api/v2/pokemon-species/10237/:0
[  595720ms] [ERROR] Failed to load resource: the server responded with a status of 404 () @ https://pokeapi.co/api/v2/pokemon-species/10238/:0
[  595726ms] [ERROR] Failed to load resource: the server responded with a status of 404 () @ https://pokeapi.co/api/v2/pokemon-species/10239/:0
[  595738ms] [ERROR] Failed to load resource: the server responded with a status of 404 () @ https://pokeapi.co/api/v2/pokemon-species/10240/:0
[  595738ms] [ERROR] Failed to load resource: the server responded with a status of 404 () @ https://pokeapi.co/api/v2/pokemon-species/10241/:0
[  595738ms] [ERROR] Failed to load resource: the server responded with a status of 404 () @ https://pokeapi.co/api/v2/pokemon-species/10242/:0
[  595738ms] [ERROR] Failed to load resource: the server responded with a status of 404 () @ https://pokeapi.co/api/v2/pokemon-species/10243/:0
[  595739ms] [ERROR] Failed to load resource: the server responded with a status of 404 () @ https://pokeapi.co/api/v2/pokemon-species/10244/:0
[  595739ms] [ERROR] Failed to load resource: the server responded with a status of 404 () @ https://pokeapi.co/api/v2/pokemon-species/10245/:0
[  595739ms] [ERROR] Failed to load resource: the server responded with a status of 404 () @ https://pokeapi.co/api/v2/pokemon-species/10246/:0
[  595739ms] [ERROR] Failed to load resource: the server responded with a status of 404 () @ https://pokeapi.co/api/v2/pokemon-species/10247/:0
[  595739ms] [ERROR] Failed to load resource: the server responded with a status of 404 () @ https://pokeapi.co/api/v2/pokemon-species/10248/:0
[  595739ms] [ERROR] Failed to load resource: the server responded with a status of 404 () @ https://pokeapi.co/api/v2/pokemon-species/10249/:0
[  595740ms] [ERROR] Failed to load resource: the server responded with a status of 404 () @ https://pokeapi.co/api/v2/pokemon-species/10250/:0
[  595740ms] [ERROR] Failed to load resource: the server responded with a status of 404 () @ https://pokeapi.co/api/v2/pokemon-species/10251/:0
[  595740ms] [ERROR] Failed to load resource: the server responded with a status of 404 () @ https://pokeapi.co/api/v2/pokemon-species/10252/:0
[  595740ms] [ERROR] Failed to load resource: the server responded with a status of 404 () @ https://pokeapi.co/api/v2/pokemon-species/10253/:0
[  595740ms] [ERROR] Failed to load resource: the server responded with a status of 404 () @ https://pokeapi.co/api/v2/pokemon-species/10254/:0
[  595740ms] [ERROR] Failed to load resource: the server responded with a status of 404 () @ https://pokeapi.co/api/v2/pokemon-species/10255/:0
[  595765ms] [ERROR] Failed to load resource: the server responded with a status of 404 () @ https://pokeapi.co/api/v2/pokemon-species/10256/:0
[  595779ms] [ERROR] Failed to load resource: the server responded with a status of 404 () @ https://pokeapi.co/api/v2/pokemon-species/10257/:0
[  595786ms] [ERROR] Failed to load resource: the server responded with a status of 404 () @ https://pokeapi.co/api/v2/pokemon-species/10258/:0
[  595790ms] [ERROR] Failed to load resource: the server responded with a status of 404 () @ https://pokeapi.co/api/v2/pokemon-species/10259/:0
[  595790ms] [ERROR] Failed to load resource: the server responded with a status of 404 () @ https://pokeapi.co/api/v2/pokemon-species/10260/:0
[  595790ms] [ERROR] Failed to load resource: the server responded with a status of 404 () @ https://pokeapi.co/api/v2/pokemon-species/10261/:0
[  595791ms] [ERROR] Failed to load resource: the server responded with a status of 404 () @ https://pokeapi.co/api/v2/pokemon-species/10262/:0
[  595791ms] [ERROR] Failed to load resource: the server responded with a status of 404 () @ https://pokeapi.co/api/v2/pokemon-species/10263/:0
[  595791ms] [ERROR] Failed to load resource: the server responded with a status of 404 () @ https://pokeapi.co/api/v2/pokemon-species/10264/:0
[  595791ms] [ERROR] Failed to load resource: the server responded with a status of 404 () @ https://pokeapi.co/api/v2/pokemon-species/10265/:0
[  595791ms] [ERROR] Failed to load resource: the server responded with a status of 404 () @ https://pokeapi.co/api/v2/pokemon-species/10266/:0
[  595792ms] [ERROR] Failed to load resource: the server responded with a status of 404 () @ https://pokeapi.co/api/v2/pokemon-species/10267/:0
[  595792ms] [ERROR] Failed to load resource: the server responded with a status of 404 () @ https://pokeapi.co/api/v2/pokemon-species/10268/:0
[  595792ms] [ERROR] Failed to load resource: the server responded with a status of 404 () @ https://pokeapi.co/api/v2/pokemon-species/10269/:0
[  595792ms] [ERROR] Failed to load resource: the server responded with a status of 404 () @ https://pokeapi.co/api/v2/pokemon-species/10270/:0
[  595792ms] [ERROR] Failed to load resource: the server responded with a status of 404 () @ https://pokeapi.co/api/v2/pokemon-species/10271/:0
[  595792ms] [ERROR] Failed to load resource: the server responded with a status of 404 () @ https://pokeapi.co/api/v2/pokemon-species/10272/:0
[  595792ms] [ERROR] Failed to load resource: the server responded with a status of 404 () @ https://pokeapi.co/api/v2/pokemon-species/10273/:0
[  595792ms] [ERROR] Failed to load resource: the server responded with a status of 404 () @ https://pokeapi.co/api/v2/pokemon-species/10274/:0
[  595793ms] [ERROR] Failed to load resource: the server responded with a status of 404 () @ https://pokeapi.co/api/v2/pokemon-species/10275/:0
[  595818ms] [ERROR] Failed to load resource: the server responded with a status of 404 () @ https://pokeapi.co/api/v2/pokemon-species/10276/:0
[  595820ms] [ERROR] Failed to load resource: the server responded with a status of 404 () @ https://pokeapi.co/api/v2/pokemon-species/10277/:0
[  595823ms] [ERROR] Failed to load resource: the server responded with a status of 404 () @ https://pokeapi.co/api/v2/pokemon-species/10279/:0
[  595825ms] [ERROR] Failed to load resource: the server responded with a status of 404 () @ https://pokeapi.co/api/v2/pokemon-species/10280/:0
[  595825ms] [ERROR] Failed to load resource: the server responded with a status of 404 () @ https://pokeapi.co/api/v2/pokemon-species/10278/:0
[  595832ms] [ERROR] Failed to load resource: the server responded with a status of 404 () @ https://pokeapi.co/api/v2/pokemon-species/10281/:0
[  595836ms] [ERROR] Failed to load resource: the server responded with a status of 404 () @ https://pokeapi.co/api/v2/pokemon-species/10282/:0
[  595837ms] [ERROR] Failed to load resource: the server responded with a status of 404 () @ https://pokeapi.co/api/v2/pokemon-species/10283/:0
[  595837ms] [ERROR] Failed to load resource: the server responded with a status of 404 () @ https://pokeapi.co/api/v2/pokemon-species/10284/:0
[  595837ms] [ERROR] Failed to load resource: the server responded with a status of 404 () @ https://pokeapi.co/api/v2/pokemon-species/10285/:0
[  595837ms] [ERROR] Failed to load resource: the server responded with a status of 404 () @ https://pokeapi.co/api/v2/pokemon-species/10286/:0
[  595838ms] [ERROR] Failed to load resource: the server responded with a status of 404 () @ https://pokeapi.co/api/v2/pokemon-species/10287/:0
[  595838ms] [ERROR] Failed to load resource: the server responded with a status of 404 () @ https://pokeapi.co/api/v2/pokemon-species/10288/:0
[  595838ms] [ERROR] Failed to load resource: the server responded with a status of 404 () @ https://pokeapi.co/api/v2/pokemon-species/10289/:0
[  595838ms] [ERROR] Failed to load resource: the server responded with a status of 404 () @ https://pokeapi.co/api/v2/pokemon-species/10290/:0
[  595839ms] [ERROR] Failed to load resource: the server responded with a status of 404 () @ https://pokeapi.co/api/v2/pokemon-species/10291/:0
[  595839ms] [ERROR] Failed to load resource: the server responded with a status of 404 () @ https://pokeapi.co/api/v2/pokemon-species/10292/:0
[  595839ms] [ERROR] Failed to load resource: the server responded with a status of 404 () @ https://pokeapi.co/api/v2/pokemon-species/10293/:0
[  595839ms] [ERROR] Failed to load resource: the server responded with a status of 404 () @ https://pokeapi.co/api/v2/pokemon-species/10294/:0
[  595840ms] [ERROR] Failed to load resource: the server responded with a status of 404 () @ https://pokeapi.co/api/v2/pokemon-species/10295/:0
[  595864ms] [ERROR] Failed to load resource: the server responded with a status of 404 () @ https://pokeapi.co/api/v2/pokemon-species/10296/:0
[  595868ms] [ERROR] Failed to load resource: the server responded with a status of 404 () @ https://pokeapi.co/api/v2/pokemon-species/10297/:0
[  595870ms] [ERROR] Failed to load resource: the server responded with a status of 404 () @ https://pokeapi.co/api/v2/pokemon-species/10300/:0
[  595870ms] [ERROR] Failed to load resource: the server responded with a status of 404 () @ https://pokeapi.co/api/v2/pokemon-species/10301/:0
[  595872ms] [ERROR] Failed to load resource: the server responded with a status of 404 () @ https://pokeapi.co/api/v2/pokemon-species/10298/:0
[  595873ms] [ERROR] Failed to load resource: the server responded with a status of 404 () @ https://pokeapi.co/api/v2/pokemon-species/10302/:0
[  595873ms] [ERROR] Failed to load resource: the server responded with a status of 404 () @ https://pokeapi.co/api/v2/pokemon-species/10299/:0
[  595873ms] [ERROR] Failed to load resource: the server responded with a status of 404 () @ https://pokeapi.co/api/v2/pokemon-species/10303/:0
[  595874ms] [ERROR] Failed to load resource: the server responded with a status of 404 () @ https://pokeapi.co/api/v2/pokemon-species/10304/:0
[  595879ms] [ERROR] Failed to load resource: the server responded with a status of 404 () @ https://pokeapi.co/api/v2/pokemon-species/10305/:0
[  595879ms] [ERROR] Failed to load resource: the server responded with a status of 404 () @ https://pokeapi.co/api/v2/pokemon-species/10306/:0
[  595880ms] [ERROR] Failed to load resource: the server responded with a status of 404 () @ https://pokeapi.co/api/v2/pokemon-species/10307/:0
[  595883ms] [ERROR] Failed to load resource: the server responded with a status of 404 () @ https://pokeapi.co/api/v2/pokemon-species/10308/:0
[  595883ms] [ERROR] Failed to load resource: the server responded with a status of 404 () @ https://pokeapi.co/api/v2/pokemon-species/10309/:0
[  595883ms] [ERROR] Failed to load resource: the server responded with a status of 404 () @ https://pokeapi.co/api/v2/pokemon-species/10310/:0
[  595883ms] [ERROR] Failed to load resource: the server responded with a status of 404 () @ https://pokeapi.co/api/v2/pokemon-species/10311/:0
[  595883ms] [ERROR] Failed to load resource: the server responded with a status of 404 () @ https://pokeapi.co/api/v2/pokemon-species/10312/:0
[  595883ms] [ERROR] Failed to load resource: the server responded with a status of 404 () @ https://pokeapi.co/api/v2/pokemon-species/10313/:0
[  595884ms] [ERROR] Failed to load resource: the server responded with a status of 404 () @ https://pokeapi.co/api/v2/pokemon-species/10314/:0
[  595884ms] [ERROR] Failed to load resource: the server responded with a status of 404 () @ https://pokeapi.co/api/v2/pokemon-species/10315/:0
[  595904ms] [ERROR] Failed to load resource: the server responded with a status of 404 () @ https://pokeapi.co/api/v2/pokemon-species/10316/:0
[  595906ms] [ERROR] Failed to load resource: the server responded with a status of 404 () @ https://pokeapi.co/api/v2/pokemon-species/10317/:0
[  595906ms] [ERROR] Failed to load resource: the server responded with a status of 404 () @ https://pokeapi.co/api/v2/pokemon-species/10318/:0
[  595907ms] [ERROR] Failed to load resource: the server responded with a status of 404 () @ https://pokeapi.co/api/v2/pokemon-species/10319/:0
[  595909ms] [ERROR] Failed to load resource: the server responded with a status of 404 () @ https://pokeapi.co/api/v2/pokemon-species/10320/:0
[  595910ms] [ERROR] Failed to load resource: the server responded with a status of 404 () @ https://pokeapi.co/api/v2/pokemon-species/10321/:0
[  595911ms] [ERROR] Failed to load resource: the server responded with a status of 404 () @ https://pokeapi.co/api/v2/pokemon-species/10322/:0
[  595911ms] [ERROR] Failed to load resource: the server responded with a status of 404 () @ https://pokeapi.co/api/v2/pokemon-species/10323/:0
[  595912ms] [ERROR] Failed to load resource: the server responded with a status of 404 () @ https://pokeapi.co/api/v2/pokemon-species/10324/:0
[  595912ms] [ERROR] Failed to load resource: the server responded with a status of 404 () @ https://pokeapi.co/api/v2/pokemon-species/10325/:0
[  608651ms] [ERROR] Failed to load resource: the server responded with a status of 404 () @ https://pokeapi.co/api/v2/pokemon-species/10002/:0
[  608655ms] [ERROR] Failed to load resource: the server responded with a status of 404 () @ https://pokeapi.co/api/v2/pokemon-species/10001/:0
[  608657ms] [ERROR] Failed to load resource: the server responded with a status of 404 () @ https://pokeapi.co/api/v2/pokemon-species/10003/:0
[  608657ms] [ERROR] Failed to load resource: the server responded with a status of 404 () @ https://pokeapi.co/api/v2/pokemon-species/10004/:0
[  608658ms] [ERROR] Failed to load resource: the server responded with a status of 404 () @ https://pokeapi.co/api/v2/pokemon-species/10005/:0
[  608658ms] [ERROR] Failed to load resource: the server responded with a status of 404 () @ https://pokeapi.co/api/v2/pokemon-species/10006/:0
[  608658ms] [ERROR] Failed to load resource: the server responded with a status of 404 () @ https://pokeapi.co/api/v2/pokemon-species/10007/:0
[  608658ms] [ERROR] Failed to load resource: the server responded with a status of 404 () @ https://pokeapi.co/api/v2/pokemon-species/10008/:0
[  608658ms] [ERROR] Failed to load resource: the server responded with a status of 404 () @ https://pokeapi.co/api/v2/pokemon-species/10009/:0
[  608659ms] [ERROR] Failed to load resource: the server responded with a status of 404 () @ https://pokeapi.co/api/v2/pokemon-species/10010/:0
[  608659ms] [ERROR] Failed to load resource: the server responded with a status of 404 () @ https://pokeapi.co/api/v2/pokemon-species/10011/:0
[  608659ms] [ERROR] Failed to load resource: the server responded with a status of 404 () @ https://pokeapi.co/api/v2/pokemon-species/10012/:0
[  608660ms] [ERROR] Failed to load resource: the server responded with a status of 404 () @ https://pokeapi.co/api/v2/pokemon-species/10013/:0
[  608660ms] [ERROR] Failed to load resource: the server responded with a status of 404 () @ https://pokeapi.co/api/v2/pokemon-species/10014/:0
[  608660ms] [ERROR] Failed to load resource: the server responded with a status of 404 () @ https://pokeapi.co/api/v2/pokemon-species/10015/:0
[  608684ms] [ERROR] Failed to load resource: the server responded with a status of 404 () @ https://pokeapi.co/api/v2/pokemon-species/10016/:0
[  608695ms] [ERROR] Failed to load resource: the server responded with a status of 404 () @ https://pokeapi.co/api/v2/pokemon-species/10017/:0
[  608696ms] [ERROR] Failed to load resource: the server responded with a status of 404 () @ https://pokeapi.co/api/v2/pokemon-species/10018/:0
[  608697ms] [ERROR] Failed to load resource: the server responded with a status of 404 () @ https://pokeapi.co/api/v2/pokemon-species/10019/:0
[  608698ms] [ERROR] Failed to load resource: the server responded with a status of 404 () @ https://pokeapi.co/api/v2/pokemon-species/10020/:0
[  608699ms] [ERROR] Failed to load resource: the server responded with a status of 404 () @ https://pokeapi.co/api/v2/pokemon-species/10021/:0
[  608700ms] [ERROR] Failed to load resource: the server responded with a status of 404 () @ https://pokeapi.co/api/v2/pokemon-species/10022/:0
[  608700ms] [ERROR] Failed to load resource: the server responded with a status of 404 () @ https://pokeapi.co/api/v2/pokemon-species/10023/:0
[  608700ms] [ERROR] Failed to load resource: the server responded with a status of 404 () @ https://pokeapi.co/api/v2/pokemon-species/10024/:0
[  608700ms] [ERROR] Failed to load resource: the server responded with a status of 404 () @ https://pokeapi.co/api/v2/pokemon-species/10025/:0
[  608701ms] [ERROR] Failed to load resource: the server responded with a status of 404 () @ https://pokeapi.co/api/v2/pokemon-species/10026/:0
[  608701ms] [ERROR] Failed to load resource: the server responded with a status of 404 () @ https://pokeapi.co/api/v2/pokemon-species/10027/:0
[  608701ms] [ERROR] Failed to load resource: the server responded with a status of 404 () @ https://pokeapi.co/api/v2/pokemon-species/10028/:0
[  608701ms] [ERROR] Failed to load resource: the server responded with a status of 404 () @ https://pokeapi.co/api/v2/pokemon-species/10029/:0
[  608702ms] [ERROR] Failed to load resource: the server responded with a status of 404 () @ https://pokeapi.co/api/v2/pokemon-species/10030/:0
[  608702ms] [ERROR] Failed to load resource: the server responded with a status of 404 () @ https://pokeapi.co/api/v2/pokemon-species/10031/:0
[  608702ms] [ERROR] Failed to load resource: the server responded with a status of 404 () @ https://pokeapi.co/api/v2/pokemon-species/10032/:0
[  608702ms] [ERROR] Failed to load resource: the server responded with a status of 404 () @ https://pokeapi.co/api/v2/pokemon-species/10033/:0
[  608702ms] [ERROR] Failed to load resource: the server responded with a status of 404 () @ https://pokeapi.co/api/v2/pokemon-species/10034/:0
[  608703ms] [ERROR] Failed to load resource: the server responded with a status of 404 () @ https://pokeapi.co/api/v2/pokemon-species/10035/:0
[  608737ms] [ERROR] Failed to load resource: the server responded with a status of 404 () @ https://pokeapi.co/api/v2/pokemon-species/10036/:0
[  608740ms] [ERROR] Failed to load resource: the server responded with a status of 404 () @ https://pokeapi.co/api/v2/pokemon-species/10037/:0
[  608749ms] [ERROR] Failed to load resource: the server responded with a status of 404 () @ https://pokeapi.co/api/v2/pokemon-species/10038/:0
[  608750ms] [ERROR] Failed to load resource: the server responded with a status of 404 () @ https://pokeapi.co/api/v2/pokemon-species/10039/:0
[  608750ms] [ERROR] Failed to load resource: the server responded with a status of 404 () @ https://pokeapi.co/api/v2/pokemon-species/10040/:0
[  608750ms] [ERROR] Failed to load resource: the server responded with a status of 404 () @ https://pokeapi.co/api/v2/pokemon-species/10041/:0
[  608751ms] [ERROR] Failed to load resource: the server responded with a status of 404 () @ https://pokeapi.co/api/v2/pokemon-species/10042/:0
[  608751ms] [ERROR] Failed to load resource: the server responded with a status of 404 () @ https://pokeapi.co/api/v2/pokemon-species/10043/:0
[  608751ms] [ERROR] Failed to load resource: the server responded with a status of 404 () @ https://pokeapi.co/api/v2/pokemon-species/10044/:0
[  608751ms] [ERROR] Failed to load resource: the server responded with a status of 404 () @ https://pokeapi.co/api/v2/pokemon-species/10045/:0
[  608751ms] [ERROR] Failed to load resource: the server responded with a status of 404 () @ https://pokeapi.co/api/v2/pokemon-species/10046/:0
[  608752ms] [ERROR] Failed to load resource: the server responded with a status of 404 () @ https://pokeapi.co/api/v2/pokemon-species/10047/:0
[  608752ms] [ERROR] Failed to load resource: the server responded with a status of 404 () @ https://pokeapi.co/api/v2/pokemon-species/10048/:0
[  608752ms] [ERROR] Failed to load resource: the server responded with a status of 404 () @ https://pokeapi.co/api/v2/pokemon-species/10049/:0
[  608753ms] [ERROR] Failed to load resource: the server responded with a status of 404 () @ https://pokeapi.co/api/v2/pokemon-species/10050/:0
[  608753ms] [ERROR] Failed to load resource: the server responded with a status of 404 () @ https://pokeapi.co/api/v2/pokemon-species/10051/:0
[  608753ms] [ERROR] Failed to load resource: the server responded with a status of 404 () @ https://pokeapi.co/api/v2/pokemon-species/10052/:0
[  608753ms] [ERROR] Failed to load resource: the server responded with a status of 404 () @ https://pokeapi.co/api/v2/pokemon-species/10053/:0
[  608754ms] [ERROR] Failed to load resource: the server responded with a status of 404 () @ https://pokeapi.co/api/v2/pokemon-species/10054/:0
[  608754ms] [ERROR] Failed to load resource: the server responded with a status of 404 () @ https://pokeapi.co/api/v2/pokemon-species/10055/:0
[  608781ms] [ERROR] Failed to load resource: the server responded with a status of 404 () @ https://pokeapi.co/api/v2/pokemon-species/10056/:0
[  608790ms] [ERROR] Failed to load resource: the server responded with a status of 404 () @ https://pokeapi.co/api/v2/pokemon-species/10059/:0
[  608790ms] [ERROR] Failed to load resource: the server responded with a status of 404 () @ https://pokeapi.co/api/v2/pokemon-species/10060/:0
[  608791ms] [ERROR] Failed to load resource: the server responded with a status of 404 () @ https://pokeapi.co/api/v2/pokemon-species/10057/:0
[  608792ms] [ERROR] Failed to load resource: the server responded with a status of 404 () @ https://pokeapi.co/api/v2/pokemon-species/10058/:0
[  608792ms] [ERROR] Failed to load resource: the server responded with a status of 404 () @ https://pokeapi.co/api/v2/pokemon-species/10061/:0
[  608795ms] [ERROR] Failed to load resource: the server responded with a status of 404 () @ https://pokeapi.co/api/v2/pokemon-species/10062/:0
[  608795ms] [ERROR] Failed to load resource: the server responded with a status of 404 () @ https://pokeapi.co/api/v2/pokemon-species/10063/:0
[  608795ms] [ERROR] Failed to load resource: the server responded with a status of 404 () @ https://pokeapi.co/api/v2/pokemon-species/10064/:0
[  608796ms] [ERROR] Failed to load resource: the server responded with a status of 404 () @ https://pokeapi.co/api/v2/pokemon-species/10065/:0
[  608796ms] [ERROR] Failed to load resource: the server responded with a status of 404 () @ https://pokeapi.co/api/v2/pokemon-species/10066/:0
[  608796ms] [ERROR] Failed to load resource: the server responded with a status of 404 () @ https://pokeapi.co/api/v2/pokemon-species/10067/:0
[  608796ms] [ERROR] Failed to load resource: the server responded with a status of 404 () @ https://pokeapi.co/api/v2/pokemon-species/10068/:0
[  608797ms] [ERROR] Failed to load resource: the server responded with a status of 404 () @ https://pokeapi.co/api/v2/pokemon-species/10069/:0
[  608797ms] [ERROR] Failed to load resource: the server responded with a status of 404 () @ https://pokeapi.co/api/v2/pokemon-species/10070/:0
[  608797ms] [ERROR] Failed to load resource: the server responded with a status of 404 () @ https://pokeapi.co/api/v2/pokemon-species/10071/:0
[  608797ms] [ERROR] Failed to load resource: the server responded with a status of 404 () @ https://pokeapi.co/api/v2/pokemon-species/10072/:0
[  608797ms] [ERROR] Failed to load resource: the server responded with a status of 404 () @ https://pokeapi.co/api/v2/pokemon-species/10073/:0
[  608798ms] [ERROR] Failed to load resource: the server responded with a status of 404 () @ https://pokeapi.co/api/v2/pokemon-species/10074/:0
[  608798ms] [ERROR] Failed to load resource: the server responded with a status of 404 () @ https://pokeapi.co/api/v2/pokemon-species/10075/:0
[  608820ms] [ERROR] Failed to load resource: the server responded with a status of 404 () @ https://pokeapi.co/api/v2/pokemon-species/10076/:0
[  608822ms] [ERROR] Failed to load resource: the server responded with a status of 404 () @ https://pokeapi.co/api/v2/pokemon-species/10077/:0
[  608828ms] [ERROR] Failed to load resource: the server responded with a status of 404 () @ https://pokeapi.co/api/v2/pokemon-species/10079/:0
[  608828ms] [ERROR] Failed to load resource: the server responded with a status of 404 () @ https://pokeapi.co/api/v2/pokemon-species/10080/:0
[  608829ms] [ERROR] Failed to load resource: the server responded with a status of 404 () @ https://pokeapi.co/api/v2/pokemon-species/10078/:0
[  608830ms] [ERROR] Failed to load resource: the server responded with a status of 404 () @ https://pokeapi.co/api/v2/pokemon-species/10081/:0
[  608833ms] [ERROR] Failed to load resource: the server responded with a status of 404 () @ https://pokeapi.co/api/v2/pokemon-species/10082/:0
[  608833ms] [ERROR] Failed to load resource: the server responded with a status of 404 () @ https://pokeapi.co/api/v2/pokemon-species/10083/:0
[  608833ms] [ERROR] Failed to load resource: the server responded with a status of 404 () @ https://pokeapi.co/api/v2/pokemon-species/10084/:0
[  608834ms] [ERROR] Failed to load resource: the server responded with a status of 404 () @ https://pokeapi.co/api/v2/pokemon-species/10085/:0
[  608834ms] [ERROR] Failed to load resource: the server responded with a status of 404 () @ https://pokeapi.co/api/v2/pokemon-species/10086/:0
[  608834ms] [ERROR] Failed to load resource: the server responded with a status of 404 () @ https://pokeapi.co/api/v2/pokemon-species/10087/:0
[  608834ms] [ERROR] Failed to load resource: the server responded with a status of 404 () @ https://pokeapi.co/api/v2/pokemon-species/10088/:0
[  608835ms] [ERROR] Failed to load resource: the server responded with a status of 404 () @ https://pokeapi.co/api/v2/pokemon-species/10089/:0
[  608835ms] [ERROR] Failed to load resource: the server responded with a status of 404 () @ https://pokeapi.co/api/v2/pokemon-species/10090/:0
[  608835ms] [ERROR] Failed to load resource: the server responded with a status of 404 () @ https://pokeapi.co/api/v2/pokemon-species/10091/:0
[  608835ms] [ERROR] Failed to load resource: the server responded with a status of 404 () @ https://pokeapi.co/api/v2/pokemon-species/10092/:0
[  608835ms] [ERROR] Failed to load resource: the server responded with a status of 404 () @ https://pokeapi.co/api/v2/pokemon-species/10093/:0
[  608836ms] [ERROR] Failed to load resource: the server responded with a status of 404 () @ https://pokeapi.co/api/v2/pokemon-species/10094/:0
[  608836ms] [ERROR] Failed to load resource: the server responded with a status of 404 () @ https://pokeapi.co/api/v2/pokemon-species/10095/:0
[  608860ms] [ERROR] Failed to load resource: the server responded with a status of 404 () @ https://pokeapi.co/api/v2/pokemon-species/10096/:0
[  608871ms] [ERROR] Failed to load resource: the server responded with a status of 404 () @ https://pokeapi.co/api/v2/pokemon-species/10099/:0
[  608871ms] [ERROR] Failed to load resource: the server responded with a status of 404 () @ https://pokeapi.co/api/v2/pokemon-species/10100/:0
[  608872ms] [ERROR] Failed to load resource: the server responded with a status of 404 () @ https://pokeapi.co/api/v2/pokemon-species/10101/:0
[  608872ms] [ERROR] Failed to load resource: the server responded with a status of 404 () @ https://pokeapi.co/api/v2/pokemon-species/10097/:0
[  608873ms] [ERROR] Failed to load resource: the server responded with a status of 404 () @ https://pokeapi.co/api/v2/pokemon-species/10102/:0
[  608876ms] [ERROR] Failed to load resource: the server responded with a status of 404 () @ https://pokeapi.co/api/v2/pokemon-species/10103/:0
[  608876ms] [ERROR] Failed to load resource: the server responded with a status of 404 () @ https://pokeapi.co/api/v2/pokemon-species/10098/:0
[  608877ms] [ERROR] Failed to load resource: the server responded with a status of 404 () @ https://pokeapi.co/api/v2/pokemon-species/10104/:0
[  608877ms] [ERROR] Failed to load resource: the server responded with a status of 404 () @ https://pokeapi.co/api/v2/pokemon-species/10105/:0
[  608877ms] [ERROR] Failed to load resource: the server responded with a status of 404 () @ https://pokeapi.co/api/v2/pokemon-species/10106/:0
[  608877ms] [ERROR] Failed to load resource: the server responded with a status of 404 () @ https://pokeapi.co/api/v2/pokemon-species/10107/:0
[  608877ms] [ERROR] Failed to load resource: the server responded with a status of 404 () @ https://pokeapi.co/api/v2/pokemon-species/10108/:0
[  608878ms] [ERROR] Failed to load resource: the server responded with a status of 404 () @ https://pokeapi.co/api/v2/pokemon-species/10109/:0
[  608878ms] [ERROR] Failed to load resource: the server responded with a status of 404 () @ https://pokeapi.co/api/v2/pokemon-species/10110/:0
[  608878ms] [ERROR] Failed to load resource: the server responded with a status of 404 () @ https://pokeapi.co/api/v2/pokemon-species/10111/:0
[  608879ms] [ERROR] Failed to load resource: the server responded with a status of 404 () @ https://pokeapi.co/api/v2/pokemon-species/10112/:0
[  608879ms] [ERROR] Failed to load resource: the server responded with a status of 404 () @ https://pokeapi.co/api/v2/pokemon-species/10113/:0
[  608879ms] [ERROR] Failed to load resource: the server responded with a status of 404 () @ https://pokeapi.co/api/v2/pokemon-species/10114/:0
[  608879ms] [ERROR] Failed to load resource: the server responded with a status of 404 () @ https://pokeapi.co/api/v2/pokemon-species/10115/:0
[  608905ms] [ERROR] Failed to load resource: the server responded with a status of 404 () @ https://pokeapi.co/api/v2/pokemon-species/10116/:0
[  608910ms] [ERROR] Failed to load resource: the server responded with a status of 404 () @ https://pokeapi.co/api/v2/pokemon-species/10117/:0
[  608913ms] [ERROR] Failed to load resource: the server responded with a status of 404 () @ https://pokeapi.co/api/v2/pokemon-species/10120/:0
[  608914ms] [ERROR] Failed to load resource: the server responded with a status of 404 () @ https://pokeapi.co/api/v2/pokemon-species/10121/:0
[  608918ms] [ERROR] Failed to load resource: the server responded with a status of 404 () @ https://pokeapi.co/api/v2/pokemon-species/10118/:0
[  608919ms] [ERROR] Failed to load resource: the server responded with a status of 404 () @ https://pokeapi.co/api/v2/pokemon-species/10119/:0
[  608920ms] [ERROR] Failed to load resource: the server responded with a status of 404 () @ https://pokeapi.co/api/v2/pokemon-species/10122/:0
[  608920ms] [ERROR] Failed to load resource: the server responded with a status of 404 () @ https://pokeapi.co/api/v2/pokemon-species/10123/:0
[  608920ms] [ERROR] Failed to load resource: the server responded with a status of 404 () @ https://pokeapi.co/api/v2/pokemon-species/10124/:0
[  608921ms] [ERROR] Failed to load resource: the server responded with a status of 404 () @ https://pokeapi.co/api/v2/pokemon-species/10125/:0
[  608921ms] [ERROR] Failed to load resource: the server responded with a status of 404 () @ https://pokeapi.co/api/v2/pokemon-species/10126/:0
[  608921ms] [ERROR] Failed to load resource: the server responded with a status of 404 () @ https://pokeapi.co/api/v2/pokemon-species/10127/:0
[  608921ms] [ERROR] Failed to load resource: the server responded with a status of 404 () @ https://pokeapi.co/api/v2/pokemon-species/10128/:0
[  608922ms] [ERROR] Failed to load resource: the server responded with a status of 404 () @ https://pokeapi.co/api/v2/pokemon-species/10129/:0
[  608923ms] [ERROR] Failed to load resource: the server responded with a status of 404 () @ https://pokeapi.co/api/v2/pokemon-species/10130/:0
[  608923ms] [ERROR] Failed to load resource: the server responded with a status of 404 () @ https://pokeapi.co/api/v2/pokemon-species/10131/:0
[  608923ms] [ERROR] Failed to load resource: the server responded with a status of 404 () @ https://pokeapi.co/api/v2/pokemon-species/10132/:0
[  608924ms] [ERROR] Failed to load resource: the server responded with a status of 404 () @ https://pokeapi.co/api/v2/pokemon-species/10133/:0
[  608924ms] [ERROR] Failed to load resource: the server responded with a status of 404 () @ https://pokeapi.co/api/v2/pokemon-species/10134/:0
[  608924ms] [ERROR] Failed to load resource: the server responded with a status of 404 () @ https://pokeapi.co/api/v2/pokemon-species/10135/:0
[  608954ms] [ERROR] Failed to load resource: the server responded with a status of 404 () @ https://pokeapi.co/api/v2/pokemon-species/10136/:0
[  608955ms] [ERROR] Failed to load resource: the server responded with a status of 404 () @ https://pokeapi.co/api/v2/pokemon-species/10137/:0
[  608965ms] [ERROR] Failed to load resource: the server responded with a status of 404 () @ https://pokeapi.co/api/v2/pokemon-species/10138/:0
[  608965ms] [ERROR] Failed to load resource: the server responded with a status of 404 () @ https://pokeapi.co/api/v2/pokemon-species/10141/:0
[  608966ms] [ERROR] Failed to load resource: the server responded with a status of 404 () @ https://pokeapi.co/api/v2/pokemon-species/10139/:0
[  608966ms] [ERROR] Failed to load resource: the server responded with a status of 404 () @ https://pokeapi.co/api/v2/pokemon-species/10140/:0
[  608970ms] [ERROR] Failed to load resource: the server responded with a status of 404 () @ https://pokeapi.co/api/v2/pokemon-species/10142/:0
[  608972ms] [ERROR] Failed to load resource: the server responded with a status of 404 () @ https://pokeapi.co/api/v2/pokemon-species/10143/:0
[  608972ms] [ERROR] Failed to load resource: the server responded with a status of 404 () @ https://pokeapi.co/api/v2/pokemon-species/10144/:0
[  608972ms] [ERROR] Failed to load resource: the server responded with a status of 404 () @ https://pokeapi.co/api/v2/pokemon-species/10145/:0
[  608973ms] [ERROR] Failed to load resource: the server responded with a status of 404 () @ https://pokeapi.co/api/v2/pokemon-species/10146/:0
[  608974ms] [ERROR] Failed to load resource: the server responded with a status of 404 () @ https://pokeapi.co/api/v2/pokemon-species/10147/:0
[  608974ms] [ERROR] Failed to load resource: the server responded with a status of 404 () @ https://pokeapi.co/api/v2/pokemon-species/10148/:0
[  608974ms] [ERROR] Failed to load resource: the server responded with a status of 404 () @ https://pokeapi.co/api/v2/pokemon-species/10149/:0
[  608975ms] [ERROR] Failed to load resource: the server responded with a status of 404 () @ https://pokeapi.co/api/v2/pokemon-species/10150/:0
[  608975ms] [ERROR] Failed to load resource: the server responded with a status of 404 () @ https://pokeapi.co/api/v2/pokemon-species/10151/:0
[  608975ms] [ERROR] Failed to load resource: the server responded with a status of 404 () @ https://pokeapi.co/api/v2/pokemon-species/10152/:0
[  608975ms] [ERROR] Failed to load resource: the server responded with a status of 404 () @ https://pokeapi.co/api/v2/pokemon-species/10153/:0
[  608975ms] [ERROR] Failed to load resource: the server responded with a status of 404 () @ https://pokeapi.co/api/v2/pokemon-species/10154/:0
[  608976ms] [ERROR] Failed to load resource: the server responded with a status of 404 () @ https://pokeapi.co/api/v2/pokemon-species/10155/:0
[  609000ms] [ERROR] Failed to load resource: the server responded with a status of 404 () @ https://pokeapi.co/api/v2/pokemon-species/10156/:0
[  609007ms] [ERROR] Failed to load resource: the server responded with a status of 404 () @ https://pokeapi.co/api/v2/pokemon-species/10158/:0
[  609007ms] [ERROR] Failed to load resource: the server responded with a status of 404 () @ https://pokeapi.co/api/v2/pokemon-species/10157/:0
[  609009ms] [ERROR] Failed to load resource: the server responded with a status of 404 () @ https://pokeapi.co/api/v2/pokemon-species/10159/:0
[  609010ms] [ERROR] Failed to load resource: the server responded with a status of 404 () @ https://pokeapi.co/api/v2/pokemon-species/10160/:0
[  609011ms] [ERROR] Failed to load resource: the server responded with a status of 404 () @ https://pokeapi.co/api/v2/pokemon-species/10161/:0
[  609013ms] [ERROR] Failed to load resource: the server responded with a status of 404 () @ https://pokeapi.co/api/v2/pokemon-species/10162/:0
[  609013ms] [ERROR] Failed to load resource: the server responded with a status of 404 () @ https://pokeapi.co/api/v2/pokemon-species/10163/:0
[  609014ms] [ERROR] Failed to load resource: the server responded with a status of 404 () @ https://pokeapi.co/api/v2/pokemon-species/10164/:0
[  609014ms] [ERROR] Failed to load resource: the server responded with a status of 404 () @ https://pokeapi.co/api/v2/pokemon-species/10165/:0
[  609014ms] [ERROR] Failed to load resource: the server responded with a status of 404 () @ https://pokeapi.co/api/v2/pokemon-species/10166/:0
[  609014ms] [ERROR] Failed to load resource: the server responded with a status of 404 () @ https://pokeapi.co/api/v2/pokemon-species/10167/:0
[  609015ms] [ERROR] Failed to load resource: the server responded with a status of 404 () @ https://pokeapi.co/api/v2/pokemon-species/10168/:0
[  609015ms] [ERROR] Failed to load resource: the server responded with a status of 404 () @ https://pokeapi.co/api/v2/pokemon-species/10169/:0
[  609015ms] [ERROR] Failed to load resource: the server responded with a status of 404 () @ https://pokeapi.co/api/v2/pokemon-species/10170/:0
[  609015ms] [ERROR] Failed to load resource: the server responded with a status of 404 () @ https://pokeapi.co/api/v2/pokemon-species/10171/:0
[  609015ms] [ERROR] Failed to load resource: the server responded with a status of 404 () @ https://pokeapi.co/api/v2/pokemon-species/10172/:0
[  609016ms] [ERROR] Failed to load resource: the server responded with a status of 404 () @ https://pokeapi.co/api/v2/pokemon-species/10173/:0
[  609016ms] [ERROR] Failed to load resource: the server responded with a status of 404 () @ https://pokeapi.co/api/v2/pokemon-species/10174/:0
[  609016ms] [ERROR] Failed to load resource: the server responded with a status of 404 () @ https://pokeapi.co/api/v2/pokemon-species/10175/:0
[  609041ms] [ERROR] Failed to load resource: the server responded with a status of 404 () @ https://pokeapi.co/api/v2/pokemon-species/10176/:0
[  609045ms] [ERROR] Failed to load resource: the server responded with a status of 404 () @ https://pokeapi.co/api/v2/pokemon-species/10177/:0
[  609047ms] [ERROR] Failed to load resource: the server responded with a status of 404 () @ https://pokeapi.co/api/v2/pokemon-species/10179/:0
[  609049ms] [ERROR] Failed to load resource: the server responded with a status of 404 () @ https://pokeapi.co/api/v2/pokemon-species/10180/:0
[  609050ms] [ERROR] Failed to load resource: the server responded with a status of 404 () @ https://pokeapi.co/api/v2/pokemon-species/10181/:0
[  609050ms] [ERROR] Failed to load resource: the server responded with a status of 404 () @ https://pokeapi.co/api/v2/pokemon-species/10178/:0
[  609052ms] [ERROR] Failed to load resource: the server responded with a status of 404 () @ https://pokeapi.co/api/v2/pokemon-species/10182/:0
[  609054ms] [ERROR] Failed to load resource: the server responded with a status of 404 () @ https://pokeapi.co/api/v2/pokemon-species/10183/:0
[  609054ms] [ERROR] Failed to load resource: the server responded with a status of 404 () @ https://pokeapi.co/api/v2/pokemon-species/10184/:0
[  609054ms] [ERROR] Failed to load resource: the server responded with a status of 404 () @ https://pokeapi.co/api/v2/pokemon-species/10185/:0
[  609054ms] [ERROR] Failed to load resource: the server responded with a status of 404 () @ https://pokeapi.co/api/v2/pokemon-species/10186/:0
[  609055ms] [ERROR] Failed to load resource: the server responded with a status of 404 () @ https://pokeapi.co/api/v2/pokemon-species/10187/:0
[  609055ms] [ERROR] Failed to load resource: the server responded with a status of 404 () @ https://pokeapi.co/api/v2/pokemon-species/10188/:0
[  609055ms] [ERROR] Failed to load resource: the server responded with a status of 404 () @ https://pokeapi.co/api/v2/pokemon-species/10189/:0
[  609055ms] [ERROR] Failed to load resource: the server responded with a status of 404 () @ https://pokeapi.co/api/v2/pokemon-species/10190/:0
[  609056ms] [ERROR] Failed to load resource: the server responded with a status of 404 () @ https://pokeapi.co/api/v2/pokemon-species/10191/:0
[  609056ms] [ERROR] Failed to load resource: the server responded with a status of 404 () @ https://pokeapi.co/api/v2/pokemon-species/10192/:0
[  609056ms] [ERROR] Failed to load resource: the server responded with a status of 404 () @ https://pokeapi.co/api/v2/pokemon-species/10193/:0
[  609056ms] [ERROR] Failed to load resource: the server responded with a status of 404 () @ https://pokeapi.co/api/v2/pokemon-species/10194/:0
[  609056ms] [ERROR] Failed to load resource: the server responded with a status of 404 () @ https://pokeapi.co/api/v2/pokemon-species/10195/:0
[  609078ms] [ERROR] Failed to load resource: the server responded with a status of 404 () @ https://pokeapi.co/api/v2/pokemon-species/10196/:0
[  609082ms] [ERROR] Failed to load resource: the server responded with a status of 404 () @ https://pokeapi.co/api/v2/pokemon-species/10197/:0
[  609084ms] [ERROR] Failed to load resource: the server responded with a status of 404 () @ https://pokeapi.co/api/v2/pokemon-species/10200/:0
[  609085ms] [ERROR] Failed to load resource: the server responded with a status of 404 () @ https://pokeapi.co/api/v2/pokemon-species/10201/:0
[  609085ms] [ERROR] Failed to load resource: the server responded with a status of 404 () @ https://pokeapi.co/api/v2/pokemon-species/10202/:0
[  609086ms] [ERROR] Failed to load resource: the server responded with a status of 404 () @ https://pokeapi.co/api/v2/pokemon-species/10198/:0
[  609087ms] [ERROR] Failed to load resource: the server responded with a status of 404 () @ https://pokeapi.co/api/v2/pokemon-species/10199/:0
[  609087ms] [ERROR] Failed to load resource: the server responded with a status of 404 () @ https://pokeapi.co/api/v2/pokemon-species/10203/:0
[  609088ms] [ERROR] Failed to load resource: the server responded with a status of 404 () @ https://pokeapi.co/api/v2/pokemon-species/10204/:0
[  609088ms] [ERROR] Failed to load resource: the server responded with a status of 404 () @ https://pokeapi.co/api/v2/pokemon-species/10205/:0
[  609088ms] [ERROR] Failed to load resource: the server responded with a status of 404 () @ https://pokeapi.co/api/v2/pokemon-species/10206/:0
[  609088ms] [ERROR] Failed to load resource: the server responded with a status of 404 () @ https://pokeapi.co/api/v2/pokemon-species/10207/:0
[  609089ms] [ERROR] Failed to load resource: the server responded with a status of 404 () @ https://pokeapi.co/api/v2/pokemon-species/10208/:0
[  609089ms] [ERROR] Failed to load resource: the server responded with a status of 404 () @ https://pokeapi.co/api/v2/pokemon-species/10209/:0
[  609089ms] [ERROR] Failed to load resource: the server responded with a status of 404 () @ https://pokeapi.co/api/v2/pokemon-species/10210/:0
[  609089ms] [ERROR] Failed to load resource: the server responded with a status of 404 () @ https://pokeapi.co/api/v2/pokemon-species/10211/:0
[  609089ms] [ERROR] Failed to load resource: the server responded with a status of 404 () @ https://pokeapi.co/api/v2/pokemon-species/10212/:0
[  609089ms] [ERROR] Failed to load resource: the server responded with a status of 404 () @ https://pokeapi.co/api/v2/pokemon-species/10213/:0
[  609090ms] [ERROR] Failed to load resource: the server responded with a status of 404 () @ https://pokeapi.co/api/v2/pokemon-species/10214/:0
[  609090ms] [ERROR] Failed to load resource: the server responded with a status of 404 () @ https://pokeapi.co/api/v2/pokemon-species/10215/:0
[  609111ms] [ERROR] Failed to load resource: the server responded with a status of 404 () @ https://pokeapi.co/api/v2/pokemon-species/10216/:0
[  609119ms] [ERROR] Failed to load resource: the server responded with a status of 404 () @ https://pokeapi.co/api/v2/pokemon-species/10219/:0
[  609120ms] [ERROR] Failed to load resource: the server responded with a status of 404 () @ https://pokeapi.co/api/v2/pokemon-species/10217/:0
[  609120ms] [ERROR] Failed to load resource: the server responded with a status of 404 () @ https://pokeapi.co/api/v2/pokemon-species/10220/:0
[  609120ms] [ERROR] Failed to load resource: the server responded with a status of 404 () @ https://pokeapi.co/api/v2/pokemon-species/10221/:0
[  609121ms] [ERROR] Failed to load resource: the server responded with a status of 404 () @ https://pokeapi.co/api/v2/pokemon-species/10218/:0
[  609122ms] [ERROR] Failed to load resource: the server responded with a status of 404 () @ https://pokeapi.co/api/v2/pokemon-species/10222/:0
[  609123ms] [ERROR] Failed to load resource: the server responded with a status of 404 () @ https://pokeapi.co/api/v2/pokemon-species/10223/:0
[  609123ms] [ERROR] Failed to load resource: the server responded with a status of 404 () @ https://pokeapi.co/api/v2/pokemon-species/10224/:0
[  609123ms] [ERROR] Failed to load resource: the server responded with a status of 404 () @ https://pokeapi.co/api/v2/pokemon-species/10225/:0
[  609124ms] [ERROR] Failed to load resource: the server responded with a status of 404 () @ https://pokeapi.co/api/v2/pokemon-species/10226/:0
[  609124ms] [ERROR] Failed to load resource: the server responded with a status of 404 () @ https://pokeapi.co/api/v2/pokemon-species/10227/:0
[  609124ms] [ERROR] Failed to load resource: the server responded with a status of 404 () @ https://pokeapi.co/api/v2/pokemon-species/10228/:0
[  609124ms] [ERROR] Failed to load resource: the server responded with a status of 404 () @ https://pokeapi.co/api/v2/pokemon-species/10229/:0
[  609124ms] [ERROR] Failed to load resource: the server responded with a status of 404 () @ https://pokeapi.co/api/v2/pokemon-species/10230/:0
[  609124ms] [ERROR] Failed to load resource: the server responded with a status of 404 () @ https://pokeapi.co/api/v2/pokemon-species/10231/:0
[  609125ms] [ERROR] Failed to load resource: the server responded with a status of 404 () @ https://pokeapi.co/api/v2/pokemon-species/10232/:0
[  609125ms] [ERROR] Failed to load resource: the server responded with a status of 404 () @ https://pokeapi.co/api/v2/pokemon-species/10233/:0
[  609125ms] [ERROR] Failed to load resource: the server responded with a status of 404 () @ https://pokeapi.co/api/v2/pokemon-species/10234/:0
[  609125ms] [ERROR] Failed to load resource: the server responded with a status of 404 () @ https://pokeapi.co/api/v2/pokemon-species/10235/:0
[  609149ms] [ERROR] Failed to load resource: the server responded with a status of 404 () @ https://pokeapi.co/api/v2/pokemon-species/10236/:0
[  609151ms] [ERROR] Failed to load resource: the server responded with a status of 404 () @ https://pokeapi.co/api/v2/pokemon-species/10237/:0
[  609154ms] [ERROR] Failed to load resource: the server responded with a status of 404 () @ https://pokeapi.co/api/v2/pokemon-species/10239/:0
[  609156ms] [ERROR] Failed to load resource: the server responded with a status of 404 () @ https://pokeapi.co/api/v2/pokemon-species/10238/:0
[  609157ms] [ERROR] Failed to load resource: the server responded with a status of 404 () @ https://pokeapi.co/api/v2/pokemon-species/10240/:0
[  609159ms] [ERROR] Failed to load resource: the server responded with a status of 404 () @ https://pokeapi.co/api/v2/pokemon-species/10241/:0
[  609160ms] [ERROR] Failed to load resource: the server responded with a status of 404 () @ https://pokeapi.co/api/v2/pokemon-species/10242/:0
[  609160ms] [ERROR] Failed to load resource: the server responded with a status of 404 () @ https://pokeapi.co/api/v2/pokemon-species/10243/:0
[  609160ms] [ERROR] Failed to load resource: the server responded with a status of 404 () @ https://pokeapi.co/api/v2/pokemon-species/10244/:0
[  609160ms] [ERROR] Failed to load resource: the server responded with a status of 404 () @ https://pokeapi.co/api/v2/pokemon-species/10245/:0
[  609160ms] [ERROR] Failed to load resource: the server responded with a status of 404 () @ https://pokeapi.co/api/v2/pokemon-species/10246/:0
[  609160ms] [ERROR] Failed to load resource: the server responded with a status of 404 () @ https://pokeapi.co/api/v2/pokemon-species/10247/:0
[  609161ms] [ERROR] Failed to load resource: the server responded with a status of 404 () @ https://pokeapi.co/api/v2/pokemon-species/10248/:0
[  609161ms] [ERROR] Failed to load resource: the server responded with a status of 404 () @ https://pokeapi.co/api/v2/pokemon-species/10249/:0
[  609161ms] [ERROR] Failed to load resource: the server responded with a status of 404 () @ https://pokeapi.co/api/v2/pokemon-species/10250/:0
[  609161ms] [ERROR] Failed to load resource: the server responded with a status of 404 () @ https://pokeapi.co/api/v2/pokemon-species/10251/:0
[  609161ms] [ERROR] Failed to load resource: the server responded with a status of 404 () @ https://pokeapi.co/api/v2/pokemon-species/10252/:0
[  609161ms] [ERROR] Failed to load resource: the server responded with a status of 404 () @ https://pokeapi.co/api/v2/pokemon-species/10253/:0
[  609162ms] [ERROR] Failed to load resource: the server responded with a status of 404 () @ https://pokeapi.co/api/v2/pokemon-species/10254/:0
[  609162ms] [ERROR] Failed to load resource: the server responded with a status of 404 () @ https://pokeapi.co/api/v2/pokemon-species/10255/:0
[  609186ms] [ERROR] Failed to load resource: the server responded with a status of 404 () @ https://pokeapi.co/api/v2/pokemon-species/10256/:0
[  609187ms] [ERROR] Failed to load resource: the server responded with a status of 404 () @ https://pokeapi.co/api/v2/pokemon-species/10257/:0
[  609189ms] [ERROR] Failed to load resource: the server responded with a status of 404 () @ https://pokeapi.co/api/v2/pokemon-species/10259/:0
[  609191ms] [ERROR] Failed to load resource: the server responded with a status of 404 () @ https://pokeapi.co/api/v2/pokemon-species/10260/:0
[  609192ms] [ERROR] Failed to load resource: the server responded with a status of 404 () @ https://pokeapi.co/api/v2/pokemon-species/10258/:0
[  609193ms] [ERROR] Failed to load resource: the server responded with a status of 404 () @ https://pokeapi.co/api/v2/pokemon-species/10261/:0
[  609194ms] [ERROR] Failed to load resource: the server responded with a status of 404 () @ https://pokeapi.co/api/v2/pokemon-species/10262/:0
[  609195ms] [ERROR] Failed to load resource: the server responded with a status of 404 () @ https://pokeapi.co/api/v2/pokemon-species/10263/:0
[  609196ms] [ERROR] Failed to load resource: the server responded with a status of 404 () @ https://pokeapi.co/api/v2/pokemon-species/10264/:0
[  609197ms] [ERROR] Failed to load resource: the server responded with a status of 404 () @ https://pokeapi.co/api/v2/pokemon-species/10265/:0
[  609197ms] [ERROR] Failed to load resource: the server responded with a status of 404 () @ https://pokeapi.co/api/v2/pokemon-species/10266/:0
[  609197ms] [ERROR] Failed to load resource: the server responded with a status of 404 () @ https://pokeapi.co/api/v2/pokemon-species/10267/:0
[  609198ms] [ERROR] Failed to load resource: the server responded with a status of 404 () @ https://pokeapi.co/api/v2/pokemon-species/10268/:0
[  609198ms] [ERROR] Failed to load resource: the server responded with a status of 404 () @ https://pokeapi.co/api/v2/pokemon-species/10269/:0
[  609198ms] [ERROR] Failed to load resource: the server responded with a status of 404 () @ https://pokeapi.co/api/v2/pokemon-species/10270/:0
[  609198ms] [ERROR] Failed to load resource: the server responded with a status of 404 () @ https://pokeapi.co/api/v2/pokemon-species/10271/:0
[  609198ms] [ERROR] Failed to load resource: the server responded with a status of 404 () @ https://pokeapi.co/api/v2/pokemon-species/10272/:0
[  609198ms] [ERROR] Failed to load resource: the server responded with a status of 404 () @ https://pokeapi.co/api/v2/pokemon-species/10273/:0
[  609199ms] [ERROR] Failed to load resource: the server responded with a status of 404 () @ https://pokeapi.co/api/v2/pokemon-species/10274/:0
[  609199ms] [ERROR] Failed to load resource: the server responded with a status of 404 () @ https://pokeapi.co/api/v2/pokemon-species/10275/:0
[  609221ms] [ERROR] Failed to load resource: the server responded with a status of 404 () @ https://pokeapi.co/api/v2/pokemon-species/10276/:0
[  609223ms] [ERROR] Failed to load resource: the server responded with a status of 404 () @ https://pokeapi.co/api/v2/pokemon-species/10277/:0
[  609225ms] [ERROR] Failed to load resource: the server responded with a status of 404 () @ https://pokeapi.co/api/v2/pokemon-species/10280/:0
[  609227ms] [ERROR] Failed to load resource: the server responded with a status of 404 () @ https://pokeapi.co/api/v2/pokemon-species/10281/:0
[  609227ms] [ERROR] Failed to load resource: the server responded with a status of 404 () @ https://pokeapi.co/api/v2/pokemon-species/10278/:0
[  609228ms] [ERROR] Failed to load resource: the server responded with a status of 404 () @ https://pokeapi.co/api/v2/pokemon-species/10279/:0
[  609228ms] [ERROR] Failed to load resource: the server responded with a status of 404 () @ https://pokeapi.co/api/v2/pokemon-species/10282/:0
[  609230ms] [ERROR] Failed to load resource: the server responded with a status of 404 () @ https://pokeapi.co/api/v2/pokemon-species/10283/:0
[  609230ms] [ERROR] Failed to load resource: the server responded with a status of 404 () @ https://pokeapi.co/api/v2/pokemon-species/10284/:0
[  609230ms] [ERROR] Failed to load resource: the server responded with a status of 404 () @ https://pokeapi.co/api/v2/pokemon-species/10285/:0
[  609231ms] [ERROR] Failed to load resource: the server responded with a status of 404 () @ https://pokeapi.co/api/v2/pokemon-species/10286/:0
[  609231ms] [ERROR] Failed to load resource: the server responded with a status of 404 () @ https://pokeapi.co/api/v2/pokemon-species/10287/:0
[  609231ms] [ERROR] Failed to load resource: the server responded with a status of 404 () @ https://pokeapi.co/api/v2/pokemon-species/10288/:0
[  609231ms] [ERROR] Failed to load resource: the server responded with a status of 404 () @ https://pokeapi.co/api/v2/pokemon-species/10289/:0
[  609232ms] [ERROR] Failed to load resource: the server responded with a status of 404 () @ https://pokeapi.co/api/v2/pokemon-species/10290/:0
[  609232ms] [ERROR] Failed to load resource: the server responded with a status of 404 () @ https://pokeapi.co/api/v2/pokemon-species/10291/:0
[  609232ms] [ERROR] Failed to load resource: the server responded with a status of 404 () @ https://pokeapi.co/api/v2/pokemon-species/10292/:0
[  609232ms] [ERROR] Failed to load resource: the server responded with a status of 404 () @ https://pokeapi.co/api/v2/pokemon-species/10293/:0
[  609232ms] [ERROR] Failed to load resource: the server responded with a status of 404 () @ https://pokeapi.co/api/v2/pokemon-species/10294/:0
[  609233ms] [ERROR] Failed to load resource: the server responded with a status of 404 () @ https://pokeapi.co/api/v2/pokemon-species/10295/:0
[  609254ms] [ERROR] Failed to load resource: the server responded with a status of 404 () @ https://pokeapi.co/api/v2/pokemon-species/10296/:0
[  609257ms] [ERROR] Failed to load resource: the server responded with a status of 404 () @ https://pokeapi.co/api/v2/pokemon-species/10298/:0
[  609258ms] [ERROR] Failed to load resource: the server responded with a status of 404 () @ https://pokeapi.co/api/v2/pokemon-species/10297/:0
[  609262ms] [ERROR] Failed to load resource: the server responded with a status of 404 () @ https://pokeapi.co/api/v2/pokemon-species/10299/:0
[  609263ms] [ERROR] Failed to load resource: the server responded with a status of 404 () @ https://pokeapi.co/api/v2/pokemon-species/10300/:0
[  609264ms] [ERROR] Failed to load resource: the server responded with a status of 404 () @ https://pokeapi.co/api/v2/pokemon-species/10301/:0
[  609264ms] [ERROR] Failed to load resource: the server responded with a status of 404 () @ https://pokeapi.co/api/v2/pokemon-species/10302/:0
[  609264ms] [ERROR] Failed to load resource: the server responded with a status of 404 () @ https://pokeapi.co/api/v2/pokemon-species/10303/:0
[  609265ms] [ERROR] Failed to load resource: the server responded with a status of 404 () @ https://pokeapi.co/api/v2/pokemon-species/10304/:0
[  609265ms] [ERROR] Failed to load resource: the server responded with a status of 404 () @ https://pokeapi.co/api/v2/pokemon-species/10305/:0
[  609265ms] [ERROR] Failed to load resource: the server responded with a status of 404 () @ https://pokeapi.co/api/v2/pokemon-species/10306/:0
[  609265ms] [ERROR] Failed to load resource: the server responded with a status of 404 () @ https://pokeapi.co/api/v2/pokemon-species/10307/:0
[  609265ms] [ERROR] Failed to load resource: the server responded with a status of 404 () @ https://pokeapi.co/api/v2/pokemon-species/10308/:0
[  609266ms] [ERROR] Failed to load resource: the server responded with a status of 404 () @ https://pokeapi.co/api/v2/pokemon-species/10309/:0
[  609266ms] [ERROR] Failed to load resource: the server responded with a status of 404 () @ https://pokeapi.co/api/v2/pokemon-species/10310/:0
[  609266ms] [ERROR] Failed to load resource: the server responded with a status of 404 () @ https://pokeapi.co/api/v2/pokemon-species/10311/:0
[  609266ms] [ERROR] Failed to load resource: the server responded with a status of 404 () @ https://pokeapi.co/api/v2/pokemon-species/10312/:0
[  609266ms] [ERROR] Failed to load resource: the server responded with a status of 404 () @ https://pokeapi.co/api/v2/pokemon-species/10313/:0
[  609266ms] [ERROR] Failed to load resource: the server responded with a status of 404 () @ https://pokeapi.co/api/v2/pokemon-species/10314/:0
[  609267ms] [ERROR] Failed to load resource: the server responded with a status of 404 () @ https://pokeapi.co/api/v2/pokemon-species/10315/:0
[  609281ms] [ERROR] Failed to load resource: the server responded with a status of 404 () @ https://pokeapi.co/api/v2/pokemon-species/10316/:0
[  609285ms] [ERROR] Failed to load resource: the server responded with a status of 404 () @ https://pokeapi.co/api/v2/pokemon-species/10317/:0
[  609286ms] [ERROR] Failed to load resource: the server responded with a status of 404 () @ https://pokeapi.co/api/v2/pokemon-species/10318/:0
[  609287ms] [ERROR] Failed to load resource: the server responded with a status of 404 () @ https://pokeapi.co/api/v2/pokemon-species/10319/:0
[  609287ms] [ERROR] Failed to load resource: the server responded with a status of 404 () @ https://pokeapi.co/api/v2/pokemon-species/10320/:0
[  609287ms] [ERROR] Failed to load resource: the server responded with a status of 404 () @ https://pokeapi.co/api/v2/pokemon-species/10321/:0
[  609288ms] [ERROR] Failed to load resource: the server responded with a status of 404 () @ https://pokeapi.co/api/v2/pokemon-species/10322/:0
[  609288ms] [ERROR] Failed to load resource: the server responded with a status of 404 () @ https://pokeapi.co/api/v2/pokemon-species/10323/:0
[  609288ms] [ERROR] Failed to load resource: the server responded with a status of 404 () @ https://pokeapi.co/api/v2/pokemon-species/10324/:0
[  609288ms] [ERROR] Failed to load resource: the server responded with a status of 404 () @ https://pokeapi.co/api/v2/pokemon-species/10325/:0
